tcgPlayerId,name,setName,setId,unopenedPrice,lastScrapedAt
"704149","30th Celebration ex Tin [Sylveon ex]","ME: 30th Celebration","24722",107.39,"2026-08-18T12:16:57.051Z"
"709037","30th Celebration ex Box Case","ME: 30th Celebration","24722",459.93,"2026-08-18T12:16:57.051Z"
"704191","30th Celebration Ultra-Premium Collection [Night]","ME: 30th Celebration","24722",531.1,"2026-08-18T12:16:57.051Z"
"704190","30th Celebration Ultra-Premium Collection [Day]","ME: 30th Celebration","24722",404.37,"2026-08-18T12:16:57.051Z"
"709029","30th Celebration Ultra-Premium Collection Case","ME: 30th Celebration","24722",2234.48,"2026-08-18T12:16:57.051Z"
"704150","30th Celebration Tin [Greninja ex]","ME: 30th Celebration","24722",83.77,"2026-08-18T12:16:57.051Z"
"704147","30th Celebration Tech Sticker Collection [Set of 2]","ME: 30th Celebration","24722",99.74,"2026-08-18T12:16:57.051Z"
"704146","30th Celebration Tech Sticker Collection [Lucario]","ME: 30th Celebration","24722",59.04,"2026-08-18T12:16:57.051Z"
"704145","30th Celebration Tech Sticker Collection [Alolan Exeggutor]","ME: 30th Celebration","24722",56.95,"2026-08-18T12:16:57.051Z"
"704155","30th Celebration Sylveon ex Box","ME: 30th Celebration","24722",84.85,"2026-08-18T12:16:57.051Z"
"704153","30th Celebration Poster Collection","ME: 30th Celebration","24722",65.04,"2026-08-18T12:16:57.051Z"
"704144","30th Celebration Pokemon Center Elite Trainer Box","ME: 30th Celebration","24722",482.84,"2026-08-18T12:16:57.051Z"
"696613","30th Celebration Pack","ME: 30th Celebration","24722",16.47,"2026-08-18T12:16:57.051Z"
"704181","30th Celebration Mini Tin [Zapdos]","ME: 30th Celebration","24722",80.35,"2026-08-18T12:16:57.051Z"
"704182","30th Celebration Mini Tin [Umbreon]","ME: 30th Celebration","24722",85.03,"2026-08-18T12:16:57.051Z"
"704184","30th Celebration Mini Tin [Night Pikachu]","ME: 30th Celebration","24722",72.44,"2026-08-18T12:16:57.051Z"
"704180","30th Celebration Mini Tin [Moltres]","ME: 30th Celebration","24722",73.66,"2026-08-18T12:16:57.051Z"
"704183","30th Celebration Mini Tin [Mewtwo]","ME: 30th Celebration","24722",78.04,"2026-08-18T12:16:57.051Z"
"704178","30th Celebration Mini Tin [Mew]","ME: 30th Celebration","24722",77.59,"2026-08-18T12:16:57.051Z"
"704179","30th Celebration Mini Tin [Lapras]","ME: 30th Celebration","24722",71.06,"2026-08-18T12:16:57.051Z"
"704185","30th Celebration Mini Tin [Greninja]","ME: 30th Celebration","24722",69.74,"2026-08-18T12:16:57.051Z"
"704176","30th Celebration Mini Tin [Espeon]","ME: 30th Celebration","24722",85.13,"2026-08-18T12:16:57.051Z"
"704177","30th Celebration Mini Tin [Day Pikachu]","ME: 30th Celebration","24722",88.07,"2026-08-18T12:16:57.051Z"
"709030","30th Celebration Mini Tin Display Case","ME: 30th Celebration","24722",1999.99,"2026-08-18T12:16:57.051Z"
"704186","30th Celebration Mini Tin Display","ME: 30th Celebration","24722",387.04,"2026-08-18T12:16:57.051Z"
"709035","30th Celebration Knock Out Collection Case","ME: 30th Celebration","24722",989.99,"2026-08-18T12:16:57.051Z"
"704152","30th Celebration Knock Out Collection","ME: 30th Celebration","24722",30.06,"2026-08-18T12:16:57.051Z"
"704168","30th Celebration Greninja ex Box","ME: 30th Celebration","24722",63.02,"2026-08-18T12:16:57.051Z"
"704194","30th Celebration Figure Collection [Mewtwo]","ME: 30th Celebration","24722",99.02,"2026-08-18T12:16:57.051Z"
"704193","30th Celebration Figure Collection [Mew]","ME: 30th Celebration","24722",127.28,"2026-08-18T12:16:57.051Z"
"709036","30th Celebration Elite Trainer Box Case","ME: 30th Celebration","24722",1854.68,"2026-08-18T12:16:57.051Z"
"704143","30th Celebration Elite Trainer Box","ME: 30th Celebration","24722",189.13,"2026-08-18T12:16:57.051Z"
"704189","30th Celebration Ditto Premium Collection","ME: 30th Celebration","24722",208.27,"2026-08-18T12:16:57.051Z"
"704192","30th Celebration Classic Collection Pack","ME: 30th Celebration","24722",244.87,"2026-08-18T12:16:57.051Z"
"709017","30th Celebration Booster Bundle Case","ME: 30th Celebration","24722",2399.95,"2026-08-18T12:16:57.051Z"
"704171","30th Celebration Booster Bundle","ME: 30th Celebration","24722",92.01,"2026-08-18T12:16:57.051Z"
"709032","30th Celebration Binder Collection Case","ME: 30th Celebration","24722",469,"2026-08-18T12:16:57.051Z"
"704169","30th Celebration Binder Collection","ME: 30th Celebration","24722",64.62,"2026-08-18T12:16:57.051Z"
"704188","30th Celebration Battle Deck [Umbreon ex]","ME: 30th Celebration","24722",35.08,"2026-08-18T12:16:57.051Z"
"704187","30th Celebration Battle Deck [Espeon ex]","ME: 30th Celebration","24722",41.74,"2026-08-18T12:16:57.051Z"
"704148","30th Celebration 2-Pack Blister","ME: 30th Celebration","24722",55.31,"2026-08-18T12:16:57.051Z"
"692958","Pitch Black Sleeved Booster Pack Art Bundle [Set of 4]","ME05: Pitch Black","24688",27.83,"2026-08-18T12:16:57.102Z"
"692957","Pitch Black Sleeved Booster Pack","ME05: Pitch Black","24688",7.31,"2026-08-18T12:16:57.102Z"
"692956","Pitch Black Sleeved Booster Case","ME05: Pitch Black","24688",923.34,"2026-08-18T12:16:57.102Z"
"692955","Pitch Black Single Pack Blister [Slowpoke]","ME05: Pitch Black","24688",9.01,"2026-08-18T12:16:57.102Z"
"692953","Pitch Black Premium Checklane Blister [Tyrunt, Tyrantrum] (Target Exclusive)","ME05: Pitch Black","24688",18.85,"2026-08-18T12:16:57.102Z"
"692952","Pitch Black Premium Checklane Blister [Luxray Line]","ME05: Pitch Black","24688",18.18,"2026-08-18T12:16:57.102Z"
"692951","Pitch Black Premium Checklane Blister [Gengar Line]","ME05: Pitch Black","24688",21.25,"2026-08-18T12:16:57.102Z"
"692954","Pitch Black Premium Checklane Blister [Amaura, Aurorus] (Target Exclusive)","ME05: Pitch Black","24688",17.59,"2026-08-18T12:16:57.102Z"
"692950","Pitch Black Pokemon Center Elite Trainer Box Case (Exclusive)","ME05: Pitch Black","24688",394.9825,"2026-07-17T20:56:06.108Z"
"692949","Pitch Black Pokemon Center Elite Trainer Box (Exclusive)","ME05: Pitch Black","24688",122.46,"2026-08-18T12:16:57.102Z"
"692940","Pitch Black Half Booster Boxes","ME05: Pitch Black","24688",8.99,"2026-07-23T12:21:27.727Z"
"692948","Pitch Black Elite Trainer Box Case","ME05: Pitch Black","24688",679.85,"2026-08-18T12:16:57.102Z"
"692947","Pitch Black Elite Trainer Box","ME05: Pitch Black","24688",72.29,"2026-08-18T12:16:57.102Z"
"693586","Pitch Black Build & Battle Box Display","ME05: Pitch Black","24688",395.88,"2026-08-18T12:16:57.102Z"
"692946","Pitch Black Build & Battle Box","ME05: Pitch Black","24688",38.28,"2026-08-18T12:16:57.102Z"
"692945","Pitch Black Booster Pack Art Bundle [Set of 4]","ME05: Pitch Black","24688",30.68,"2026-08-18T12:16:57.102Z"
"692944","Pitch Black Booster Pack","ME05: Pitch Black","24688",6.05,"2026-08-18T12:16:57.102Z"
"692943","Pitch Black Booster Bundle Case","ME05: Pitch Black","24688",809.12,"2026-08-18T12:16:57.102Z"
"692942","Pitch Black Booster Bundle","ME05: Pitch Black","24688",38.15,"2026-08-18T12:16:57.102Z"
"692941","Pitch Black Booster Box Case","ME05: Pitch Black","24688",993.85,"2026-08-18T12:16:57.102Z"
"692939","Pitch Black Booster Box","ME05: Pitch Black","24688",179.59,"2026-08-18T12:16:57.102Z"
"692938","Pitch Black 3-Pack Blister [Binacle]","ME05: Pitch Black","24688",22.97,"2026-08-18T12:16:57.102Z"
"693589","Pitch Black 3-Pack Blister Case","ME05: Pitch Black","24688",636.23,"2026-08-18T12:16:57.102Z"
"684449","Chaos Rising Sleeved Booster Pack Art Bundle [Set of 4]","ME04: Chaos Rising","24655",27.92,"2026-08-18T12:16:57.104Z"
"684448","Chaos Rising Sleeved Booster Pack","ME04: Chaos Rising","24655",7.12,"2026-08-18T12:16:57.104Z"
"690684","Chaos Rising Sleeved Booster Case","ME04: Chaos Rising","24655",1007.69,"2026-08-18T12:16:57.104Z"
"696144","Chaos Rising Single Pack Blister [Zacian/Mimikyu]","ME04: Chaos Rising","24655",25.03,"2026-08-18T12:16:57.104Z"
"684457","Chaos Rising Single Pack Blister [Toxel]","ME04: Chaos Rising","24655",7.58,"2026-08-18T12:16:57.104Z"
"696150","Chaos Rising Single Pack Blister [Reshiram/Moltres]","ME04: Chaos Rising","24655",25.75,"2026-08-18T12:16:57.104Z"
"684459","Chaos Rising Premium Checklane Blister [Pawmot Line]","ME04: Chaos Rising","24655",15.57,"2026-08-18T12:16:57.104Z"
"684460","Chaos Rising Premium Checklane Blister [Flygon Line]","ME04: Chaos Rising","24655",16.51,"2026-08-18T12:16:57.104Z"
"684453","Chaos Rising Pokemon Center Elite Trainer Box Case","ME04: Chaos Rising","24655",840,"2026-06-20T04:16:43.428Z"
"684452","Chaos Rising Pokemon Center Elite Trainer Box","ME04: Chaos Rising","24655",138.69,"2026-08-18T12:16:57.104Z"
"684451","Chaos Rising Elite Trainer Box Case","ME04: Chaos Rising","24655",725.8,"2026-08-18T12:16:57.104Z"
"684450","Chaos Rising Elite Trainer Box","ME04: Chaos Rising","24655",69.94,"2026-08-18T12:16:57.104Z"
"684455","Chaos Rising Build & Battle Display","ME04: Chaos Rising","24655",342.21,"2026-08-18T12:16:57.104Z"
"684454","Chaos Rising Build & Battle Box","ME04: Chaos Rising","24655",43,"2026-08-18T12:16:57.104Z"
"684447","Chaos Rising Booster Pack Art Bundle [Set of 4]","ME04: Chaos Rising","24655",26.41,"2026-08-18T12:16:57.104Z"
"684446","Chaos Rising Booster Pack","ME04: Chaos Rising","24655",5.79,"2026-08-18T12:16:57.104Z"
"688949","Chaos Rising Booster Bundle Case","ME04: Chaos Rising","24655",928.4,"2026-08-18T12:16:57.104Z"
"684456","Chaos Rising Booster Bundle","ME04: Chaos Rising","24655",37.35,"2026-08-18T12:16:57.104Z"
"684445","Chaos Rising Booster Box Case","ME04: Chaos Rising","24655",1034.77,"2026-08-18T12:16:57.104Z"
"684444","Chaos Rising Booster Box","ME04: Chaos Rising","24655",188.94,"2026-08-18T12:16:57.104Z"
"684458","Chaos Rising 3-Pack Blister [Charmeleon]","ME04: Chaos Rising","24655",20.98,"2026-08-18T12:16:57.104Z"
"695118","Chaos Rising 3-Pack Blister Case","ME04: Chaos Rising","24655",599.93,"2026-08-18T12:16:57.104Z"
"695402","First Partner Illustration Collection Case (Series 3)","First Partner Collection 2026","24584",212.57,"2026-08-18T12:16:57.105Z"
"688716","First Partner Illustration Collection Case (Series 2)","First Partner Collection 2026","24584",204.51,"2026-08-18T12:16:57.105Z"
"673439","First Partner Illustration Collection Case (Series 1)","First Partner Collection 2026","24584",403.15,"2026-08-18T12:16:57.105Z"
"695400","First Partner Illustration Collection (Series 3)","First Partner Collection 2026","24584",33.71,"2026-08-18T12:16:57.105Z"
"688712","First Partner Illustration Collection (Series 2)","First Partner Collection 2026","24584",30.24,"2026-08-18T12:16:57.105Z"
"673436","First Partner Illustration Collection (Series 1)","First Partner Collection 2026","24584",65.18,"2026-08-18T12:16:57.105Z"
"701485","First Partner Collection 2026 Series 3 Booster Pack","First Partner Collection 2026","24584",36.71,"2026-08-18T12:16:57.105Z"
"701484","First Partner Collection 2026 Series 2 Booster Pack","First Partner Collection 2026","24584",23.4,"2026-08-18T12:16:57.105Z"
"694977","First Partner Collection 2026 Series 1 Booster Pack","First Partner Collection 2026","24584",48.02,"2026-08-18T12:16:57.105Z"
"672413","Perfect Order Sleeved Booster Pack Art Bundle [Set of 4]","ME03: Perfect Order","24587",29.57,"2026-08-18T12:16:57.107Z"
"672412","Perfect Order Sleeved Booster Pack","ME03: Perfect Order","24587",7.35,"2026-08-18T12:16:57.107Z"
"672411","Perfect Order Sleeved Booster Case","ME03: Perfect Order","24587",905.19,"2026-08-18T12:16:57.107Z"
"672410","Perfect Order Single Pack Blister [Makuhita]","ME03: Perfect Order","24587",8,"2026-08-18T12:16:57.107Z"
"672408","Perfect Order Premium Checklane Blister [Steelix Line]","ME03: Perfect Order","24587",14.91,"2026-08-18T12:16:57.107Z"
"672406","Perfect Order Premium Checklane Blister [Meganium Line]","ME03: Perfect Order","24587",17.86,"2026-08-18T12:16:57.107Z"
"672409","Perfect Order Premium Checklane Blister [Clawitzer Line]","ME03: Perfect Order","24587",14.86,"2026-08-18T12:16:57.107Z"
"672407","Perfect Order Premium Checklane Blister [Cinderace Line]","ME03: Perfect Order","24587",16.21,"2026-08-18T12:16:57.107Z"
"672404","Perfect Order Pokemon Center Elite Trainer Box","ME03: Perfect Order","24587",120.48,"2026-08-18T12:16:57.107Z"
"672402","Perfect Order Elite Trainer Box Case","ME03: Perfect Order","24587",658.22,"2026-08-18T12:16:57.107Z"
"672401","Perfect Order Elite Trainer Box","ME03: Perfect Order","24587",70.27,"2026-08-18T12:16:57.107Z"
"690172","Perfect Order Build & Battle Box Display","ME03: Perfect Order","24587",314.87,"2026-08-18T12:16:57.107Z"
"672400","Perfect Order Build & Battle Box","ME03: Perfect Order","24587",38.57,"2026-08-18T12:16:57.107Z"
"672399","Perfect Order Booster Pack Art Bundle [Set of 4]","ME03: Perfect Order","24587",26.88,"2026-08-18T12:16:57.107Z"
"672398","Perfect Order Booster Pack","ME03: Perfect Order","24587",5.63,"2026-08-18T12:16:57.107Z"
"672397","Perfect Order Booster Bundle Case","ME03: Perfect Order","24587",918.86,"2026-08-18T12:16:57.107Z"
"672396","Perfect Order Booster Bundle","ME03: Perfect Order","24587",40.23,"2026-08-18T12:16:57.107Z"
"672395","Perfect Order Booster Box Case","ME03: Perfect Order","24587",1004.5,"2026-08-18T12:16:57.107Z"
"672394","Perfect Order Booster Box","ME03: Perfect Order","24587",173.24,"2026-08-18T12:16:57.107Z"
"672393","Perfect Order 3 Pack Blister [Chikorita]","ME03: Perfect Order","24587",20.42,"2026-08-18T12:16:57.107Z"
"668536","Premium Poster Collection: Mega Lucario","ME: Ascended Heroes","24541",157.97,"2026-08-18T12:16:57.100Z"
"668537","Premium Poster Collection: Mega Gardevoir","ME: Ascended Heroes","24541",144.64,"2026-08-18T12:16:57.100Z"
"685000","Premium Poster Collection Case","ME: Ascended Heroes","24541",976.25,"2026-08-18T12:16:57.100Z"
"681333","Mega Evolution: Ascended Heroes Tech Sticker Collection Case","ME: Ascended Heroes","24541",634.33,"2026-08-18T12:16:57.100Z"
"666909","Mega Evolution: Ascended Heroes Tech Sticker Collection - Gastly","ME: Ascended Heroes","24541",45.36,"2026-08-18T12:16:57.100Z"
"666908","Mega Evolution: Ascended Heroes Tech Sticker Collection - Charmander","ME: Ascended Heroes","24541",46.42,"2026-08-18T12:16:57.100Z"
"685195","Mega Evolution: Ascended Heroes Collection case","ME: Ascended Heroes","24541",697.27,"2026-08-18T12:16:57.100Z"
"691923","Mega Evolution: Ascended Heroes Collection [Set of 2]","ME: Ascended Heroes","24541",60.47,"2026-08-18T12:16:57.100Z"
"666907","Mega Evolution: Ascended Heroes Collection - Larry (3-Tab)","ME: Ascended Heroes","24541",28.87,"2026-08-18T12:16:57.100Z"
"709097","Mega Evolution: Ascended Heroes Collection - Larry (1-Tab)","ME: Ascended Heroes","24541",23.92,"2026-08-18T12:16:57.100Z"
"666906","Mega Evolution: Ascended Heroes Collection - Erika (3-Tab)","ME: Ascended Heroes","24541",31.05,"2026-08-18T12:16:57.100Z"
"709095","Mega Evolution: Ascended Heroes Collection - Erika (1-Tab)","ME: Ascended Heroes","24541",24.9,"2026-08-18T12:16:57.100Z"
"692541","Costco Ascended Heroes Mega ex Box Bundle","ME: Ascended Heroes","24541",199.98,"2026-08-18T12:16:57.100Z"
"702500","Ascended Heroes Tin [Set of 3]","ME: Ascended Heroes","24541",224.64,"2026-08-18T12:16:57.100Z"
"702498","Ascended Heroes Tin [Mega Meganium ex]","ME: Ascended Heroes","24541",70.65,"2026-08-18T12:16:57.100Z"
"702497","Ascended Heroes Tin [Mega Feraligatr ex]","ME: Ascended Heroes","24541",69.88,"2026-08-18T12:16:57.100Z"
"702496","Ascended Heroes Tin [Mega Emboar ex]","ME: Ascended Heroes","24541",70.35,"2026-08-18T12:16:57.100Z"
"702501","Ascended Heroes Tin Case","ME: Ascended Heroes","24541",363.89,"2026-08-18T12:16:57.100Z"
"668497","Ascended Heroes Pokemon Center Elite Trainer Box (Exclusive)","ME: Ascended Heroes","24541",424.44,"2026-08-18T12:16:57.100Z"
"668530","Ascended Heroes Mini Tins 5-Pack","ME: Ascended Heroes","24541",166.43,"2026-08-18T12:16:57.100Z"
"668533","Ascended Heroes Mini Tin [Zorua & Cramorant]","ME: Ascended Heroes","24541",30.93,"2026-08-18T12:16:57.100Z"
"668534","Ascended Heroes Mini Tin [Togepi & Totodile]","ME: Ascended Heroes","24541",34.31,"2026-08-18T12:16:57.100Z"
"668532","Ascended Heroes Mini Tin [Riolu & Darumaka]","ME: Ascended Heroes","24541",31.61,"2026-08-18T12:16:57.100Z"
"668531","Ascended Heroes Mini Tin [Pikachu & Tepig]","ME: Ascended Heroes","24541",34.33,"2026-08-18T12:16:57.100Z"
"668535","Ascended Heroes Mini Tin [Clefairy & Chikorita]","ME: Ascended Heroes","24541",35.31,"2026-08-18T12:16:57.100Z"
"689031","Ascended Heroes Mini Tin Display Case","ME: Ascended Heroes","24541",1269.74,"2026-08-18T12:16:57.100Z"
"679556","Ascended Heroes Mini Tin Display","ME: Ascended Heroes","24541",299.84,"2026-08-18T12:16:57.100Z"
"672737","Ascended Heroes Mega ex Boxes Case","ME: Ascended Heroes","24541",362.64,"2026-08-18T12:16:57.100Z"
"672733","Ascended Heroes Mega Meganium ex Box","ME: Ascended Heroes","24541",54.93,"2026-08-18T12:16:57.100Z"
"672735","Ascended Heroes Mega Feraligatr ex Box","ME: Ascended Heroes","24541",57.45,"2026-08-18T12:16:57.100Z"
"672734","Ascended Heroes Mega Emboar ex Box","ME: Ascended Heroes","24541",56.19,"2026-08-18T12:16:57.100Z"
"706959","Ascended Heroes Focused Fighters Premium Collection (Sam's Club)","ME: Ascended Heroes","24541",224.67,"2026-08-18T12:16:57.100Z"
"672392","Ascended Heroes First Partners Deluxe Pin Collection Case","ME: Ascended Heroes","24541",433.15,"2026-08-18T12:16:57.099Z"
"672391","Ascended Heroes First Partners Deluxe Pin Collection","ME: Ascended Heroes","24541",68.13,"2026-08-18T12:16:57.099Z"
"679558","Ascended Heroes Elite Trainer Box Case","ME: Ascended Heroes","24541",1793.63,"2026-08-18T12:16:57.099Z"
"668496","Ascended Heroes Elite Trainer Box","ME: Ascended Heroes","24541",167.64,"2026-08-18T12:16:57.099Z"
"672434","Ascended Heroes Booster Pack","ME: Ascended Heroes","24541",13.57,"2026-08-18T12:16:57.099Z"
"692362","Ascended Heroes Booster Bundle Display","ME: Ascended Heroes","24541",2254.99,"2026-08-18T12:16:57.099Z"
"681339","Ascended Heroes Booster Bundle Case","ME: Ascended Heroes","24541",2182.59,"2026-08-18T12:16:57.099Z"
"668541","Ascended Heroes Booster Bundle","ME: Ascended Heroes","24541",87.46,"2026-08-18T12:16:57.099Z"
"664903","Phantasmal Flames Sleeved Booster Pack Art Bundle [Set of 4]","ME02: Phantasmal Flames","24448",53.58,"2026-08-18T12:16:57.098Z"
"654145","Phantasmal Flames Sleeved Booster Pack","ME02: Phantasmal Flames","24448",12.78,"2026-08-18T12:16:57.098Z"
"655282","Phantasmal Flames Sleeved Booster Case","ME02: Phantasmal Flames","24448",1504.18,"2026-08-18T12:16:57.098Z"
"654150","Phantasmal Flames Single Pack Blister [Whimsicott]","ME02: Phantasmal Flames","24448",13.38,"2026-08-18T12:16:57.098Z"
"654151","Phantasmal Flames Single Pack Blister [Cottonee]","ME02: Phantasmal Flames","24448",13.14,"2026-08-18T12:16:57.098Z"
"654146","Phantasmal Flames Premium Checklane Blister [Hydrapple]","ME02: Phantasmal Flames","24448",31.16,"2026-08-18T12:16:57.098Z"
"672588","Phantasmal Flames Premium Checklane Blister [Ethan's Magcargo]","ME02: Phantasmal Flames","24448",15.84,"2026-08-18T12:16:57.098Z"
"654147","Phantasmal Flames Premium Checklane Blister [Blaziken]","ME02: Phantasmal Flames","24448",30.33,"2026-08-18T12:16:57.098Z"
"668931","Phantasmal Flames Premium Checklane Blister [Arven's Greedent]","ME02: Phantasmal Flames","24448",14.66,"2026-08-18T12:16:57.098Z"
"654135","Phantasmal Flames Pokemon Center Elite Trainer Box (Exclusive)","ME02: Phantasmal Flames","24448",289.39,"2026-08-18T12:16:57.098Z"
"654170","Phantasmal Flames Elite Trainer Box Case","ME02: Phantasmal Flames","24448",1422.68,"2026-08-18T12:16:57.098Z"
"654136","Phantasmal Flames Elite Trainer Box","ME02: Phantasmal Flames","24448",149.92,"2026-08-18T12:16:57.098Z"
"654164","Phantasmal Flames Build & Battle Box Display","ME02: Phantasmal Flames","24448",475.88,"2026-08-18T12:16:57.098Z"
"662725","Phantasmal Flames Build & Battle Box","ME02: Phantasmal Flames","24448",64.25,"2026-08-18T12:16:57.098Z"
"654174","Phantasmal Flames Booster Pack Art Bundle [Set of 4]","ME02: Phantasmal Flames","24448",47.15,"2026-08-18T12:16:57.098Z"
"654144","Phantasmal Flames Booster Pack","ME02: Phantasmal Flames","24448",11.6,"2026-08-18T12:16:57.098Z"
"654162","Phantasmal Flames Booster Bundle Case","ME02: Phantasmal Flames","24448",1550,"2026-08-18T12:16:57.098Z"
"654160","Phantasmal Flames Booster Bundle","ME02: Phantasmal Flames","24448",80.44,"2026-08-18T12:16:57.098Z"
"655281","Phantasmal Flames Booster Box Case","ME02: Phantasmal Flames","24448",2704.47,"2026-08-18T12:16:57.098Z"
"654137","Phantasmal Flames Booster Box","ME02: Phantasmal Flames","24448",382.38,"2026-08-18T12:16:57.098Z"
"654156","Phantasmal Flames 3 Pack Blister [Weavile]","ME02: Phantasmal Flames","24448",41.94,"2026-08-18T12:16:57.098Z"
"654154","Phantasmal Flames 3 Pack Blister [Sneasel]","ME02: Phantasmal Flames","24448",42.36,"2026-08-18T12:16:57.098Z"
"649401","Mega Heroes Mini Tin [Mega Venusaur]","ME01: Mega Evolution","24380",20.93,"2026-08-18T12:16:57.093Z"
"649400","Mega Heroes Mini Tin [Mega Lucario]","ME01: Mega Evolution","24380",22.03,"2026-08-18T12:16:57.093Z"
"649397","Mega Heroes Mini Tin [Mega Latias]","ME01: Mega Evolution","24380",21.21,"2026-08-18T12:16:57.093Z"
"649395","Mega Heroes Mini Tin [Mega Kangaskhan]","ME01: Mega Evolution","24380",19.58,"2026-08-18T12:16:57.093Z"
"649394","Mega Heroes Mini Tin [Mega Gardevoir]","ME01: Mega Evolution","24380",19.27,"2026-08-18T12:16:57.093Z"
"649392","Mega Heroes Mini Tin Display","ME01: Mega Evolution","24380",256.48,"2026-08-18T12:16:57.093Z"
"644355","Mega Evolution Sleeved Booster Pack Art Bundle [Set of 4]","ME01: Mega Evolution","24380",44.24,"2026-08-18T12:16:57.093Z"
"644354","Mega Evolution Sleeved Booster Pack","ME01: Mega Evolution","24380",9.24,"2026-08-18T12:16:57.093Z"
"650766","Mega Evolution Sleeved Booster Case","ME01: Mega Evolution","24380",1216.78,"2026-08-18T12:16:57.093Z"
"657489","Mega Evolution Single Pack Blister [Wailord]","ME01: Mega Evolution","24380",15.24,"2026-08-18T12:16:57.093Z"
"657490","Mega Evolution Single Pack Blister [Lycanroc]","ME01: Mega Evolution","24380",13.66,"2026-08-18T12:16:57.093Z"
"644358","Mega Evolution Single Pack Blister [Drifloon]","ME01: Mega Evolution","24380",13,"2026-08-18T12:16:57.093Z"
"644359","Mega Evolution Single Pack Blister [Drifblim","ME01: Mega Evolution","24380",12.82,"2026-08-18T12:16:57.093Z"
"644360","Mega Evolution Premium Checklane Blister [Tyranitar]","ME01: Mega Evolution","24380",30.38,"2026-08-18T12:16:57.093Z"
"644361","Mega Evolution Premium Checklane Blister [Meowscarada]","ME01: Mega Evolution","24380",26.25,"2026-08-18T12:16:57.093Z"
"644282","Mega Evolution Pokemon Center Elite Trainer Box (Exclusive) [Mega Lucario]","ME01: Mega Evolution","24380",241.67,"2026-08-18T12:16:57.093Z"
"648415","Mega Evolution Pokemon Center Elite Trainer Box (Exclusive) [Mega Gardevoir]","ME01: Mega Evolution","24380",210.93,"2026-08-18T12:16:57.093Z"
"644351","Mega Evolution Half Booster Box","ME01: Mega Evolution","24380",250,"2026-08-18T12:16:57.093Z"
"646173","Mega Evolution Enhanced Booster Case","ME01: Mega Evolution","24380",1846.36,"2026-08-18T12:16:57.093Z"
"644300","Mega Evolution Enhanced Booster Box","ME01: Mega Evolution","24380",307.6,"2026-08-18T12:16:57.093Z"
"648394","Mega Evolution Elite Trainer Box [Mega Lucario]","ME01: Mega Evolution","24380",122.58,"2026-08-18T12:16:57.093Z"
"644279","Mega Evolution Elite Trainer Box [Mega Gardevoir]","ME01: Mega Evolution","24380",113.98,"2026-08-18T12:16:57.093Z"
"644727","Mega Evolution Elite Trainer Box Case","ME01: Mega Evolution","24380",1015.28,"2026-08-18T12:16:57.093Z"
"644733","Mega Evolution Build & Battle Box Display","ME01: Mega Evolution","24380",483.07,"2026-08-18T12:16:57.093Z"
"644363","Mega Evolution Build & Battle Box","ME01: Mega Evolution","24380",60.29,"2026-08-18T12:16:57.093Z"
"657875","Mega Evolution Booster Pack Art Bundle [Set of 4]","ME01: Mega Evolution","24380",35.7,"2026-08-18T12:16:57.093Z"
"644352","Mega Evolution Booster Pack","ME01: Mega Evolution","24380",8.44,"2026-08-18T12:16:57.093Z"
"644730","Mega Evolution Booster Bundle Case","ME01: Mega Evolution","24380",1175.42,"2026-08-18T12:16:57.093Z"
"644362","Mega Evolution Booster Bundle","ME01: Mega Evolution","24380",63.45,"2026-08-18T12:16:57.093Z"
"644731","Mega Evolution Booster Box Case","ME01: Mega Evolution","24380",1818.79,"2026-08-18T12:16:57.093Z"
"644298","Mega Evolution Booster Box","ME01: Mega Evolution","24380",327.06,"2026-08-18T12:16:57.093Z"
"644357","Mega Evolution 3 Pack Blister [Psyduck]","ME01: Mega Evolution","24380",45.24,"2026-08-18T12:16:57.093Z"
"644356","Mega Evolution 3 Pack Blister [Golduck]","ME01: Mega Evolution","24380",32.24,"2026-08-18T12:16:57.093Z"
"649220","Unova Victini Illustration Collection Case","SV: Black Bolt","24325",468.59,"2026-08-18T12:16:57.039Z"
"630615","Unova Victini Illustration Collection","SV: Black Bolt","24325",70.54,"2026-08-18T12:16:57.039Z"
"630613","Unova Poster Collection Case","SV: Black Bolt","24325",239.71,"2026-08-18T12:16:57.039Z"
"630612","Unova Poster Collection","SV: Black Bolt","24325",45.47,"2026-08-18T12:16:57.039Z"
"630441","Unova Mini Tin [Volcarona & Emolga]","SV: Black Bolt","24325",22.6,"2026-08-18T12:16:57.039Z"
"630443","Unova Mini Tin [Mienshao & Klinklang]","SV: Black Bolt","24325",22.8,"2026-08-18T12:16:57.039Z"
"630442","Unova Mini Tin [Lilligant & Whimsicot]","SV: Black Bolt","24325",24.16,"2026-08-18T12:16:57.039Z"
"630440","Unova Mini Tin [Krookodile & Excadrill]","SV: Black Bolt","24325",27.26,"2026-08-18T12:16:57.039Z"
"630438","Unova Mini Tin [Garbodor & Amoonguss]","SV: Black Bolt","24325",24.42,"2026-08-18T12:16:57.039Z"
"630445","Unova Mini Tin [Elektross & Galvantula]","SV: Black Bolt","24325",22.66,"2026-08-18T12:16:57.039Z"
"630439","Unova Mini Tin [Chandelure & Zorua]","SV: Black Bolt","24325",29.51,"2026-08-18T12:16:57.039Z"
"630444","Unova Mini Tin [Alomomola & Axew]","SV: Black Bolt","24325",23.96,"2026-08-18T12:16:57.039Z"
"630447","Unova Mini Tin Display Case","SV: Black Bolt","24325",1043.3,"2026-08-18T12:16:57.039Z"
"630446","Unova Mini Tin Display","SV: Black Bolt","24325",247.22,"2026-08-18T12:16:57.039Z"
"668632","Unova Heavy Hitters Premium Collection","SV: Black Bolt","24325",184.8,"2026-08-18T12:16:57.039Z"
"630614","Black Bolt Tech Sticker Collection","SV: Black Bolt","24325",47.72,"2026-08-18T12:16:57.039Z"
"630687","Black Bolt Pokemon Center Elite Trainer Box (Exclusive)","SV: Black Bolt","24325",280.39,"2026-08-18T12:16:57.039Z"
"630690","Black Bolt Elite Trainer Box Case","SV: Black Bolt","24325",1683.59,"2026-08-18T12:16:57.039Z"
"630686","Black Bolt Elite Trainer Box","SV: Black Bolt","24325",165.32,"2026-08-18T12:16:57.039Z"
"630434","Black Bolt Booster Pack","SV: Black Bolt","24325",14.7,"2026-08-18T12:16:57.039Z"
"630433","Black Bolt Booster Bundle Display","SV: Black Bolt","24325",1659.23,"2026-08-18T12:16:57.039Z"
"630432","Black Bolt Booster Bundle Case","SV: Black Bolt","24325",2514.85,"2026-08-18T12:16:57.039Z"
"630431","Black Bolt Booster Bundle","SV: Black Bolt","24325",97.06,"2026-08-18T12:16:57.039Z"
"630430","Black Bolt Binder Collection","SV: Black Bolt","24325",79.44,"2026-08-18T12:16:57.039Z"
"685926","Black Bolt Binder & Unova Poster Collection (Sam's Club)","SV: Black Bolt","24325",121.75,"2026-08-18T12:16:57.039Z"
"630429","Black Bolt  Binder Collection Case","SV: Black Bolt","24325",341.64,"2026-08-18T12:16:57.039Z"
"630700","White Flare Tech Sticker Collection","SV: White Flare","24326",44.83,"2026-08-18T12:16:57.101Z"
"630688","White Flare Pokemon Center Elite Trainer Box (Exclusive)","SV: White Flare","24326",254.81,"2026-08-18T12:16:57.101Z"
"630693","White Flare Elite Trainer Box Case","SV: White Flare","24326",1422.54,"2026-08-18T12:16:57.101Z"
"630689","White Flare Elite Trainer Box","SV: White Flare","24326",153.41,"2026-08-18T12:16:57.101Z"
"630699","White Flare Booster Pack","SV: White Flare","24326",14.23,"2026-08-18T12:16:57.101Z"
"630698","White Flare Booster Bundle Display","SV: White Flare","24326",1421.19,"2026-08-18T12:16:57.101Z"
"630697","White Flare Booster Bundle Case","SV: White Flare","24326",1891.77,"2026-08-18T12:16:57.101Z"
"630696","White Flare Booster Bundle","SV: White Flare","24326",86.83,"2026-08-18T12:16:57.101Z"
"630695","White Flare Binder Collection","SV: White Flare","24326",72.82,"2026-08-18T12:16:57.101Z"
"685927","White Flare Binder & Unova Poster Collection (Sam's Club)","SV: White Flare","24326",119.69,"2026-08-18T12:16:57.101Z"
"630694","White Flare  Binder Collection Case","SV: White Flare","24326",325,"2026-08-18T12:16:57.101Z"
"635053","Destined Rivals Sleeved Booster Pack Art Bundle [Set of 4]","SV10: Destined Rivals","24269",47.17,"2026-08-18T12:16:57.569Z"
"624684","Destined Rivals Sleeved Booster Pack","SV10: Destined Rivals","24269",11.18,"2026-08-18T12:16:57.569Z"
"628413","Destined Rivals Sleeved Booster Case","SV10: Destined Rivals","24269",1624.82,"2026-08-18T12:16:57.569Z"
"633106","Destined Rivals Single Pack Blister [Zarude]","SV10: Destined Rivals","24269",13.39,"2026-08-18T12:16:57.569Z"
"633105","Destined Rivals Single Pack Blister [Eevee]","SV10: Destined Rivals","24269",18.73,"2026-08-18T12:16:57.569Z"
"625688","Destined Rivals Premium Checklane Blister [Togekiss]","SV10: Destined Rivals","24269",39.66,"2026-08-18T12:16:57.569Z"
"625687","Destined Rivals Premium Checklane Blister [Skeledirge]","SV10: Destined Rivals","24269",42.27,"2026-08-18T12:16:57.569Z"
"628396","Destined Rivals Premium Checklane Blister [Rabsca]","SV10: Destined Rivals","24269",17.08,"2026-08-18T12:16:57.569Z"
"628395","Destined Rivals Premium Checklane Blister [Gastrodon]","SV10: Destined Rivals","24269",18.76,"2026-08-18T12:16:57.569Z"
"624675","Destined Rivals Pokemon Center Elite Trainer Box (Exclusive)","SV10: Destined Rivals","24269",510.1,"2026-08-18T12:16:57.569Z"
"624681","Destined Rivals Half Booster Box","SV10: Destined Rivals","24269",295.82,"2026-08-18T12:16:57.569Z"
"650765","Destined Rivals Fun Pack","SV10: Destined Rivals","24269",5.52,"2026-08-18T12:16:57.569Z"
"628398","Destined Rivals Elite Trainer Box Case","SV10: Destined Rivals","24269",1799.04,"2026-08-18T12:16:57.569Z"
"624676","Destined Rivals Elite Trainer Box","SV10: Destined Rivals","24269",122.92,"2026-08-18T12:16:57.569Z"
"634383","Destined Rivals Build & Battle Box Display","SV10: Destined Rivals","24269",535.51,"2026-08-18T12:16:57.569Z"
"625677","Destined Rivals Build & Battle Box","SV10: Destined Rivals","24269",67.1,"2026-08-18T12:16:57.569Z"
"649711","Destined Rivals Booster Pack Art Bundle [Set of 4]","SV10: Destined Rivals","24269",38.98,"2026-08-18T12:16:57.569Z"
"624683","Destined Rivals Booster Pack","SV10: Destined Rivals","24269",9.02,"2026-08-18T12:16:57.569Z"
"628428","Destined Rivals Booster Bundle Case","SV10: Destined Rivals","24269",1825.23,"2026-08-18T12:16:57.569Z"
"625670","Destined Rivals Booster Bundle","SV10: Destined Rivals","24269",69.1,"2026-08-18T12:16:57.569Z"
"624678","Destined Rivals Booster Box Case","SV10: Destined Rivals","24269",3099.13,"2026-08-18T12:16:57.569Z"
"624679","Destined Rivals Booster Box","SV10: Destined Rivals","24269",438.16,"2026-08-18T12:16:57.569Z"
"625684","Destined Rivals 3 Pack Blister [Zebstrika]","SV10: Destined Rivals","24269",43.27,"2026-08-18T12:16:57.569Z"
"635328","Destined Rivals 3 Pack Blister [Set of 2]","SV10: Destined Rivals","24269",77.74,"2026-08-18T12:16:57.569Z"
"625683","Destined Rivals 3 Pack Blister [Kangaskhan]","SV10: Destined Rivals","24269",48.78,"2026-08-18T12:16:57.569Z"
"626659","Journey Together Sleeved Booster Pack Art Bundle [Set of 4]","SV09: Journey Together","24073",29.82,"2026-08-18T12:16:57.641Z"
"610934","Journey Together Sleeved Booster Pack","SV09: Journey Together","24073",9.19,"2026-08-18T12:16:57.641Z"
"624925","Journey Together Sleeved Booster Case","SV09: Journey Together","24073",1049.84,"2026-08-18T12:16:57.641Z"
"610950","Journey Together Single Pack Blister [Yanma]","SV09: Journey Together","24073",11.03,"2026-08-18T12:16:57.641Z"
"610949","Journey Together Single Pack Blister [Scraggy]","SV09: Journey Together","24073",9.9,"2026-08-18T12:16:57.641Z"
"626630","Journey Together Single Pack Blister [Melmetal]","SV09: Journey Together","24073",23.35,"2026-08-18T12:16:57.641Z"
"626562","Journey Together Single Pack Blister [Archaludon]","SV09: Journey Together","24073",13.32,"2026-08-18T12:16:57.641Z"
"610951","Journey Together Premium Checklane Blister [Rhyperior]","SV09: Journey Together","24073",41.99,"2026-08-18T12:16:57.641Z"
"610952","Journey Together Premium Checklane Blister [Klinklang]","SV09: Journey Together","24073",35.31,"2026-08-18T12:16:57.641Z"
"610929","Journey Together Pokemon Center Elite Trainer Box (Exclusive)","SV09: Journey Together","24073",202.85,"2026-08-18T12:16:57.641Z"
"647762","Journey Together Fun Pack","SV09: Journey Together","24073",3.88,"2026-08-18T12:16:57.641Z"
"625583","Journey Together Enhanced Booster Box Case","SV09: Journey Together","24073",1583.79,"2026-08-18T12:16:57.641Z"
"623628","Journey Together Enhanced Booster Box","SV09: Journey Together","24073",256.83,"2026-08-18T12:16:57.641Z"
"614450","Journey Together Elite Trainer Box Case","SV09: Journey Together","24073",1245.21,"2026-08-18T12:16:57.641Z"
"610930","Journey Together Elite Trainer Box","SV09: Journey Together","24073",129.43,"2026-08-18T12:16:57.641Z"
"629568","Journey Together Build & Battle Box Display","SV09: Journey Together","24073",287.74,"2026-08-18T12:16:57.641Z"
"610954","Journey Together Build & Battle Box","SV09: Journey Together","24073",38.77,"2026-08-18T12:16:57.641Z"
"626660","Journey Together Booster Pack Art Bundle [Set of 4]","SV09: Journey Together","24073",24.97,"2026-08-18T12:16:57.641Z"
"610935","Journey Together Booster Pack","SV09: Journey Together","24073",6.72,"2026-08-18T12:16:57.641Z"
"625584","Journey Together Booster Bundle Case","SV09: Journey Together","24073",939.6,"2026-08-18T12:16:57.641Z"
"610953","Journey Together Booster Bundle","SV09: Journey Together","24073",47.4276,"2026-08-18T12:16:57.641Z"
"614449","Journey Together Booster Box Case","SV09: Journey Together","24073",1811.08,"2026-08-18T12:16:57.641Z"
"610931","Journey Together Booster Box","SV09: Journey Together","24073",300.14,"2026-08-18T12:16:57.641Z"
"610940","Journey Together 3 Pack Blister [Yanmega]","SV09: Journey Together","24073",24.99,"2026-08-18T12:16:57.641Z"
"631972","Journey Together 3 Pack Blister [Set of 2]","SV09: Journey Together","24073",40.95,"2026-08-18T12:16:57.641Z"
"610948","Journey Together 3 Pack Blister [Scrafty]","SV09: Journey Together","24073",26.72,"2026-08-18T12:16:57.641Z"
"615609","McDonald's 2024 Match & Battle Pack","McDonald's Promos 2024","24163",8.97,"2026-08-18T12:16:58.044Z"
"593450","Prismatic Evolutions Tech Sticker Collection [Sylveon]","SV: Prismatic Evolutions","23821",41.66,"2026-08-18T12:16:58.074Z"
"598490","Prismatic Evolutions Tech Sticker Collection [Set of 3]","SV: Prismatic Evolutions","23821",125.1,"2026-08-18T12:16:58.074Z"
"593453","Prismatic Evolutions Tech Sticker Collection [Leafeon]","SV: Prismatic Evolutions","23821",41.03,"2026-08-18T12:16:58.074Z"
"593451","Prismatic Evolutions Tech Sticker Collection [Glaceon]","SV: Prismatic Evolutions","23821",42.8,"2026-08-18T12:16:58.074Z"
"598489","Prismatic Evolutions Tech Sticker Collection Case","SV: Prismatic Evolutions","23821",462.63,"2026-08-18T12:16:58.074Z"
"598470","Prismatic Evolutions Surprise Box Case","SV: Prismatic Evolutions","23821",404.72,"2026-08-18T12:16:58.074Z"
"593466","Prismatic Evolutions Surprise Box","SV: Prismatic Evolutions","23821",68.42,"2026-08-18T12:16:58.074Z"
"638058","Prismatic Evolutions Super-Premium Collection Case","SV: Prismatic Evolutions","23821",1292.8,"2026-08-18T12:16:58.074Z"
"622770","Prismatic Evolutions Super-Premium Collection","SV: Prismatic Evolutions","23821",258.95,"2026-08-18T12:16:58.074Z"
"650804","Prismatic Evolutions Premium Figure Collection Case","SV: Prismatic Evolutions","23821",1321.62,"2026-08-18T12:16:58.074Z"
"650799","Prismatic Evolutions Premium Figure Collection","SV: Prismatic Evolutions","23821",220.39,"2026-08-18T12:16:58.074Z"
"598486","Prismatic Evolutions Poster Collection Case","SV: Prismatic Evolutions","23821",248.29,"2026-08-18T12:16:58.074Z"
"593359","Prismatic Evolutions Poster Collection","SV: Prismatic Evolutions","23821",40.56,"2026-08-18T12:16:58.074Z"
"600697","Prismatic Evolutions Pokemon Center Elite Trainer Box (Exclusive) Case","SV: Prismatic Evolutions","23821",2680.77,"2026-08-18T12:16:58.074Z"
"593324","Prismatic Evolutions Pokemon Center Elite Trainer Box (Exclusive)","SV: Prismatic Evolutions","23821",456.34,"2026-08-18T12:16:58.074Z"
"593455","Prismatic Evolutions Mini Tin [Vaporeon]","SV: Prismatic Evolutions","23821",38.27,"2026-08-18T12:16:58.074Z"
"593459","Prismatic Evolutions Mini Tin [Umbreon]","SV: Prismatic Evolutions","23821",41.31,"2026-08-18T12:16:58.074Z"
"593462","Prismatic Evolutions Mini Tin [Sylveon]","SV: Prismatic Evolutions","23821",40.1,"2026-08-18T12:16:58.074Z"
"593460","Prismatic Evolutions Mini Tin [Leafeon]","SV: Prismatic Evolutions","23821",34.7,"2026-08-18T12:16:58.074Z"
"593456","Prismatic Evolutions Mini Tin [Jolteon]","SV: Prismatic Evolutions","23821",34.15,"2026-08-18T12:16:58.074Z"
"593461","Prismatic Evolutions Mini Tin [Glaceon]","SV: Prismatic Evolutions","23821",35.71,"2026-08-18T12:16:58.074Z"
"593457","Prismatic Evolutions Mini Tin [Flareon]","SV: Prismatic Evolutions","23821",32.37,"2026-08-18T12:16:58.074Z"
"593458","Prismatic Evolutions Mini Tin [Espeon]","SV: Prismatic Evolutions","23821",38.56,"2026-08-18T12:16:58.074Z"
"614356","Prismatic Evolutions Mini Tin Display Case","SV: Prismatic Evolutions","23821",909.31,"2026-08-18T12:16:58.074Z"
"593463","Prismatic Evolutions Mini Tin Display","SV: Prismatic Evolutions","23821",253.74,"2026-08-18T12:16:58.074Z"
"598487","Prismatic Evolutions Elite Trainer Box Case","SV: Prismatic Evolutions","23821",1886.58,"2026-08-18T12:16:58.074Z"
"670607","Prismatic Evolutions Elite Trainer Box (Dollar General Exclusive)","SV: Prismatic Evolutions","23821",200.01,"2026-08-18T12:16:58.074Z"
"593355","Prismatic Evolutions Elite Trainer Box","SV: Prismatic Evolutions","23821",167.12,"2026-08-18T12:16:58.074Z"
"617823","Prismatic Evolutions Booster Pack Art Bundle [Set of 4]","SV: Prismatic Evolutions","23821",59.78,"2026-08-18T12:16:58.074Z"
"593294","Prismatic Evolutions Booster Pack","SV: Prismatic Evolutions","23821",14.94,"2026-08-18T12:16:58.074Z"
"610317","Prismatic Evolutions Booster Bundle Display","SV: Prismatic Evolutions","23821",1715.21,"2026-08-18T12:16:58.074Z"
"615027","Prismatic Evolutions Booster Bundle Case","SV: Prismatic Evolutions","23821",2341.91,"2026-08-18T12:16:58.074Z"
"678555","Prismatic Evolutions Booster Bundle + Surprise Box Bundle (Sam's Club)","SV: Prismatic Evolutions","23821",150.27,"2026-08-18T12:16:58.074Z"
"600518","Prismatic Evolutions Booster Bundle","SV: Prismatic Evolutions","23821",91.27,"2026-08-18T12:16:58.074Z"
"593356","Prismatic Evolutions Binder Collection","SV: Prismatic Evolutions","23821",112.91,"2026-08-18T12:16:58.074Z"
"629828","Prismatic Evolutions Accessory Pouch Special Collection Case","SV: Prismatic Evolutions","23821",311.5,"2026-08-18T12:16:58.074Z"
"606881","Prismatic Evolutions Accessory Pouch Special Collection","SV: Prismatic Evolutions","23821",77.85,"2026-08-18T12:16:58.074Z"
"609716","Prismatic Evolutions 2-Pack Blister [Eevee]","SV: Prismatic Evolutions","23821",37.39,"2026-08-18T12:16:58.074Z"
"620024","Prismatic Evolutions 2-Pack Blister Case","SV: Prismatic Evolutions","23821",830.79,"2026-08-18T12:16:58.074Z"
"598488","Prismatic Evolutions  Binder Collection Case","SV: Prismatic Evolutions","23821",530,"2026-08-18T12:16:58.074Z"
"635011","Prismatic Evolution Booster Bundle Display Case","SV: Prismatic Evolutions","23821",7000,"2026-02-12T09:16:44.388Z"
"557361","Stellar Crown Sleeved Booster Pack Art Bundle [Set of 4]","SV07: Stellar Crown","23537",43.87,"2026-08-18T12:16:58.110Z"
"557352","Stellar Crown Sleeved Booster Pack","SV07: Stellar Crown","23537",10.37,"2026-08-18T12:16:58.110Z"
"559530","Stellar Crown Sleeved Booster Master Carton","SV07: Stellar Crown","23537",1146.4,"2026-08-18T12:16:58.110Z"
"557341","Stellar Crown Single Pack Blister [Porygon2]","SV07: Stellar Crown","23537",11.89,"2026-08-18T12:16:58.110Z"
"557338","Stellar Crown Single Pack Blister [Horsea]","SV07: Stellar Crown","23537",11.8,"2026-08-18T12:16:58.110Z"
"599942","Stellar Crown Premium Checklane Blister [Roaring Moon]","SV07: Stellar Crown","23537",13.67,"2026-08-18T12:16:58.110Z"
"616947","Stellar Crown Premium Checklane Blister [Miraidon]","SV07: Stellar Crown","23537",17.5,"2026-08-18T12:16:58.110Z"
"616948","Stellar Crown Premium Checklane Blister [Koraidon]","SV07: Stellar Crown","23537",20,"2026-08-18T12:16:58.110Z"
"599943","Stellar Crown Premium Checklane Blister [Iron Thorns]","SV07: Stellar Crown","23537",15.42,"2026-08-18T12:16:58.110Z"
"557363","Stellar Crown Pokemon Center Elite Trainer Box (Exclusive) Case","SV07: Stellar Crown","23537",848.24,"2026-08-18T12:16:58.110Z"
"557340","Stellar Crown Pokemon Center Elite Trainer Box (Exclusive)","SV07: Stellar Crown","23537",178.26,"2026-08-18T12:16:58.110Z"
"649420","Stellar Crown Half Booster Box","SV07: Stellar Crown","23537",228.33,"2026-08-18T12:16:58.110Z"
"559102","Stellar Crown Elite Trainer Box Case","SV07: Stellar Crown","23537",1284.98,"2026-08-18T12:16:58.110Z"
"557350","Stellar Crown Elite Trainer Box","SV07: Stellar Crown","23537",160.39,"2026-08-18T12:16:58.110Z"
"557366","Stellar Crown Build & Battle Box [Set of 10]","SV07: Stellar Crown","23537",383.32,"2026-08-18T12:16:58.110Z"
"557330","Stellar Crown Build & Battle Box","SV07: Stellar Crown","23537",49.26,"2026-08-18T12:16:58.110Z"
"557357","Stellar Crown Booster Pack Art Bundle [Set of 4]","SV07: Stellar Crown","23537",44.78,"2026-08-18T12:16:58.110Z"
"557331","Stellar Crown Booster Pack","SV07: Stellar Crown","23537",10.57,"2026-08-18T12:16:58.110Z"
"557345","Stellar Crown Booster Bundle","SV07: Stellar Crown","23537",73.76,"2026-08-18T12:16:58.110Z"
"557365","Stellar Crown Booster Box Case","SV07: Stellar Crown","23537",1725.16,"2026-08-18T12:16:58.110Z"
"557354","Stellar Crown Booster Box","SV07: Stellar Crown","23537",321.36,"2026-08-18T12:16:58.110Z"
"557337","Stellar Crown 3 Pack Blisters [Tinkaton]","SV07: Stellar Crown","23537",36.12,"2026-08-18T12:16:58.110Z"
"557334","Stellar Crown 3 Pack Blisters [Latias]","SV07: Stellar Crown","23537",35.81,"2026-08-18T12:16:58.110Z"
"558714","Trick or Trade BOOster Bundle 2024 Case","Trick or Trade BOOster Bundle 2024","23561",538,"2026-08-18T12:16:58.172Z"
"579930","Trick or Trade BOOster Bundle 2024 - Mini Booster Pack","Trick or Trade BOOster Bundle 2024","23561",2.43,"2026-08-18T12:16:58.172Z"
"566954","Trick or Trade BOOster Bundle 2024 (80 mini packs)","Trick or Trade BOOster Bundle 2024","23561",100.49,"2026-08-18T12:16:58.172Z"
"558713","Trick or Trade BOOster Bundle 2024 (35 mini packs)","Trick or Trade BOOster Bundle 2024","23561",57.55,"2026-08-18T12:16:58.172Z"
"591211","Trick or Trade BOOster Bundle 2024 (120 ct)","Trick or Trade BOOster Bundle 2024","23561",151.88,"2026-08-18T12:16:58.172Z"
"553075","Shrouded Fable Special Illustration Collection Case","SV: Shrouded Fable","23529",1027.11,"2026-08-18T12:16:58.212Z"
"553102","Shrouded Fable Pokemon Center Elite Trainer Box (Exclusive) Case","SV: Shrouded Fable","23529",631.71,"2026-08-18T12:16:58.212Z"
"552998","Shrouded Fable Pokemon Center Elite Trainer Box (Exclusive)","SV: Shrouded Fable","23529",167.28,"2026-08-18T12:16:58.212Z"
"553009","Shrouded Fable Mini Tin [Set of 5]","SV: Shrouded Fable","23529",102.54,"2026-08-18T12:16:58.212Z"
"553008","Shrouded Fable Mini Tin Display","SV: Shrouded Fable","23529",196.28,"2026-08-18T12:16:58.212Z"
"553010","Shrouded Fable Mini Tin (Zoroark)","SV: Shrouded Fable","23529",29.66,"2026-08-18T12:16:58.212Z"
"553012","Shrouded Fable Mini Tin (Okidogi)","SV: Shrouded Fable","23529",22.49,"2026-08-18T12:16:58.212Z"
"553011","Shrouded Fable Mini Tin (Munkidori)","SV: Shrouded Fable","23529",18.47,"2026-08-18T12:16:58.212Z"
"553018","Shrouded Fable Mini Tin (Fezandipiti)","SV: Shrouded Fable","23529",23.78,"2026-08-18T12:16:58.212Z"
"553023","Shrouded Fable Mini Tin (Dusknoir)","SV: Shrouded Fable","23529",20.87,"2026-08-18T12:16:58.212Z"
"553099","Shrouded Fable Elite Trainer Box Case","SV: Shrouded Fable","23529",979.45,"2026-08-18T12:16:58.212Z"
"552999","Shrouded Fable Elite Trainer Box","SV: Shrouded Fable","23529",109.9,"2026-08-18T12:16:58.212Z"
"552997","Shrouded Fable Booster Pack","SV: Shrouded Fable","23529",14.73,"2026-08-18T12:16:58.212Z"
"618355","Shrouded Fable Booster Bundle Display","SV: Shrouded Fable","23529",789.99,"2026-04-12T07:01:51.241Z"
"635736","Shrouded Fable Booster Bundle Case","SV: Shrouded Fable","23529",1149.95,"2026-08-18T12:16:58.212Z"
"553031","Shrouded Fable Booster Bundle","SV: Shrouded Fable","23529",52.28,"2026-08-18T12:16:58.212Z"
"553007","Shrouded Fable 3 Pack Blister [Pecharunt]","SV: Shrouded Fable","23529",33.78,"2026-08-18T12:16:58.212Z"
"553001","Kingdra ex Special Illustration Collection","SV: Shrouded Fable","23529",174.65,"2026-08-18T12:16:58.212Z"
"553094","Kingambit Illustration Collection Case","SV: Shrouded Fable","23529",287.23,"2026-08-18T12:16:58.212Z"
"553000","Kingambit Illustration Collection","SV: Shrouded Fable","23529",51.87,"2026-08-18T12:16:58.212Z"
"553002","Greninja ex Special Illustration Collection","SV: Shrouded Fable","23529",212.07,"2026-08-18T12:16:58.212Z"
"551930","Pokemon TCG: Battle Academy 2024","Battle Academy 2024","23520",67.48,"2026-08-18T12:16:58.464Z"
"593672","Twilight Masquerade Sleeved Booster Pack Case","SV06: Twilight Masquerade","23473",1402.84,"2026-08-18T12:16:58.567Z"
"549494","Twilight Masquerade Sleeved Booster Pack Art Bundle [Set of 4]","SV06: Twilight Masquerade","23473",44.44,"2026-08-18T12:16:58.567Z"
"544170","Twilight Masquerade Sleeved Booster Pack","SV06: Twilight Masquerade","23473",10.36,"2026-08-18T12:16:58.567Z"
"544179","Twilight Masquerade Single Pack Blister [Toxel]","SV06: Twilight Masquerade","23473",9.49,"2026-08-18T12:16:58.567Z"
"544177","Twilight Masquerade Single Pack Blister [Pupitar]","SV06: Twilight Masquerade","23473",10.89,"2026-08-18T12:16:58.567Z"
"617189","Twilight Masquerade Premium Checklane Blister [Steelix]","SV06: Twilight Masquerade","23473",30.5,"2026-08-18T12:16:58.567Z"
"544180","Twilight Masquerade Premium Checklane Blister [Porygon]","SV06: Twilight Masquerade","23473",24.99,"2026-08-18T12:16:58.567Z"
"617190","Twilight Masquerade Premium Checklane Blister [Lokix]","SV06: Twilight Masquerade","23473",22.07,"2026-08-18T12:16:58.567Z"
"544182","Twilight Masquerade Premium Checklane Blister [Horsea]","SV06: Twilight Masquerade","23473",27.5,"2026-08-18T12:16:58.567Z"
"549491","Twilight Masquerade Pokemon Center Elite Trainer Box (Exclusive) Case","SV06: Twilight Masquerade","23473",709.19,"2026-08-18T12:16:58.567Z"
"543844","Twilight Masquerade Pokemon Center Elite Trainer Box (Exclusive)","SV06: Twilight Masquerade","23473",191.02,"2026-08-18T12:16:58.567Z"
"607501","Twilight Masquerade Fun Pack","SV06: Twilight Masquerade","23473",7.6,"2026-08-18T12:16:58.567Z"
"544385","Twilight Masquerade Elite Trainer Box Case","SV06: Twilight Masquerade","23473",1128.43,"2026-08-18T12:16:58.567Z"
"543845","Twilight Masquerade Elite Trainer Box","SV06: Twilight Masquerade","23473",107.17,"2026-08-18T12:16:58.567Z"
"549489","Twilight Masquerade Build & Battle Box Display","SV06: Twilight Masquerade","23473",398.97,"2026-08-18T12:16:58.567Z"
"544386","Twilight Masquerade Build & Battle Box","SV06: Twilight Masquerade","23473",61.14,"2026-08-18T12:16:58.567Z"
"549487","Twilight Masquerade Booster Pack Art Bundle [Set of 4]","SV06: Twilight Masquerade","23473",36.27,"2026-08-18T12:16:58.567Z"
"543843","Twilight Masquerade Booster Pack","SV06: Twilight Masquerade","23473",8.79,"2026-08-18T12:16:58.567Z"
"543852","Twilight Masquerade Booster Bundle","SV06: Twilight Masquerade","23473",77.78,"2026-08-18T12:16:58.567Z"
"544384","Twilight Masquerade Booster Box Case","SV06: Twilight Masquerade","23473",2161.52,"2026-08-18T12:16:58.567Z"
"543846","Twilight Masquerade Booster Box","SV06: Twilight Masquerade","23473",361.9,"2026-08-18T12:16:58.567Z"
"544171","Twilight Masquerade 3 Pack Blister [Snorlax]","SV06: Twilight Masquerade","23473",42.22,"2026-08-18T12:16:58.567Z"
"544172","Twilight Masquerade 3 Pack Blister [Revavroom]","SV06: Twilight Masquerade","23473",34.5,"2026-08-18T12:16:58.567Z"
"649421","Twilight Masqueade Half Booster Box","SV06: Twilight Masquerade","23473",194.86,"2026-08-18T12:16:58.567Z"
"538807","Temporal Forces Sleeved Booster Pack Bundle [Set of 8]","SV05: Temporal Forces","23381",85.9,"2026-08-18T12:16:58.590Z"
"538789","Temporal Forces Sleeved Booster Pack Art Bundle [Set of 4]","SV05: Temporal Forces","23381",39.35,"2026-08-18T12:16:58.590Z"
"538787","Temporal Forces Sleeved Booster Pack","SV05: Temporal Forces","23381",11.9,"2026-08-18T12:16:58.590Z"
"604248","Temporal Forces Sleeved Booster Case","SV05: Temporal Forces","23381",1186.71,"2026-08-18T12:16:58.590Z"
"670916","Temporal Forces Single Pack Blister [Set of 2]","SV05: Temporal Forces","23381",23.33,"2026-08-18T12:16:58.590Z"
"617011","Temporal Forces Single Pack Blister [Scovillain]","SV05: Temporal Forces","23381",10,"2026-08-18T12:16:58.590Z"
"617012","Temporal Forces Single Pack Blister [Palafin]","SV05: Temporal Forces","23381",16.53,"2026-03-10T21:04:01.186Z"
"536284","Temporal Forces Single Pack Blister [Carvanha]","SV05: Temporal Forces","23381",10.08,"2026-08-18T12:16:58.590Z"
"536594","Temporal Forces Single Pack Blister [Bellibolt]","SV05: Temporal Forces","23381",10.28,"2026-08-18T12:16:58.590Z"
"544687","Temporal Forces Premium Checklane Blister [Togekiss]","SV05: Temporal Forces","23381",20.42,"2026-08-18T12:16:58.590Z"
"544679","Temporal Forces Premium Checklane Blister [Baxcalibur]","SV05: Temporal Forces","23381",16.13,"2026-08-18T12:16:58.590Z"
"550823","Temporal Forces Pokemon Center Elite Trainer Box Case (Exclusive) [Walking Wake]","SV05: Temporal Forces","23381",1199.99,"2026-03-10T21:04:01.186Z"
"550822","Temporal Forces Pokemon Center Elite Trainer Box Case (Exclusive) [Iron Leaves]","SV05: Temporal Forces","23381",699.95,"2026-02-23T14:40:07.772Z"
"538775","Temporal Forces Pokemon Center Elite Trainer Box (Exclusive) [Walking Wake]","SV05: Temporal Forces","23381",208.44,"2026-08-18T12:16:58.590Z"
"532853","Temporal Forces Pokemon Center Elite Trainer Box (Exclusive) [Iron Leaves]","SV05: Temporal Forces","23381",195.04,"2026-08-18T12:16:58.590Z"
"649416","Temporal Forces Half Booster Box","SV05: Temporal Forces","23381",189.71,"2026-08-18T12:16:58.590Z"
"607502","Temporal Forces Fun Pack","SV05: Temporal Forces","23381",10.24,"2026-08-18T12:16:58.590Z"
"532845","Temporal Forces Elite Trainer Box [Walking Wake]","SV05: Temporal Forces","23381",132.27,"2026-08-18T12:16:58.590Z"
"532849","Temporal Forces Elite Trainer Box [Set of 2]","SV05: Temporal Forces","23381",219.59,"2026-08-18T12:16:58.590Z"
"532848","Temporal Forces Elite Trainer Box [Iron Leaves ex]","SV05: Temporal Forces","23381",128.6,"2026-08-18T12:16:58.590Z"
"537418","Temporal Forces Elite Trainer Box Case","SV05: Temporal Forces","23381",1950,"2026-08-18T12:16:58.590Z"
"537409","Temporal Forces Build & Battle Box Display","SV05: Temporal Forces","23381",359.91,"2026-08-18T12:16:58.590Z"
"537411","Temporal Forces Build & Battle Box","SV05: Temporal Forces","23381",43.46,"2026-08-18T12:16:58.590Z"
"538786","Temporal Forces Booster Pack Art Bundle [Set of 4]","SV05: Temporal Forces","23381",35.68,"2026-08-18T12:16:58.590Z"
"532841","Temporal Forces Booster Pack","SV05: Temporal Forces","23381",11.36,"2026-08-18T12:16:58.590Z"
"541017","Temporal Forces Booster Bundle","SV05: Temporal Forces","23381",89.68,"2026-08-18T12:16:58.590Z"
"537417","Temporal Forces Booster Box Case","SV05: Temporal Forces","23381",2216.81,"2026-08-18T12:16:58.590Z"
"536225","Temporal Forces Booster Box","SV05: Temporal Forces","23381",304.96,"2026-08-18T12:16:58.590Z"
"536227","Temporal Forces 3 Pack Blister [Cyclizar]","SV05: Temporal Forces","23381",29.41,"2026-08-18T12:16:58.590Z"
"536229","Temporal Forces 3 Pack Blister [Cleffa]","SV05: Temporal Forces","23381",29.08,"2026-08-18T12:16:58.590Z"
"528228","Paldean Fates Tins [Set of 3]","SV: Paldean Fates","23353",381.97,"2026-08-18T12:16:58.688Z"
"528058","Paldean Fates Tin [Iron Treads ex]","SV: Paldean Fates","23353",115.85,"2026-08-18T12:16:58.688Z"
"528057","Paldean Fates Tin [Great Tusk ex]","SV: Paldean Fates","23353",104.72,"2026-08-18T12:16:58.688Z"
"528056","Paldean Fates Tin [Charizard ex]","SV: Paldean Fates","23353",205.88,"2026-08-18T12:16:58.688Z"
"528229","Paldean Fates Tech Sticker Collections [Set of 3]","SV: Paldean Fates","23353",212.3,"2026-08-18T12:16:58.688Z"
"528044","Paldean Fates Tech Sticker Collection [Maschiff]","SV: Paldean Fates","23353",72.72,"2026-08-18T12:16:58.688Z"
"528045","Paldean Fates Tech Sticker Collection [Greavard]","SV: Paldean Fates","23353",69.91,"2026-08-18T12:16:58.688Z"
"528043","Paldean Fates Tech Sticker Collection [Fidough]","SV: Paldean Fates","23353",73.27,"2026-08-18T12:16:58.688Z"
"654599","Paldean Fates Tech Sticker Collection Case","SV: Paldean Fates","23353",602.05,"2026-08-18T12:16:58.688Z"
"528080","Paldean Fates Premium Collection [Skeledirge ex]","SV: Paldean Fates","23353",226.11,"2026-08-18T12:16:58.688Z"
"528324","Paldean Fates Premium Collection [Set of 3]","SV: Paldean Fates","23353",721.57,"2026-08-18T12:16:58.688Z"
"528082","Paldean Fates Premium Collection [Quaquaval ex]","SV: Paldean Fates","23353",213.43,"2026-08-18T12:16:58.688Z"
"528079","Paldean Fates Premium Collection [Meowscarada ex]","SV: Paldean Fates","23353",215.21,"2026-08-18T12:16:58.688Z"
"536266","Paldean Fates Pokemon Center Elite Trainer Box (Exclusive) Case","SV: Paldean Fates","23353",2311.3,"2026-08-18T12:16:58.688Z"
"528039","Paldean Fates Pokemon Center Elite Trainer Box (Exclusive)","SV: Paldean Fates","23353",611.24,"2026-08-18T12:16:58.688Z"
"528052","Paldean Fates Mini Tin [Tinkatink]","SV: Paldean Fates","23353",48.87,"2026-08-18T12:16:58.688Z"
"528049","Paldean Fates Mini Tin [Smoliv]","SV: Paldean Fates","23353",53.94,"2026-08-18T12:16:58.688Z"
"529039","Paldean Fates Mini Tin [Set of 5]","SV: Paldean Fates","23353",232,"2026-08-18T12:16:58.688Z"
"528051","Paldean Fates Mini Tin [Maushold]","SV: Paldean Fates","23353",75.05,"2026-08-18T12:16:58.688Z"
"528050","Paldean Fates Mini Tin [Flamigo]","SV: Paldean Fates","23353",45.01,"2026-08-18T12:16:58.688Z"
"528055","Paldean Fates Mini Tin [Finizen]","SV: Paldean Fates","23353",48.74,"2026-08-18T12:16:58.688Z"
"528047","Paldean Fates Mini Tin Display","SV: Paldean Fates","23353",454.65,"2026-08-18T12:16:58.688Z"
"528227","Paldean Fates International Tins [Set of 3]","SV: Paldean Fates","23353",353.33,"2026-08-18T12:16:58.688Z"
"528059","Paldean Fates International Tin [Iron Treads ex]","SV: Paldean Fates","23353",94.71,"2026-08-18T12:16:58.688Z"
"528060","Paldean Fates International Tin [Great Tusk ex]","SV: Paldean Fates","23353",90.14,"2026-08-18T12:16:58.688Z"
"528063","Paldean Fates International Tin [Charizard ex]","SV: Paldean Fates","23353",146.73,"2026-08-18T12:16:58.688Z"
"665113","Paldean Fates Great Tusk ex & Iron Treads ex Premium Collection","SV: Paldean Fates","23353",237.87,"2026-08-18T12:16:58.688Z"
"530700","Paldean Fates Elite Trainer Box Case","SV: Paldean Fates","23353",3576.66,"2026-08-18T12:16:58.688Z"
"528040","Paldean Fates Elite Trainer Box","SV: Paldean Fates","23353",460.48,"2026-08-18T12:16:58.688Z"
"668624","Paldean Fates Booster Pack Art Bundle [Set of 4]","SV: Paldean Fates","23353",94.58,"2026-08-18T12:16:58.688Z"
"528038","Paldean Fates Booster Pack","SV: Paldean Fates","23353",23.41,"2026-08-18T12:16:58.688Z"
"635609","Paldean Fates Booster Bundle Display Case","SV: Paldean Fates","23353",8441.24,"2026-08-18T12:16:58.688Z"
"530704","Paldean Fates Booster Bundle Display","SV: Paldean Fates","23353",1585.45,"2026-08-18T12:16:58.688Z"
"528771","Paldean Fates Booster Bundle","SV: Paldean Fates","23353",172.05,"2026-08-18T12:16:58.688Z"
"518886","Pokemon Trading Card Game Classic","Trading Card Game Classic","23323",543.41,"2026-08-18T12:16:58.777Z"
"526674","Paradox Rift Sleeved Booster Pack Art Bundle [Set of 4]","SV04: Paradox Rift","23286",41.21,"2026-08-18T12:16:58.819Z"
"517210","Paradox Rift Sleeved Booster Pack","SV04: Paradox Rift","23286",11.49,"2026-08-18T12:16:58.819Z"
"641808","Paradox Rift Sleeved Booster Case","SV04: Paradox Rift","23286",1238.26,"2026-08-18T12:16:58.819Z"
"514223","Paradox Rift Single Pack Blister [Sinistea]","SV04: Paradox Rift","23286",10.56,"2026-08-18T12:16:58.819Z"
"514224","Paradox Rift Single Pack Blister [Pineco]","SV04: Paradox Rift","23286",10.92,"2026-08-18T12:16:58.819Z"
"625581","Paradox Rift Single Pack Blister [Glimmora]","SV04: Paradox Rift","23286",10.91,"2026-08-18T12:16:58.819Z"
"625582","Paradox Rift Single Pack Blister [Ceruledge]","SV04: Paradox Rift","23286",28,"2026-08-18T12:16:58.819Z"
"546606","Paradox Rift Premium Checklane Blister [Tinkaton]","SV04: Paradox Rift","23286",10,"2026-08-18T12:16:58.819Z"
"546605","Paradox Rift Premium Checklane Blister [Hydreigon]","SV04: Paradox Rift","23286",27.5,"2026-08-18T12:16:58.819Z"
"524394","Paradox Rift Pokemon Center Elite Trainer Box (Exclusive) [Set of 2]","SV04: Paradox Rift","23286",386.42,"2026-08-18T12:16:58.819Z"
"512809","Paradox Rift Pokemon Center Elite Trainer Box (Exclusive) [Roaring Moon]","SV04: Paradox Rift","23286",214.77,"2026-08-18T12:16:58.819Z"
"512801","Paradox Rift Pokemon Center Elite Trainer Box (Exclusive) [Iron Valiant]","SV04: Paradox Rift","23286",189.74,"2026-08-18T12:16:58.819Z"
"607504","Paradox Rift Fun Pack","SV04: Paradox Rift","23286",11.16,"2026-08-18T12:16:58.819Z"
"512834","Paradox Rift Elite Trainer Boxes [Set of 2]","SV04: Paradox Rift","23286",290.92,"2026-08-18T12:16:58.819Z"
"512815","Paradox Rift Elite Trainer Box [Roaring Moon]","SV04: Paradox Rift","23286",144.17,"2026-08-18T12:16:58.819Z"
"512813","Paradox Rift Elite Trainer Box [Iron Valiant]","SV04: Paradox Rift","23286",136.35,"2026-08-18T12:16:58.819Z"
"513511","Paradox Rift Elite Trainer Box Case","SV04: Paradox Rift","23286",1299,"2026-07-13T03:46:08.098Z"
"514071","Paradox Rift Build & Battle Stadium Case","SV04: Paradox Rift","23286",499.99,"2026-02-01T22:38:24.628Z"
"514070","Paradox Rift Build & Battle Stadium","SV04: Paradox Rift","23286",93.89,"2026-08-18T12:16:58.819Z"
"514069","Paradox Rift Build & Battle Box Display","SV04: Paradox Rift","23286",374.69,"2026-08-18T12:16:58.819Z"
"514068","Paradox Rift Build & Battle Box","SV04: Paradox Rift","23286",43.51,"2026-08-18T12:16:58.819Z"
"512831","Paradox Rift Booster Pack Art Bundle [Set of 4]","SV04: Paradox Rift","23286",40.79,"2026-08-18T12:16:58.819Z"
"512822","Paradox Rift Booster Pack","SV04: Paradox Rift","23286",8.41,"2026-08-18T12:16:58.819Z"
"512820","Paradox Rift Booster Bundle","SV04: Paradox Rift","23286",87.53,"2026-08-18T12:16:58.819Z"
"512828","Paradox Rift Booster Box Case","SV04: Paradox Rift","23286",1850.8,"2026-08-18T12:16:58.819Z"
"512821","Paradox Rift Booster Box","SV04: Paradox Rift","23286",274.9,"2026-08-18T12:16:58.819Z"
"513437","Paradox Rift 3 Pack Blister [Set of 2]","SV04: Paradox Rift","23286",50.79,"2026-08-18T12:16:58.819Z"
"513434","Paradox Rift 3 Pack Blister [Cetitan]","SV04: Paradox Rift","23286",29.61,"2026-08-18T12:16:58.819Z"
"513433","Paradox Rift 3 Pack Blister [Arctibax]","SV04: Paradox Rift","23286",30.18,"2026-08-18T12:16:58.819Z"
"520781","My First Battle [Pikachu & Bulbasaur]","My First Battle","23330",73.88,"2026-08-18T12:16:58.877Z"
"520782","My First Battle [Charmander & Squirtle]","My First Battle","23330",66.99,"2026-08-18T12:16:58.877Z"
"662302","Sam's Club 151 (4 Mini Tins + 4 Promo Cards Bundle)","SV: Scarlet & Violet 151","23237",219.9,"2026-08-18T12:16:58.903Z"
"609597","Blooming Waters Premium Collection","SV: Scarlet & Violet 151","23237",328.56,"2026-08-18T12:16:58.903Z"
"502007","151: Zapdos ex Collection","SV: Scarlet & Violet 151","23237",121.25,"2026-08-18T12:16:58.903Z"
"502006","151: Alakazam ex Collection","SV: Scarlet & Violet 151","23237",113.53,"2026-08-18T12:16:58.903Z"
"515970","151 Ultra-Premium Collection Case","SV: Scarlet & Violet 151","23237",3449.81,"2026-08-18T12:16:58.903Z"
"502005","151 Ultra-Premium Collection","SV: Scarlet & Violet 151","23237",935.9,"2026-08-18T12:16:58.903Z"
"502002","151 Poster Collection Case","SV: Scarlet & Violet 151","23237",467.08,"2026-08-18T12:16:58.903Z"
"502001","151 Poster Collection","SV: Scarlet & Violet 151","23237",84.86,"2026-08-18T12:16:58.903Z"
"528030","151 Pokemon Center Elite Trainer Box (Exclusive) Case","SV: Scarlet & Violet 151","23237",5427.5,"2026-08-18T12:16:58.903Z"
"501999","151 Pokemon Center Elite Trainer Box (Exclusive)","SV: Scarlet & Violet 151","23237",1339.19,"2026-08-18T12:16:58.903Z"
"522707","151 Mini Tin [Weezing & Scyther]","SV: Scarlet & Violet 151","23237",51.82,"2026-08-18T12:16:58.903Z"
"522708","151 Mini Tin [Slowpoke & Sandshrew]","SV: Scarlet & Violet 151","23237",51.87,"2026-08-18T12:16:58.903Z"
"522705","151 Mini Tin [Magneton & Ekans]","SV: Scarlet & Violet 151","23237",50.26,"2026-08-18T12:16:58.903Z"
"522704","151 Mini Tin [Machamp & Cubone]","SV: Scarlet & Violet 151","23237",51.99,"2026-08-18T12:16:58.903Z"
"522703","151 Mini Tin [Hitmonlee & Kadabra]","SV: Scarlet & Violet 151","23237",50.94,"2026-08-18T12:16:58.903Z"
"522706","151 Mini Tin [Hitmonchan & Meowth]","SV: Scarlet & Violet 151","23237",51.96,"2026-08-18T12:16:58.903Z"
"522702","151 Mini Tin [Gengar & Poliwag]","SV: Scarlet & Violet 151","23237",61.1,"2026-08-18T12:16:58.903Z"
"522701","151 Mini Tin [Electabuzz & Magnemites]","SV: Scarlet & Violet 151","23237",50.85,"2026-08-18T12:16:58.903Z"
"522700","151 Mini Tin [Dragonite & Vileplume]","SV: Scarlet & Violet 151","23237",57.39,"2026-08-18T12:16:58.903Z"
"522699","151 Mini Tin [Arcanine & Omanyte]","SV: Scarlet & Violet 151","23237",53.74,"2026-08-18T12:16:58.903Z"
"668357","151 Mini Tin Display Case","SV: Scarlet & Violet 151","23237",2265.93,"2026-08-18T12:16:58.903Z"
"502008","151 Mini Tin Display","SV: Scarlet & Violet 151","23237",542.69,"2026-08-18T12:16:58.903Z"
"506640","151 Elite Trainer Box Case","SV: Scarlet & Violet 151","23237",5868.62,"2026-08-18T12:16:58.903Z"
"503313","151 Elite Trainer Box","SV: Scarlet & Violet 151","23237",576.2,"2026-08-18T12:16:58.903Z"
"518782","151 Collection Zapdos ex Case","SV: Scarlet & Violet 151","23237",810.39,"2026-08-18T12:16:58.903Z"
"518781","151 Collection Alakazam ex Case","SV: Scarlet & Violet 151","23237",609.5,"2026-08-18T12:16:58.903Z"
"504467","151 Booster Pack","SV: Scarlet & Violet 151","23237",28.83,"2026-08-18T12:16:58.903Z"
"513409","151 Booster Bundle Display Case","SV: Scarlet & Violet 151","23237",11900,"2026-08-18T12:16:58.903Z"
"513405","151 Booster Bundle Display","SV: Scarlet & Violet 151","23237",2000.98,"2026-08-18T12:16:58.903Z"
"530105","151 Booster Bundle Bulk Case","SV: Scarlet & Violet 151","23237",4510,"2026-08-18T12:16:58.903Z"
"502000","151 Booster Bundle","SV: Scarlet & Violet 151","23237",183.2,"2026-08-18T12:16:58.903Z"
"502003","151 Binder Collection Case","SV: Scarlet & Violet 151","23237",895.01,"2026-08-03T23:13:09.029Z"
"502004","151 Binder Collection","SV: Scarlet & Violet 151","23237",238.26,"2026-08-18T12:16:58.903Z"
"516527","McDonald's 2023 Match & Battle Pack","McDonald's Promos 2023","23306",6.37,"2026-08-18T12:16:59.112Z"
"505943","Trick or Trade BOOster Bundle 2023 Case","Trick or Trade BOOster Bundle 2023","23266",278.98,"2026-03-28T11:50:17.166Z"
"505945","Trick or Trade BOOster Bundle 2023 - Mini Booster Pack","Trick or Trade BOOster Bundle 2023","23266",2.03,"2026-08-18T12:16:59.107Z"
"505942","Trick or Trade BOOster Bundle 2023 (50 ct)","Trick or Trade BOOster Bundle 2023","23266",73.34,"2026-08-18T12:16:59.107Z"
"564134","Trick or Trade BOOster Bundle 2023 (120 ct)","Trick or Trade BOOster Bundle 2023","23266",133.33,"2026-08-18T12:16:59.107Z"
"606743","Obsidian Flames Sleeved Booster Pack Case","SV03: Obsidian Flames","23228",1505.57,"2026-08-18T12:16:59.146Z"
"513422","Obsidian Flames Sleeved Booster Pack Art Bundle [Set of 4]","SV03: Obsidian Flames","23228",55.72,"2026-08-18T12:16:59.146Z"
"534087","Obsidian Flames Sleeved Booster Pack","SV03: Obsidian Flames","23228",11.89,"2026-08-18T12:16:59.146Z"
"501262","Obsidian Flames Single Pack Blister [Pawmi]","SV03: Obsidian Flames","23228",13.08,"2026-08-18T12:16:59.146Z"
"512047","Obsidian Flames Single Pack Blister [Paldean Wooper]","SV03: Obsidian Flames","23228",13.2,"2026-08-18T12:16:59.146Z"
"557087","Obsidian Flames Single Blister Pack [Revavroom]","SV03: Obsidian Flames","23228",17.6,"2026-08-18T12:16:59.146Z"
"557085","Obsidian Flames Single Blister Pack [Kingambit]","SV03: Obsidian Flames","23228",49.99,"2026-08-18T12:16:59.146Z"
"557086","Obsidian Flames Single Blister Pack [Houndstone]","SV03: Obsidian Flames","23228",20.99,"2026-08-18T12:16:59.146Z"
"557084","Obsidian Flames Single Blister Pack [Annihilape]","SV03: Obsidian Flames","23228",63.99,"2026-08-18T12:16:59.146Z"
"618341","Obsidian Flames Pokemon Center Elite Trainer Box Case (Exclusive)","SV03: Obsidian Flames","23228",3595.89,"2026-02-20T01:49:33.484Z"
"501266","Obsidian Flames Pokemon Center Elite Trainer Box (Exclusive)","SV03: Obsidian Flames","23228",704.23,"2026-08-18T12:16:59.146Z"
"501265","Obsidian Flames Elite Trainer Box Case","SV03: Obsidian Flames","23228",2313.86,"2026-08-18T12:16:59.146Z"
"501264","Obsidian Flames Elite Trainer Box","SV03: Obsidian Flames","23228",282,"2026-08-18T12:16:59.146Z"
"501267","Obsidian Flames Build & Battle Stadium","SV03: Obsidian Flames","23228",158.99,"2026-08-18T12:16:59.146Z"
"514193","Obsidian Flames Build & Battle Box Display","SV03: Obsidian Flames","23228",391.56,"2026-08-18T12:16:59.146Z"
"501268","Obsidian Flames Build & Battle Box","SV03: Obsidian Flames","23228",57.75,"2026-08-18T12:16:59.146Z"
"515079","Obsidian Flames Booster Pack Art Bundle [Set of 4]","SV03: Obsidian Flames","23228",50.02,"2026-08-18T12:16:59.146Z"
"501256","Obsidian Flames Booster Pack","SV03: Obsidian Flames","23228",12.92,"2026-08-18T12:16:59.146Z"
"501263","Obsidian Flames Booster Bundle","SV03: Obsidian Flames","23228",119.69,"2026-08-18T12:16:59.146Z"
"501258","Obsidian Flames Booster Box Case","SV03: Obsidian Flames","23228",2395.2,"2026-08-18T12:16:59.146Z"
"501257","Obsidian Flames Booster Box","SV03: Obsidian Flames","23228",366.86,"2026-08-18T12:16:59.146Z"
"501261","Obsidian Flames 3 Pack Blister [Set of 2]","SV03: Obsidian Flames","23228",47.66,"2026-08-18T12:16:59.146Z"
"501260","Obsidian Flames 3 Pack Blister [Houndstone]","SV03: Obsidian Flames","23228",35.59,"2026-08-18T12:16:59.146Z"
"501259","Obsidian Flames 3 Pack Blister [Eevee]","SV03: Obsidian Flames","23228",39.02,"2026-08-18T12:16:59.146Z"
"502480","Paldea Evolved Sleeved Booster Pack Art Bundle [Set of 5]","SV02: Paldea Evolved","23120",78.66,"2026-08-18T12:16:59.172Z"
"496927","Paldea Evolved Sleeved Booster Pack","SV02: Paldea Evolved","23120",16.24,"2026-08-18T12:16:59.172Z"
"609027","Paldea Evolved Sleeved Booster Case","SV02: Paldea Evolved","23120",1937.36,"2026-08-18T12:16:59.172Z"
"493999","Paldea Evolved Single Pack Blister [Smoliv]","SV02: Paldea Evolved","23120",14.41,"2026-08-18T12:16:59.172Z"
"494001","Paldea Evolved Single Pack Blister [Growlithe]","SV02: Paldea Evolved","23120",17.63,"2026-08-18T12:16:59.172Z"
"617015","Paldea Evolved Single Pack Blister [Dondonzo]","SV02: Paldea Evolved","23120",28.06,"2026-08-18T12:16:59.172Z"
"618829","Paldea Evolved Single Pack Blister [Armarouge]","SV02: Paldea Evolved","23120",36.54,"2026-08-18T12:16:59.172Z"
"622967","Paldea Evolved Premium Checklane Blister [Pawmot]","SV02: Paldea Evolved","23120",24.95,"2026-08-18T12:16:59.172Z"
"622968","Paldea Evolved Premium Checklane Blister [Arboliva]","SV02: Paldea Evolved","23120",29.99,"2026-08-18T12:16:59.172Z"
"537410","Paldea Evolved Pokemon Center Elite Trainer Box (Exclusive) Case","SV02: Paldea Evolved","23120",3000,"2026-03-04T21:04:00.626Z"
"493973","Paldea Evolved Pokemon Center Elite Trainer Box (Exclusive)","SV02: Paldea Evolved","23120",598.58,"2026-08-18T12:16:59.172Z"
"649413","Paldea Evolved Half Booster Box","SV02: Paldea Evolved","23120",250,"2026-08-18T12:16:59.172Z"
"530106","Paldea Evolved Fun Pack","SV02: Paldea Evolved","23120",7.67,"2026-08-18T12:16:59.172Z"
"496911","Paldea Evolved Elite Trainer Box Case","SV02: Paldea Evolved","23120",1628.36,"2026-08-18T12:16:59.172Z"
"493974","Paldea Evolved Elite Trainer Box","SV02: Paldea Evolved","23120",226.07,"2026-08-18T12:16:59.172Z"
"496935","Paldea Evolved Build & Battle Stadium","SV02: Paldea Evolved","23120",165.85,"2026-08-18T12:16:59.172Z"
"496931","Paldea Evolved Build & Battle Box Display","SV02: Paldea Evolved","23120",537.17,"2026-08-18T12:16:59.172Z"
"496929","Paldea Evolved Build & Battle Box","SV02: Paldea Evolved","23120",61.9,"2026-08-18T12:16:59.172Z"
"496913","Paldea Evolved Booster Pack Art Bundle [Set of 5]","SV02: Paldea Evolved","23120",73.48,"2026-08-18T12:16:59.172Z"
"493976","Paldea Evolved Booster Pack","SV02: Paldea Evolved","23120",16.03,"2026-08-18T12:16:59.172Z"
"496914","Paldea Evolved Booster Bundle","SV02: Paldea Evolved","23120",123.87,"2026-08-18T12:16:59.172Z"
"496905","Paldea Evolved Booster Box Case","SV02: Paldea Evolved","23120",2817.19,"2026-08-18T12:16:59.172Z"
"493975","Paldea Evolved Booster Box","SV02: Paldea Evolved","23120",461.47,"2026-08-18T12:16:59.172Z"
"493998","Paldea Evolved 3 Pack Blister [Varoom]","SV02: Paldea Evolved","23120",38.93,"2026-08-18T12:16:59.172Z"
"493997","Paldea Evolved 3 Pack Blister [Tinkatink]","SV02: Paldea Evolved","23120",44.56,"2026-08-18T12:16:59.172Z"
"496908","Paldea Evolved 3 Pack Blister [Set of 2]","SV02: Paldea Evolved","23120",95.24,"2026-08-18T12:16:59.172Z"
"478275","Scarlet & Violet Sleeved Booster Pack Bundle [Set of 8]","SV01: Scarlet & Violet Base Set","22873",82.49,"2026-08-18T12:16:59.251Z"
"478274","Scarlet & Violet Sleeved Booster Pack Art Bundle [Set of 4]","SV01: Scarlet & Violet Base Set","22873",42.56,"2026-08-18T12:16:59.251Z"
"478273","Scarlet & Violet Sleeved Booster Pack","SV01: Scarlet & Violet Base Set","22873",10.64,"2026-08-18T12:16:59.251Z"
"600076","Scarlet & Violet Sleeved Booster Case","SV01: Scarlet & Violet Base Set","22873",1473,"2026-08-18T12:16:59.251Z"
"478765","Scarlet & Violet Single Pack Blister [Spidops]","SV01: Scarlet & Violet Base Set","22873",11.32,"2026-08-18T12:16:59.251Z"
"478767","Scarlet & Violet Single Pack Blister [Set of 2]","SV01: Scarlet & Violet Base Set","22873",20.79,"2026-08-18T12:16:59.251Z"
"478766","Scarlet & Violet Single Pack Blister [Espathra]","SV01: Scarlet & Violet Base Set","22873",13,"2026-08-18T12:16:59.251Z"
"497167","Scarlet & Violet Premium Checklane Blister [Hisuian Zoroark]","SV01: Scarlet & Violet Base Set","22873",12,"2026-08-18T12:16:59.251Z"
"497166","Scarlet & Violet Premium Checklane Blister [Hisuian Arcanine]","SV01: Scarlet & Violet Base Set","22873",15,"2026-07-11T10:22:30.171Z"
"479328","Scarlet & Violet Premium Checklane Blister [Gengar]","SV01: Scarlet & Violet Base Set","22873",30,"2026-08-18T12:16:59.251Z"
"478756","Scarlet & Violet Pokemon Center Elite Trainer Box (Exclusive) [Miraidon]","SV01: Scarlet & Violet Base Set","22873",314.1,"2026-08-18T12:16:59.251Z"
"478758","Scarlet & Violet Pokemon Center Elite Trainer Box (Exclusive) [Koraidon]","SV01: Scarlet & Violet Base Set","22873",292.61,"2026-08-18T12:16:59.251Z"
"530121","Scarlet & Violet Fun Pack","SV01: Scarlet & Violet Base Set","22873",7.07,"2026-08-18T12:16:59.251Z"
"489369","Scarlet & Violet Elite Trainer Boxes [Set of 2]","SV01: Scarlet & Violet Base Set","22873",250.29,"2026-08-18T12:16:59.251Z"
"478336","Scarlet & Violet Elite Trainer Box [Miraidon]","SV01: Scarlet & Violet Base Set","22873",149.6,"2026-08-18T12:16:59.251Z"
"478335","Scarlet & Violet Elite Trainer Box [Koraidon]","SV01: Scarlet & Violet Base Set","22873",137.46,"2026-08-18T12:16:59.251Z"
"488776","Scarlet & Violet Elite Trainer Box Case","SV01: Scarlet & Violet Base Set","22873",1305,"2026-08-18T12:16:59.251Z"
"478257","Scarlet & Violet Build & Battle Stadium","SV01: Scarlet & Violet Base Set","22873",86.25,"2026-08-18T12:16:59.251Z"
"478254","Scarlet & Violet Build & Battle Box Display","SV01: Scarlet & Violet Base Set","22873",389.9,"2026-08-18T12:16:59.251Z"
"478253","Scarlet & Violet Build & Battle Box","SV01: Scarlet & Violet Base Set","22873",41.61,"2026-08-18T12:16:59.251Z"
"478759","Scarlet & Violet Booster Pack Art Bundle [Set of 4]","SV01: Scarlet & Violet Base Set","22873",38.94,"2026-08-18T12:16:59.251Z"
"476451","Scarlet & Violet Booster Pack","SV01: Scarlet & Violet Base Set","22873",9.13,"2026-08-18T12:16:59.251Z"
"478258","Scarlet & Violet Booster Bundle","SV01: Scarlet & Violet Base Set","22873",105.8,"2026-08-18T12:16:59.251Z"
"476453","Scarlet & Violet Booster Box Case","SV01: Scarlet & Violet Base Set","22873",1692.38,"2026-08-18T12:16:59.251Z"
"476452","Scarlet & Violet Booster Box","SV01: Scarlet & Violet Base Set","22873",304.45,"2026-08-18T12:16:59.251Z"
"478763","Scarlet & Violet 3 Pack Blister [Set of 2]","SV01: Scarlet & Violet Base Set","22873",56.13,"2026-08-18T12:16:59.251Z"
"478762","Scarlet & Violet 3 Pack Blister [Dondozo]","SV01: Scarlet & Violet Base Set","22873",29.44,"2026-08-18T12:16:59.251Z"
"478761","Scarlet & Violet 3 Pack Blister [Arcanine]","SV01: Scarlet & Violet Base Set","22873",34.5,"2026-08-18T12:16:59.251Z"
"563307","Sea & Sky Premium Collection","SWSH: Crown Zenith","17688",384.86,"2026-08-18T12:16:59.351Z"
"485423","Pikachu VMAX Special Collection Case","SWSH: Crown Zenith","17688",1268.1,"2026-08-18T12:16:59.351Z"
"454452","Pikachu VMAX Special Collection","SWSH: Crown Zenith","17688",159.47,"2026-08-18T12:16:59.351Z"
"527796","Pikachu VMAX Premium Collection","SWSH: Crown Zenith","17688",212.99,"2026-08-18T12:16:59.351Z"
"516939","Morpeko V-UNION Premium Treasures Collection","SWSH: Crown Zenith","17688",206.37,"2026-08-18T12:16:59.351Z"
"475644","Morpeko V-UNION Playmat Premium Collection","SWSH: Crown Zenith","17688",144.85,"2026-08-18T12:16:59.351Z"
"475635","Crown Zenith Tin [Set of 3] (International Version)","SWSH: Crown Zenith","17688",307.79,"2026-08-18T12:16:59.351Z"
"475634","Crown Zenith Tin [Set of 3]","SWSH: Crown Zenith","17688",364.41,"2026-08-18T12:16:59.351Z"
"475633","Crown Zenith Tin [Galarian Zapdos] (International Version)","SWSH: Crown Zenith","17688",111.05,"2026-08-18T12:16:59.351Z"
"475630","Crown Zenith Tin [Galarian Zapdos]","SWSH: Crown Zenith","17688",131.64,"2026-08-18T12:16:59.351Z"
"475632","Crown Zenith Tin [Galarian Moltres] (International Version)","SWSH: Crown Zenith","17688",111.77,"2026-08-18T12:16:59.351Z"
"475629","Crown Zenith Tin [Galarian Moltres]","SWSH: Crown Zenith","17688",154.08,"2026-08-18T12:16:59.351Z"
"475631","Crown Zenith Tin [Galarian Articuno] (International Version)","SWSH: Crown Zenith","17688",100.8,"2026-08-18T12:16:59.351Z"
"475628","Crown Zenith Tin [Galarian Articuno]","SWSH: Crown Zenith","17688",146.62,"2026-08-18T12:16:59.351Z"
"616290","Crown Zenith Tin Case","SWSH: Crown Zenith","17688",1028.14,"2026-08-18T12:16:59.351Z"
"505916","Crown Zenith Special Collection [Unown V & Lugia V]","SWSH: Crown Zenith","17688",177.72,"2026-08-18T12:16:59.351Z"
"475646","Crown Zenith Premium Figure Collection [Shiny Zamazenta]","SWSH: Crown Zenith","17688",327.34,"2026-08-18T12:16:59.351Z"
"475647","Crown Zenith Premium Figure Collection [Shiny Zacian]","SWSH: Crown Zenith","17688",343.92,"2026-08-18T12:16:59.351Z"
"475648","Crown Zenith Premium Figure Collection [Set of 2]","SWSH: Crown Zenith","17688",631.74,"2026-08-18T12:16:59.351Z"
"454247","Crown Zenith Pokemon Center Elite Trainer Box Plus Case","SWSH: Crown Zenith","17688",2295,"2026-08-18T12:16:59.351Z"
"454246","Crown Zenith Pokemon Center Elite Trainer Box Plus","SWSH: Crown Zenith","17688",575.36,"2026-08-18T12:16:59.351Z"
"475620","Crown Zenith Pin Collection [Set of 3]","SWSH: Crown Zenith","17688",232.5,"2026-08-18T12:16:59.351Z"
"475619","Crown Zenith Pin Collection [Rillaboom]","SWSH: Crown Zenith","17688",82.77,"2026-08-18T12:16:59.351Z"
"475618","Crown Zenith Pin Collection [Inteleon]","SWSH: Crown Zenith","17688",80.11,"2026-08-18T12:16:59.351Z"
"475617","Crown Zenith Pin Collection [Cinderace]","SWSH: Crown Zenith","17688",80.6,"2026-08-18T12:16:59.351Z"
"453492","Crown Zenith Mini Tin [Sonia & Yamper]","SWSH: Crown Zenith","17688",51.17,"2026-08-18T12:16:59.351Z"
"453494","Crown Zenith Mini Tin [Set of 5]","SWSH: Crown Zenith","17688",231.04,"2026-08-18T12:16:59.351Z"
"453488","Crown Zenith Mini Tin [Marnie & Morpeko]","SWSH: Crown Zenith","17688",50.24,"2026-08-18T12:16:59.351Z"
"453489","Crown Zenith Mini Tin [Leon & Charizard]","SWSH: Crown Zenith","17688",54.72,"2026-08-18T12:16:59.351Z"
"453490","Crown Zenith Mini Tin [Hop & Wooloo]","SWSH: Crown Zenith","17688",44.75,"2026-08-18T12:16:59.351Z"
"453491","Crown Zenith Mini Tin [Bede & Hatenna]","SWSH: Crown Zenith","17688",49.32,"2026-08-18T12:16:59.350Z"
"631791","Crown Zenith Mini Tin Display Case","SWSH: Crown Zenith","17688",1999.99,"2026-08-18T12:16:59.351Z"
"453493","Crown Zenith Mini Tin Display","SWSH: Crown Zenith","17688",513.98,"2026-08-18T12:16:59.351Z"
"453471","Crown Zenith Elite Trainer Box Case","SWSH: Crown Zenith","17688",3510.33,"2026-08-18T12:16:59.350Z"
"453470","Crown Zenith Elite Trainer Box","SWSH: Crown Zenith","17688",328.88,"2026-08-18T12:16:59.350Z"
"453474","Crown Zenith Collection [Set of 2]","SWSH: Crown Zenith","17688",208.9,"2026-08-18T12:16:59.350Z"
"453467","Crown Zenith Collection [Regieleki V]","SWSH: Crown Zenith","17688",104.55,"2026-08-18T12:16:59.350Z"
"453468","Crown Zenith Collection [Regidrago V]","SWSH: Crown Zenith","17688",94.9,"2026-08-18T12:16:59.350Z"
"490542","Crown Zenith Collection Case","Crown Zenith","17688",359.99,"2026-02-26T23:26:17.315Z"
"453466","Crown Zenith Booster Pack","SWSH: Crown Zenith","17688",25.29,"2026-08-18T12:16:59.350Z"
"609238","Crown Zenith Booster Bundle Case","SWSH: Crown Zenith","17688",5549,"2026-08-18T12:16:59.350Z"
"527562","Crown Zenith Booster Bundle","SWSH: Crown Zenith","17688",219.94,"2026-08-18T12:16:59.350Z"
"550837","Silver Tempest Sleeved Booster Pack Case","SWSH12: Silver Tempest","3170",1899.24,"2026-08-18T12:16:59.661Z"
"454484","Silver Tempest Sleeved Booster Pack Bundle [Set of 8]","SWSH12: Silver Tempest","3170",117.42,"2026-08-18T12:16:59.661Z"
"283400","Silver Tempest Sleeved Booster Pack Art Bundle [Set of 4]","SWSH12: Silver Tempest","3170",59.02,"2026-08-18T12:16:59.661Z"
"283397","Silver Tempest Sleeved Booster Pack","SWSH12: Silver Tempest","3170",17.14,"2026-08-18T12:16:59.661Z"
"285782","Silver Tempest Single Pack Blister [Set of 2]","SWSH12: Silver Tempest","3170",20,"2026-07-06T00:15:19.598Z"
"285781","Silver Tempest Single Pack Blister [Cranidos]","SWSH12: Silver Tempest","3170",13.18,"2026-08-18T12:16:59.661Z"
"285780","Silver Tempest Single Pack Blister [Basculin]","SWSH12: Silver Tempest","3170",14.39,"2026-08-18T12:16:59.661Z"
"285783","Silver Tempest Premium Checklane Blister [Magnezone]","SWSH12: Silver Tempest","3170",17,"2026-08-18T12:16:59.661Z"
"486325","Silver Tempest Premium Checklane Blister [Hisuian Sneasler]","SWSH12: Silver Tempest","3170",13.59,"2026-06-13T21:19:15.985Z"
"285784","Silver Tempest Premium Checklane Blister [Gallade]","SWSH12: Silver Tempest","3170",22.99,"2026-08-18T12:16:59.661Z"
"285860","Silver Tempest Pokemon Center Elite Trainer Box (Exclusive)","SWSH12: Silver Tempest","3170",360.89,"2026-08-18T12:16:59.661Z"
"285777","Silver Tempest Elite Trainer Box Case","SWSH12: Silver Tempest","3170",1386.98,"2026-08-18T12:16:59.661Z"
"283401","Silver Tempest Elite Trainer Box","SWSH12: Silver Tempest","3170",155.8,"2026-08-18T12:16:59.661Z"
"285042","Silver Tempest Build & Battle Stadium","SWSH12: Silver Tempest","3170",142.12,"2026-08-18T12:16:59.661Z"
"285775","Silver Tempest Build & Battle Box Display","SWSH12: Silver Tempest","3170",483.17,"2026-08-18T12:16:59.661Z"
"285776","Silver Tempest Build & Battle Box","SWSH12: Silver Tempest","3170",57.24,"2026-08-18T12:16:59.661Z"
"285778","Silver Tempest Booster Pack Art Bundle [Set of 4]","SWSH12: Silver Tempest","3170",54.91,"2026-08-18T12:16:59.661Z"
"283388","Silver Tempest Booster Pack","SWSH12: Silver Tempest","3170",14.69,"2026-08-18T12:16:59.661Z"
"562366","Silver Tempest Booster Bundle Case","SWSH12: Silver Tempest","3170",1799.97,"2026-08-18T12:16:59.661Z"
"283396","Silver Tempest Booster Bundle","SWSH12: Silver Tempest","3170",115.55,"2026-08-18T12:16:59.661Z"
"283391","Silver Tempest Booster Box Case","SWSH12: Silver Tempest","3170",3420,"2026-08-18T12:16:59.661Z"
"283389","Silver Tempest Booster Box","SWSH12: Silver Tempest","3170",507.11,"2026-08-18T12:16:59.661Z"
"283393","Silver Tempest 3 Pack Blister [Togetic]","SWSH12: Silver Tempest","3170",49.13,"2026-08-18T12:16:59.661Z"
"285779","Silver Tempest 3 Pack Blister [Set of 2]","SWSH12: Silver Tempest","3170",102.47,"2026-08-18T12:16:59.661Z"
"283394","Silver Tempest 3 Pack Blister [Manaphy]","SWSH12: Silver Tempest","3170",45.71,"2026-08-18T12:16:59.661Z"
"284930","Fall 2022 Collector Chest","SWSH12: Silver Tempest","3170",70.53,"2026-08-18T12:16:59.661Z"
"454377","Sword & Shield Ultra-Premium Collection: Charizard Case","SWSH11: Lost Origin","3118",2396.08,"2026-08-18T12:16:59.780Z"
"282401","Sword & Shield Ultra-Premium Collection: Charizard","SWSH11: Lost Origin","3118",586.77,"2026-08-18T12:16:59.780Z"
"282406","Pokemon Stacking Tins: Fighting-Fire-Darkness [Set of 3]","SWSH11: Lost Origin","3118",110,"2026-08-18T12:16:59.780Z"
"282404","Pokemon Stacking Tin: Fire","SWSH11: Lost Origin","3118",52.29,"2026-08-18T12:16:59.780Z"
"282403","Pokemon Stacking Tin: Fighting","SWSH11: Lost Origin","3118",59.99,"2026-08-18T12:16:59.780Z"
"282405","Pokemon Stacking Tin: Darkness","SWSH11: Lost Origin","3118",51.59,"2026-08-18T12:16:59.780Z"
"282001","Origin Forme Palkia VSTAR Premium Collection","SWSH11: Lost Origin","3118",112.84,"2026-08-18T12:16:59.780Z"
"282005","Origin Forme Dialga/Palkia VSTAR Premium Collection [Set of 2]","SWSH11: Lost Origin","3118",211.12,"2026-08-18T12:16:59.780Z"
"282000","Origin Forme Dialga VSTAR Premium Collection","SWSH11: Lost Origin","3118",114.74,"2026-08-18T12:16:59.780Z"
"496131","Lost Origin Sleeved Booster Pack Case","SWSH11: Lost Origin","3118",2813.85,"2026-08-18T12:16:59.780Z"
"278804","Lost Origin Sleeved Booster Pack Bundle [Set of 8]","SWSH11: Lost Origin","3118",154.71,"2026-08-18T12:16:59.780Z"
"278801","Lost Origin Sleeved Booster Pack Art Bundle [Set of 4]","SWSH11: Lost Origin","3118",80.58,"2026-08-18T12:16:59.780Z"
"277326","Lost Origin Sleeved Booster Pack","SWSH11: Lost Origin","3118",21.82,"2026-08-18T12:16:59.780Z"
"278797","Lost Origin Single Pack Blister [Set of 2]","SWSH11: Lost Origin","3118",40.93,"2026-08-18T12:16:59.780Z"
"277328","Lost Origin Single Pack Blister [Scorbunny]","SWSH11: Lost Origin","3118",18.91,"2026-08-18T12:16:59.780Z"
"277327","Lost Origin Single Pack Blister [Croagunk]","SWSH11: Lost Origin","3118",16.63,"2026-08-18T12:16:59.780Z"
"277334","Lost Origin Premium Checklane Blister [Torterra]","SWSH11: Lost Origin","3118",27.09,"2026-08-18T12:16:59.780Z"
"277331","Lost Origin Premium Checklane Blister [Infernape]","SWSH11: Lost Origin","3118",21.74,"2026-08-18T12:16:59.780Z"
"277336","Lost Origin Pokemon Center Elite Trainer Box (Exclusive)","SWSH11: Lost Origin","3118",389.3,"2026-08-18T12:16:59.780Z"
"278796","Lost Origin Elite Trainer Box Case","SWSH11: Lost Origin","3118",1891.93,"2026-08-18T12:16:59.780Z"
"277335","Lost Origin Elite Trainer Box","SWSH11: Lost Origin","3118",214.32,"2026-08-18T12:16:59.780Z"
"648474","Lost Origin Build & Battle Stadium Case","SWSH11: Lost Origin","3118",950,"2026-02-22T05:01:47.616Z"
"277346","Lost Origin Build & Battle Stadium","SWSH11: Lost Origin","3118",217.78,"2026-08-18T12:16:59.780Z"
"278795","Lost Origin Build & Battle Box Display","SWSH11: Lost Origin","3118",867.01,"2026-08-18T12:16:59.780Z"
"277345","Lost Origin Build & Battle Box","SWSH11: Lost Origin","3118",79.62,"2026-08-18T12:16:59.780Z"
"278794","Lost Origin Booster Pack Art Bundle [Set of 4]","SWSH11: Lost Origin","3118",71.29,"2026-08-18T12:16:59.780Z"
"277325","Lost Origin Booster Pack","SWSH11: Lost Origin","3118",17.68,"2026-08-18T12:16:59.780Z"
"278819","Lost Origin Booster Bundle","SWSH11: Lost Origin","3118",202.15,"2026-08-18T12:16:59.780Z"
"278793","Lost Origin Booster Box Case","SWSH11: Lost Origin","3118",4554.06,"2026-08-18T12:16:59.780Z"
"277324","Lost Origin Booster Box","SWSH11: Lost Origin","3118",726.56,"2026-08-18T12:16:59.780Z"
"277330","Lost Origin 3 Pack Blister [Weavile]","SWSH11: Lost Origin","3118",64.77,"2026-08-18T12:16:59.780Z"
"278792","Lost Origin 3 Pack Blister [Set of 2]","SWSH11: Lost Origin","3118",146.59,"2026-08-18T12:16:59.780Z"
"277329","Lost Origin 3 Pack Blister [Regigigas]","SWSH11: Lost Origin","3118",54.47,"2026-08-18T12:16:59.780Z"
"637417","Hisuian Zoroark VSTAR Premium Collection (International Version)","SWSH11: Lost Origin","3118",97.39,"2026-08-18T12:16:59.780Z"
"282402","Hisuian Zoroark VSTAR Premium Collection","SWSH11: Lost Origin","3118",189.1,"2026-08-18T12:16:59.780Z"
"285674","Arceus VSTAR Ultra-Premium Collection","SWSH11: Lost Origin","3118",382.71,"2026-08-18T12:16:59.780Z"
"283325","Arceus VSTAR Premium Collection","SWSH11: Lost Origin","3118",280.85,"2026-08-18T12:16:59.780Z"
"280301","Trick or Trade BOOster Bundle - Mini Booster Pack","Trick or Trade BOOster Bundle","3179",2.34,"2026-08-18T12:16:59.821Z"
"280302","Trick or Trade BOOster Bundle (40 ct)","Trick or Trade BOOster Bundle","3179",63.51,"2026-08-18T12:16:59.821Z"
"659627","Trick or Trade BOOster Bundle (120 ct)","Trick or Trade BOOster Bundle","3179",143.32,"2026-08-18T12:16:59.821Z"
"282530","McDonald's 2022 Match & Battle Pack","McDonald's Promos 2022","3150",7.83,"2026-08-18T12:17:00.027Z"
"270710","V Battle Deck [Mewtwo V]","Pokemon GO","3064",26.5,"2026-08-18T12:17:00.050Z"
"270711","V Battle Deck [Melmetal V]","Pokemon GO","3064",13.85,"2026-08-18T12:17:00.050Z"
"630089","Pokemon Go Pokemon Center Elite Trainer Box Plus Case (Exclusive)","Pokemon GO","3064",824.99,"2026-08-18T12:17:00.050Z"
"270712","Pokemon GO V Battle Deck Bundle [Mewtwo V/Melmetal V]","Pokemon GO","3064",42.46,"2026-08-18T12:17:00.050Z"
"270727","Pokemon GO Tin [Snorlax]","Pokemon GO","3064",66.15,"2026-08-18T12:17:00.050Z"
"271503","Pokemon GO Tin [Set of 3]","Pokemon GO","3064",155.94,"2026-08-18T12:17:00.050Z"
"270726","Pokemon GO Tin [Pikachu]","Pokemon GO","3064",66.49,"2026-08-18T12:17:00.050Z"
"270725","Pokemon GO Tin [Blissey]","Pokemon GO","3064",49.11,"2026-08-18T12:17:00.050Z"
"271502","Pokemon GO Special Collection [Set of 3]","Pokemon GO","3064",213.23,"2026-08-18T12:17:00.050Z"
"270715","Pokemon GO Special Collection - Team Valor","Pokemon GO","3064",89.34,"2026-08-18T12:17:00.050Z"
"270714","Pokemon GO Special Collection - Team Mystic","Pokemon GO","3064",102.57,"2026-08-18T12:17:00.050Z"
"270713","Pokemon GO Special Collection - Team Instinct","Pokemon GO","3064",76.62,"2026-08-18T12:17:00.050Z"
"270717","Pokemon GO Premium Collection [Radiant Eevee]","Pokemon GO","3064",166.86,"2026-08-18T12:17:00.050Z"
"275842","Pokemon GO Premier Deck Holder Collection [Dragonite VSTAR]","Pokemon GO","3064",102.43,"2026-08-18T12:17:00.050Z"
"270709","Pokemon GO Pokemon Center Elite Trainer Box Plus (Exclusive)","Pokemon GO","3064",239.69,"2026-08-18T12:17:00.050Z"
"271501","Pokemon GO Poke Ball Tin [Set of 3]","Pokemon GO","3064",96.21,"2026-08-18T12:17:00.050Z"
"271511","Pokemon GO Poke Ball Tin Display","Pokemon GO","3064",250,"2026-08-18T12:17:00.050Z"
"270735","Pokemon GO Poke Ball Tin - Ultra Ball","Pokemon GO","3064",27.96,"2026-08-03T23:13:10.213Z"
"270734","Pokemon GO Poke Ball Tin - Poke Ball","Pokemon GO","3064",36.25,"2026-08-18T12:17:00.050Z"
"270733","Pokemon GO Poke Ball Tin - Great Ball","Pokemon GO","3064",40.73,"2026-08-18T12:17:00.050Z"
"275827","Pokemon GO Pin Collection [Squirtle]","Pokemon GO","3064",55.1,"2026-08-18T12:17:00.050Z"
"275845","Pokemon GO Pin Collection [Set of 3]","Pokemon GO","3064",130.79,"2026-08-18T12:17:00.050Z"
"275826","Pokemon GO Pin Collection [Charmander]","Pokemon GO","3064",67.55,"2026-08-18T12:17:00.050Z"
"275825","Pokemon GO Pin Collection [Bulbasaur]","Pokemon GO","3064",50.27,"2026-08-18T12:17:00.050Z"
"270732","Pokemon GO Mini Tin [Snorlax]","Pokemon GO","3064",43.31,"2026-08-18T12:17:00.050Z"
"271500","Pokemon GO Mini Tin [Set of 5]","Pokemon GO","3064",133.46,"2026-08-18T12:17:00.050Z"
"270730","Pokemon GO Mini Tin [Pikachu]","Pokemon GO","3064",23.92,"2026-08-18T12:17:00.050Z"
"270728","Pokemon GO Mini Tin [Magikarp]","Pokemon GO","3064",41.22,"2026-08-18T12:17:00.050Z"
"270731","Pokemon GO Mini Tin [Eevee]","Pokemon GO","3064",34.77,"2026-08-18T12:17:00.050Z"
"270729","Pokemon GO Mini Tin [Blissey]","Pokemon GO","3064",27.75,"2026-08-18T12:17:00.050Z"
"271512","Pokemon GO Mini Tin Display","Pokemon GO","3064",242.48,"2026-08-18T12:17:00.050Z"
"271504","Pokemon GO Melmetal V/Mewtwo V Battle Decks [Set of 2]","Pokemon GO","3064",30.28,"2026-08-18T12:17:00.050Z"
"271513","Pokemon GO Elite Trainer Box Case","Pokemon GO","3064",1418.29,"2026-08-18T12:17:00.050Z"
"270708","Pokemon GO Elite Trainer Box","Pokemon GO","3064",165.6,"2026-08-18T12:17:00.050Z"
"270716","Pokemon GO Collection [Alolan Exeggutor V]","Pokemon GO","3064",47.22,"2026-08-18T12:17:00.050Z"
"274421","Pokemon GO Booster Pack","Pokemon GO","3064",11.4,"2026-08-18T12:17:00.049Z"
"279598","Heavy Hitters Premium Collection","SWSH10: Astral Radiance","3040",263.31,"2026-08-18T12:17:00.153Z"
"496130","Astral Radiance Sleeved Booster Pack Case","SWSH10: Astral Radiance","3040",1376.42,"2026-08-18T12:17:00.153Z"
"265543","Astral Radiance Sleeved Booster Pack Art Bundle [Set of 5]","SWSH10: Astral Radiance","3040",57.17,"2026-08-18T12:17:00.153Z"
"265526","Astral Radiance Sleeved Booster Pack","SWSH10: Astral Radiance","3040",12.54,"2026-08-18T12:17:00.153Z"
"265522","Astral Radiance Single Pack Blister [Toxel]","SWSH10: Astral Radiance","3040",14.19,"2026-08-18T12:17:00.153Z"
"265558","Astral Radiance Single Pack Blister [Set of 2]","SWSH10: Astral Radiance","3040",31.12,"2026-08-18T12:17:00.153Z"
"265523","Astral Radiance Single Pack Blister [Oricorio]","SWSH10: Astral Radiance","3040",12.16,"2026-08-18T12:17:00.153Z"
"489339","Astral Radiance Premium Checklane Blister [Swampert]","SWSH10: Astral Radiance","3040",26.32,"2026-08-18T12:17:00.153Z"
"489341","Astral Radiance Premium Checklane Blister [Steelix]","SWSH10: Astral Radiance","3040",22.04,"2026-05-08T18:26:20.395Z"
"489340","Astral Radiance Premium Checklane Blister [Feraligatr]","SWSH10: Astral Radiance","3040",19.66,"2026-08-18T12:17:00.153Z"
"279424","Astral Radiance Pokemon Center Elite Trainer Box Case (Exclusive)","SWSH10: Astral Radiance","3040",957.28,"2026-08-18T12:17:00.153Z"
"265528","Astral Radiance Pokemon Center Elite Trainer Box (Exclusive)","SWSH10: Astral Radiance","3040",235.53,"2026-08-18T12:17:00.153Z"
"509895","Astral Radiance Fun Pack","SWSH10: Astral Radiance","3040",6.78,"2026-08-18T12:17:00.153Z"
"265545","Astral Radiance Elite Trainer Box Case","SWSH10: Astral Radiance","3040",1789.97,"2026-08-18T12:17:00.153Z"
"265527","Astral Radiance Elite Trainer Box","SWSH10: Astral Radiance","3040",147.53,"2026-08-18T12:17:00.153Z"
"265515","Astral Radiance Build & Battle Stadium","SWSH10: Astral Radiance","3040",121.86,"2026-08-18T12:17:00.153Z"
"272137","Astral Radiance Build & Battle Box Display","SWSH10: Astral Radiance","3040",430.27,"2026-08-18T12:17:00.153Z"
"265529","Astral Radiance Build & Battle Box","SWSH10: Astral Radiance","3040",46.06,"2026-08-18T12:17:00.153Z"
"265542","Astral Radiance Booster Pack Art Bundle [Set of 5]","SWSH10: Astral Radiance","3040",50.94,"2026-08-18T12:17:00.153Z"
"265521","Astral Radiance Booster Pack","SWSH10: Astral Radiance","3040",10.08,"2026-08-18T12:17:00.153Z"
"265520","Astral Radiance Booster Box Case","SWSH10: Astral Radiance","3040",2488.69,"2026-08-18T12:17:00.153Z"
"265519","Astral Radiance Booster Box","SWSH10: Astral Radiance","3040",416.3,"2026-08-18T12:17:00.153Z"
"523959","Astral Radiance 3 Pack Hanger Box","SWSH10: Astral Radiance","3040",42.5,"2026-08-18T12:17:00.153Z"
"265525","Astral Radiance 3 Pack Blister [Sylveon]","SWSH10: Astral Radiance","3040",37.67,"2026-08-18T12:17:00.153Z"
"265546","Astral Radiance 3 Pack Blister [Set of 2]","SWSH10: Astral Radiance","3040",70,"2026-08-18T12:17:00.153Z"
"265524","Astral Radiance 3 Pack Blister [Eevee]","SWSH10: Astral Radiance","3040",39.81,"2026-08-18T12:17:00.153Z"
"679043","Astral Radiance 3 Pack Blister Case","SWSH10: Astral Radiance","3040",773.42,"2026-08-18T12:17:00.153Z"
"265253","Pokemon TCG: Battle Academy 2022","Battle Academy 2022","3051",25.85,"2026-08-18T12:17:00.158Z"
"256147","Leafeon VSTAR Special Collection","SWSH09: Brilliant Stars","2948",115.36,"2026-08-18T12:17:00.180Z"
"256146","Glaceon VSTAR Special Collection","SWSH09: Brilliant Stars","2948",129.09,"2026-08-18T12:17:00.180Z"
"257375","Glaceon / Leafeon VSTAR Special Collection [Set of 2]","SWSH09: Brilliant Stars","2948",238.39,"2026-08-18T12:17:00.180Z"
"599964","Brilliant Stars Sleeved Booster Pack Case","SWSH09: Brilliant Stars","2948",2089.97,"2026-08-18T12:17:00.180Z"
"256136","Brilliant Stars Sleeved Booster Pack Bundle [Set of 8]","SWSH09: Brilliant Stars","2948",136.62,"2026-08-18T12:17:00.180Z"
"256135","Brilliant Stars Sleeved Booster Pack Art Bundle [Set of 4]","SWSH09: Brilliant Stars","2948",73.17,"2026-08-18T12:17:00.180Z"
"256125","Brilliant Stars Sleeved Booster Pack","SWSH09: Brilliant Stars","2948",19.44,"2026-08-18T12:17:00.180Z"
"256128","Brilliant Stars Single Pack Blister [Flapple]","SWSH09: Brilliant Stars","2948",14.67,"2026-08-18T12:17:00.180Z"
"256129","Brilliant Stars Single Pack Blister [Eevee]","SWSH09: Brilliant Stars","2948",22.72,"2026-08-18T12:17:00.180Z"
"684658","Brilliant Stars Premium Checklane Blister [Zoroark]","SWSH09: Brilliant Stars","2948",34.69,"2026-08-18T12:17:00.180Z"
"639337","Brilliant Stars Pokemon Center Elite Trainer Box (Exclusive) Case","SWSH09: Brilliant Stars","2948",875,"2026-08-18T12:17:00.180Z"
"256140","Brilliant Stars Pokemon Center Elite Trainer Box (Exclusive)","SWSH09: Brilliant Stars","2948",262.53,"2026-08-18T12:17:00.180Z"
"509881","Brilliant Stars Fun Pack","SWSH09: Brilliant Stars","2948",7.19,"2026-08-18T12:17:00.180Z"
"264269","Brilliant Stars Elite Trainer Box Case","SWSH09: Brilliant Stars","2948",1682.98,"2026-08-18T12:17:00.180Z"
"256138","Brilliant Stars Elite Trainer Box","SWSH09: Brilliant Stars","2948",164.71,"2026-08-18T12:17:00.180Z"
"256139","Brilliant Stars Build & Battle Stadium","SWSH09: Brilliant Stars","2948",168.93,"2026-08-18T12:17:00.180Z"
"256144","Brilliant Stars Build & Battle Box Display","SWSH09: Brilliant Stars","2948",551.76,"2026-08-18T12:17:00.180Z"
"256137","Brilliant Stars Build & Battle Box","SWSH09: Brilliant Stars","2948",63.97,"2026-08-18T12:17:00.180Z"
"256134","Brilliant Stars Booster Pack Art Bundle [Set of 4]","SWSH09: Brilliant Stars","2948",59.43,"2026-08-18T12:17:00.180Z"
"256124","Brilliant Stars Booster Pack","SWSH09: Brilliant Stars","2948",16.95,"2026-08-18T12:17:00.180Z"
"256145","Brilliant Stars Booster Box Case","SWSH09: Brilliant Stars","2948",3833.62,"2026-08-18T12:17:00.180Z"
"256141","Brilliant Stars Booster Box","SWSH09: Brilliant Stars","2948",602.73,"2026-08-18T12:17:00.180Z"
"256130","Brilliant Stars 3 Pack Blister [Leafeon]","SWSH09: Brilliant Stars","2948",49.19,"2026-08-18T12:17:00.180Z"
"256132","Brilliant Stars 3 Pack Blister [Glaceon]","SWSH09: Brilliant Stars","2948",51.79,"2026-08-18T12:17:00.180Z"
"651285","Arceus V Figure Collection Case","SWSH09: Brilliant Stars","2948",894,"2026-08-18T12:17:00.180Z"
"265251","Arceus V Figure Collection","SWSH09: Brilliant Stars","2948",149.25,"2026-08-18T12:17:00.180Z"
"283851","Urshifu VMAX Premium Collection [Set of 2]","SWSH08: Fusion Strike","2906",184,"2026-08-18T12:17:00.261Z"
"263545","Unova Two Pack Blister [Forces of Nature Trio]","SWSH08: Fusion Strike","2906",28.94,"2026-08-18T12:17:00.261Z"
"253455","Single Strike Urshifu VMAX Premium Collection","SWSH08: Fusion Strike","2906",131.91,"2026-08-18T12:17:00.261Z"
"253454","Rapid Strike Urshifu VMAX Premium Collection","SWSH08: Fusion Strike","2906",126.29,"2026-08-18T12:17:00.261Z"
"283599","League Battle Deck [Mew VMAX]","SWSH08: Fusion Strike","2906",57.42,"2026-08-18T12:17:00.261Z"
"249619","Hoopa V Box / Dragonite V Box [Set of 2]","SWSH08: Fusion Strike","2906",221,"2026-08-18T12:17:00.261Z"
"247817","Hoopa V Box","SWSH08: Fusion Strike","2906",88.15,"2026-08-18T12:17:00.261Z"
"282721","Hisuian Electrode V Box","SWSH08: Fusion Strike","2906",50.99,"2026-08-18T12:17:00.261Z"
"247658","Fusion Strike Sleeved Booster Pack Bundle [Set of 8]","SWSH08: Fusion Strike","2906",199.99,"2026-08-01T06:57:18.648Z"
"247657","Fusion Strike Sleeved Booster Pack Art Bundle [Set of 4]","SWSH08: Fusion Strike","2906",83.28,"2026-08-18T12:17:00.261Z"
"247656","Fusion Strike Sleeved Booster Pack","SWSH08: Fusion Strike","2906",28.12,"2026-08-18T12:17:00.261Z"
"547703","Fusion Strike Sleeved Booster Case","SWSH08: Fusion Strike","2906",3080.82,"2026-08-18T12:17:00.261Z"
"247669","Fusion Strike Single Pack Blister [Tepig]","SWSH08: Fusion Strike","2906",28.22,"2026-08-18T12:17:00.261Z"
"247670","Fusion Strike Single Pack Blister [Blitzle]","SWSH08: Fusion Strike","2906",29.17,"2026-08-18T12:17:00.261Z"
"247676","Fusion Strike Premium Checklane Blister [Rillaboom]","SWSH08: Fusion Strike","2906",24.99,"2026-02-05T01:15:23.757Z"
"247675","Fusion Strike Premium Checklane Blister [Cinderace]","SWSH08: Fusion Strike","2906",24.99,"2026-02-05T01:15:23.757Z"
"557076","Fusion Strike Pokemon Center Elite Trainer Box Case (Exclusive)","SWSH08: Fusion Strike","2906",2475.72,"2026-08-18T12:17:00.261Z"
"247673","Fusion Strike Pokemon Center Elite Trainer Box (Exclusive)","SWSH08: Fusion Strike","2906",493.8,"2026-08-18T12:17:00.261Z"
"509886","Fusion Strike Fun Pack","SWSH08: Fusion Strike","2906",6.57,"2026-08-18T12:17:00.261Z"
"256271","Fusion Strike Elite Trainer Box Case","SWSH08: Fusion Strike","2906",3189.97,"2026-08-18T12:17:00.261Z"
"247671","Fusion Strike Elite Trainer Box","SWSH08: Fusion Strike","2906",347.96,"2026-08-18T12:17:00.261Z"
"247666","Fusion Strike Build & Battle Stadium","SWSH08: Fusion Strike","2906",273.06,"2026-08-18T12:17:00.261Z"
"247660","Fusion Strike Build & Battle Box Display","SWSH08: Fusion Strike","2906",967.96,"2026-08-18T12:17:00.261Z"
"247659","Fusion Strike Build & Battle Box","SWSH08: Fusion Strike","2906",103.02,"2026-08-18T12:17:00.261Z"
"247651","Fusion Strike Booster Pack Art Bundle [Set of 4]","SWSH08: Fusion Strike","2906",70.75,"2026-08-18T12:17:00.261Z"
"247646","Fusion Strike Booster Pack","SWSH08: Fusion Strike","2906",19.24,"2026-08-18T12:17:00.261Z"
"247655","Fusion Strike Booster Box Case","SWSH08: Fusion Strike","2906",6538.79,"2026-08-18T12:17:00.261Z"
"247654","Fusion Strike Booster Box","SWSH08: Fusion Strike","2906",969.93,"2026-08-18T12:17:00.261Z"
"247668","Fusion Strike 3 Pack Blister [Espeon]","SWSH08: Fusion Strike","2906",75.57,"2026-08-18T12:17:00.261Z"
"247667","Fusion Strike 3 Pack Blister [Eevee]","SWSH08: Fusion Strike","2906",78.2,"2026-08-18T12:17:00.261Z"
"245876","Dragonite V Box","SWSH08: Fusion Strike","2906",160.19,"2026-08-18T12:17:00.261Z"
"251986","Pokemon Celebrations Tin [Lance's Charizard V]","Celebrations","2867",189.58,"2026-08-18T12:17:00.279Z"
"251989","Pokemon Celebrations Tin [Dark Sylveon V]","Celebrations","2867",174.99,"2026-08-18T12:17:00.279Z"
"252739","Pokemon Celebrations International Tin [Set of 2]","Celebrations","2867",250.58,"2026-08-18T12:17:00.279Z"
"251987","Pokemon Celebrations International Tin [Lance's Charizard V]","Celebrations","2867",105.36,"2026-08-18T12:17:00.279Z"
"251988","Pokemon Celebrations International Tin [Dark Sylveon V]","Celebrations","2867",127.71,"2026-08-18T12:17:00.279Z"
"518638","Celebrations Ultra-Premium Collection Case","Celebrations","2867",5888.88,"2026-08-18T12:17:00.279Z"
"245140","Celebrations Ultra-Premium Collection","Celebrations","2867",1274.27,"2026-08-18T12:17:00.279Z"
"247470","Celebrations Special Collection - V Memories","Celebrations","2867",192.75,"2026-08-18T12:17:00.279Z"
"252416","Celebrations Prime Collection","Celebrations","2867",316.47,"2026-08-18T12:17:00.279Z"
"251217","Celebrations Premium Playmat Collection [Pikachu V-UNION]","Celebrations","2867",242.18,"2026-08-18T12:17:00.279Z"
"245139","Celebrations Premium Figure Collection [Pikachu VMAX]","Celebrations","2867",297.09,"2026-08-18T12:17:00.279Z"
"261802","Celebrations Pokemon Center Elite Trainer Box Case (Exclusive)","Celebrations","2867",1820.89,"2026-08-18T12:17:00.279Z"
"251199","Celebrations Pokemon Center Elite Trainer Box (Exclusive)","Celebrations","2867",573.44,"2026-08-18T12:17:00.279Z"
"242817","Celebrations Mini Tin [Unova]","Celebrations","2867",49.89,"2026-08-18T12:17:00.279Z"
"242816","Celebrations Mini Tin [Sinnoh]","Celebrations","2867",53.21,"2026-08-18T12:17:00.279Z"
"242813","Celebrations Mini Tin [Kanto]","Celebrations","2867",54.83,"2026-08-18T12:17:00.279Z"
"242818","Celebrations Mini Tin [Kalos]","Celebrations","2867",51.77,"2026-08-18T12:17:00.279Z"
"242814","Celebrations Mini Tin [Johto]","Celebrations","2867",57.11,"2026-08-18T12:17:00.279Z"
"242815","Celebrations Mini Tin [Hoenn]","Celebrations","2867",54.25,"2026-08-18T12:17:00.279Z"
"242820","Celebrations Mini Tin [Galar]","Celebrations","2867",49.62,"2026-08-18T12:17:00.279Z"
"242819","Celebrations Mini Tin [Alola]","Celebrations","2867",49.11,"2026-08-18T12:17:00.279Z"
"242812","Celebrations Mini Tin Display","Celebrations","2867",507.63,"2026-08-18T12:17:00.279Z"
"251895","Celebrations Elite Trainer Box Case","Celebrations","2867",4023.6,"2026-08-18T12:17:00.279Z"
"242811","Celebrations Elite Trainer Box","Celebrations","2867",367.11,"2026-08-18T12:17:00.279Z"
"242810","Celebrations Deluxe Pin Collection [Zacian LV. X]","Celebrations","2867",135.73,"2026-08-18T12:17:00.279Z"
"256970","Celebrations Deluxe Pin Collection Case [Zacian LV. X]","Celebrations","2867",425,"2026-01-29T16:06:57.186Z"
"282156","Celebrations Collector Chest Case","Celebrations","2867",1375,"2026-08-18T12:17:00.279Z"
"244727","Celebrations Collector Chest","Celebrations","2867",205.8,"2026-08-18T12:17:00.279Z"
"244726","Celebrations Collection [Pikachu V-UNION]","Celebrations","2867",216.16,"2026-08-18T12:17:00.279Z"
"242808","Celebrations Collection [Lance's Charizard V]","Celebrations","2867",154.99,"2026-08-18T12:17:00.279Z"
"242807","Celebrations Collection [Dragapult Prime]","Celebrations","2867",78.62,"2026-08-18T12:17:00.279Z"
"242809","Celebrations Collection [Dark Sylveon V]","Celebrations","2867",162.65,"2026-08-18T12:17:00.279Z"
"251880","Celebrations Collection Case [Dragapult Prime]","Celebrations","2867",599.95,"2026-08-18T12:17:00.279Z"
"455796","Celebrations Collection Case","Celebrations","2867",774.99,"2026-08-18T12:17:00.279Z"
"248577","Celebrations Booster Pack","Celebrations","2867",40.73,"2026-08-18T12:17:00.279Z"
"245879","Zacian V-UNION Special Collection","SWSH07: Evolving Skies","2848",109.89,"2026-08-18T12:17:00.305Z"
"245880","V-UNION Special Collection [Set of 3]","SWSH07: Evolving Skies","2848",368.18,"2026-08-18T12:17:00.305Z"
"245877","Mewtwo V-UNION Special Collection","SWSH07: Evolving Skies","2848",176.75,"2026-08-18T12:17:00.305Z"
"245878","Greninja V-UNION Special Collection","SWSH07: Evolving Skies","2848",126.29,"2026-08-18T12:17:00.305Z"
"246274","Evolving Skies Sleeved Booster Pack Bundle [Set of 8]","SWSH07: Evolving Skies","2848",498.44,"2026-08-18T12:17:00.305Z"
"247498","Evolving Skies Sleeved Booster Pack Art Bundle [Set of 4]","SWSH07: Evolving Skies","2848",240.09,"2026-08-18T12:17:00.305Z"
"242438","Evolving Skies Sleeved Booster Pack","SWSH07: Evolving Skies","2848",62.6,"2026-08-18T12:17:00.305Z"
"247604","Evolving Skies Single Pack Blister [Octillery]","SWSH07: Evolving Skies","2848",59,"2026-08-18T12:17:00.305Z"
"242448","Evolving Skies Single Pack Blister [Galarian Slowpoke]","SWSH07: Evolving Skies","2848",75.34,"2026-08-18T12:17:00.305Z"
"242447","Evolving Skies Single Pack Blister [Eevee]","SWSH07: Evolving Skies","2848",77.06,"2026-08-18T12:17:00.305Z"
"242437","Evolving Skies Premium Checklane Blister [Luxray]","SWSH07: Evolving Skies","2848",49.99,"2026-04-15T15:21:35.568Z"
"247603","Evolving Skies Premium Checklane Blister [Houndoom]","SWSH07: Evolving Skies","2848",102.98,"2026-08-18T12:17:00.305Z"
"242445","Evolving Skies Premium Checklane Blister [Emboar]","SWSH07: Evolving Skies","2848",54.95,"2026-08-18T12:17:00.305Z"
"245855","Evolving Skies Pokemon Center Elite Trainer Box [Set of 2] (Exclusive)","SWSH07: Evolving Skies","2848",2196.82,"2026-08-18T12:17:00.305Z"
"245376","Evolving Skies Pokemon Center Elite Trainer Box [Jolteon/Flareon/Umbreon/Leafeon] (Exclusive)","SWSH07: Evolving Skies","2848",1053.82,"2026-08-18T12:17:00.305Z"
"245352","Evolving Skies Pokemon Center Elite Trainer Box [Glaceon/Vaporeon/Sylveon/Espeon] (Exclusive)","SWSH07: Evolving Skies","2848",1020.28,"2026-08-18T12:17:00.305Z"
"641794","Evolving Skies Half Booster Box","SWSH07: Evolving Skies","2848",1595,"2026-08-18T12:17:00.305Z"
"243721","Evolving Skies Elite Trainer Box [Set of 2]","SWSH07: Evolving Skies","2848",1039.25,"2026-08-18T12:17:00.305Z"
"242443","Evolving Skies Elite Trainer Box [Glaceon/Vaporeon/Sylveon/Espeon]","SWSH07: Evolving Skies","2848",513.61,"2026-08-18T12:17:00.305Z"
"242434","Evolving Skies Elite Trainer Box [Flareon/Jolteon/Umbreon/Leafeon]","SWSH07: Evolving Skies","2848",579.08,"2026-08-18T12:17:00.305Z"
"243722","Evolving Skies Elite Trainer Box Case","SWSH07: Evolving Skies","2848",3950,"2026-08-18T12:17:00.305Z"
"243425","Evolving Skies Build & Battle Stadium","SWSH07: Evolving Skies","2848",588.89,"2026-08-18T12:17:00.305Z"
"242450","Evolving Skies Build & Battle Box Display","SWSH07: Evolving Skies","2848",2750,"2026-06-23T05:05:10.827Z"
"242449","Evolving Skies Build & Battle Box","SWSH07: Evolving Skies","2848",313.33,"2026-08-18T12:17:00.305Z"
"247497","Evolving Skies Booster Pack Art Bundle [Set of 4]","SWSH07: Evolving Skies","2848",181.66,"2026-08-18T12:17:00.305Z"
"244337","Evolving Skies Booster Pack","SWSH07: Evolving Skies","2848",41.63,"2026-08-18T12:17:00.305Z"
"248124","Evolving Skies Booster Box Case","SWSH07: Evolving Skies","2848",16800,"2026-07-14T15:15:21.267Z"
"242436","Evolving Skies Booster Box","SWSH07: Evolving Skies","2848",2444.9,"2026-08-18T12:17:00.305Z"
"650863","Evolving Skies 3 Pack Hanger Box","SWSH07: Evolving Skies","2848",149.95,"2026-08-18T12:17:00.305Z"
"242444","Evolving Skies 3 Pack Blister [Umbreon]","SWSH07: Evolving Skies","2848",234.85,"2026-08-18T12:17:00.305Z"
"242435","Evolving Skies 3 Pack Blister [Eiscue]","SWSH07: Evolving Skies","2848",184.55,"2026-08-18T12:17:00.305Z"
"240977","Shadow Rider Calyrex V Box","SWSH06: Chilling Reign","2807",49.63,"2026-08-18T12:17:00.439Z"
"256972","Ice Rider/ Shadow Rider Calyrex V Box Case","SWSH06: Chilling Reign","2807",345,"2026-08-18T12:17:00.439Z"
"240975","Ice Rider Calyrex V Box","SWSH06: Chilling Reign","2807",46.88,"2026-08-18T12:17:00.439Z"
"256275","Chilling Reign Sleeved Booster Pack Bundle [Set of 10]","SWSH06: Chilling Reign","2807",165,"2026-07-26T15:53:30.335Z"
"256274","Chilling Reign Sleeved Booster Pack Art Bundle [Set of 5]","SWSH06: Chilling Reign","2807",99.99,"2026-08-18T12:17:00.439Z"
"242013","Chilling Reign Sleeved Booster Pack","SWSH06: Chilling Reign","2807",19.04,"2026-08-18T12:17:00.439Z"
"236272","Chilling Reign Single Pack Blister [Phanpy]","SWSH06: Chilling Reign","2807",20.67,"2026-08-18T12:17:00.439Z"
"236273","Chilling Reign Single Pack Blister [Morpeko]","SWSH06: Chilling Reign","2807",22.44,"2026-08-18T12:17:00.439Z"
"236278","Chilling Reign Premium Checklane Blister [Decidueye]","SWSH06: Chilling Reign","2807",14.33,"2026-08-18T12:17:00.439Z"
"236276","Chilling Reign Premium Checklane Blister [Blaziken]","SWSH06: Chilling Reign","2807",33.98,"2026-08-18T12:17:00.439Z"
"247282","Chilling Reign Pokemon Center Elite Trainer Box [Shadow Rider Calyrex] (Exclusive)","SWSH06: Chilling Reign","2807",190.89,"2026-08-18T12:17:00.439Z"
"247281","Chilling Reign Pokemon Center Elite Trainer Box [Ice Rider Calyrex] (Exclusive)","SWSH06: Chilling Reign","2807",199.59,"2026-08-18T12:17:00.439Z"
"236261","Chilling Reign Elite Trainer Box [Shadow Rider Calyrex]","SWSH06: Chilling Reign","2807",150.64,"2026-08-18T12:17:00.439Z"
"244410","Chilling Reign Elite Trainer Box [Set of 2]","SWSH06: Chilling Reign","2807",282.69,"2026-08-18T12:17:00.439Z"
"236260","Chilling Reign Elite Trainer Box [Ice Rider Calyrex]","SWSH06: Chilling Reign","2807",143.86,"2026-08-18T12:17:00.439Z"
"236263","Chilling Reign Elite Trainer Box Case","SWSH06: Chilling Reign","2807",1999.95,"2026-02-22T05:02:05.745Z"
"236266","Chilling Reign Build & Battle Box Display","SWSH06: Chilling Reign","2807",512.67,"2026-08-18T12:17:00.439Z"
"236265","Chilling Reign Build & Battle Box","SWSH06: Chilling Reign","2807",57.94,"2026-08-18T12:17:00.439Z"
"492290","Chilling Reign Booster Pack Art Bundle [Set of 5]","SWSH06: Chilling Reign","2807",57.29,"2026-08-18T12:17:00.439Z"
"236257","Chilling Reign Booster Pack","SWSH06: Chilling Reign","2807",11.76,"2026-08-18T12:17:00.439Z"
"236259","Chilling Reign Booster Box Case","SWSH06: Chilling Reign","2807",3438.51,"2026-08-18T12:17:00.439Z"
"236258","Chilling Reign Booster Box","SWSH06: Chilling Reign","2807",499.58,"2026-08-18T12:17:00.439Z"
"236269","Chilling Reign 3 Pack Blister [Snorlax]","SWSH06: Chilling Reign","2807",55.35,"2026-08-18T12:17:00.439Z"
"236268","Chilling Reign 3 Pack Blister [Eevee]","SWSH06: Chilling Reign","2807",49.64,"2026-08-18T12:17:00.439Z"
"245856","Chilling Reign 2 Pack Blister [Galarian Zapdos V, Articuno V, Moltres V]","SWSH06: Chilling Reign","2807",41.33,"2026-08-18T12:17:00.439Z"
"228822","Shining Fates V Tin [Eldegoss V]","Shining Fates","2754",65.11,"2026-08-18T12:17:01.154Z"
"228824","Shining Fates V Tin [Cramorant V]","Shining Fates","2754",68.8,"2026-08-18T12:17:01.154Z"
"228823","Shining Fates V Tin [Boltund V]","Shining Fates","2754",69.73,"2026-08-18T12:17:01.154Z"
"268482","Shining Fates V Tin Case","Shining Fates","2754",322.51,"2026-07-20T00:36:45.131Z"
"230392","Shining Fates Premium Collection [Shiny Dragapult]","Shining Fates","2754",122.25,"2026-08-18T12:17:01.154Z"
"230391","Shining Fates Premium Collection [Shiny Crobat]","Shining Fates","2754",106.74,"2026-08-18T12:17:01.154Z"
"284772","Shining Fates Premium Collection [Set of 2]","Shining Fates","2754",214.89,"2026-08-18T12:17:01.154Z"
"230957","Shining Fates Mini Tin [Zarude]","Shining Fates","2754",29.76,"2026-08-18T12:17:01.154Z"
"230956","Shining Fates Mini Tin [Reshiram]","Shining Fates","2754",34.82,"2026-08-18T12:17:01.154Z"
"230959","Shining Fates Mini Tin [Manaphy]","Shining Fates","2754",28.61,"2026-08-18T12:17:01.154Z"
"230960","Shining Fates Mini Tin [Kyogre]","Shining Fates","2754",29.73,"2026-08-18T12:17:01.154Z"
"230958","Shining Fates Mini Tin [Celebi]","Shining Fates","2754",32.24,"2026-08-18T12:17:01.154Z"
"230961","Shining Fates Mini Tin Display","Shining Fates","2754",290.56,"2026-08-18T12:17:01.154Z"
"238606","Shining Fates Mad Party Pin Collection [Set of 4]","Shining Fates","2754",183.16,"2026-08-18T12:17:01.154Z"
"228829","Shining Fates Mad Party Pin Collection [Polteageist]","Shining Fates","2754",46.84,"2026-08-18T12:17:01.154Z"
"228828","Shining Fates Mad Party Pin Collection [Galarian Mr. Rime]","Shining Fates","2754",47.38,"2026-08-18T12:17:01.154Z"
"228827","Shining Fates Mad Party Pin Collection [Dedenne]","Shining Fates","2754",50.35,"2026-08-18T12:17:01.154Z"
"228826","Shining Fates Mad Party Pin Collection [Bunnelby]","Shining Fates","2754",42.11,"2026-08-18T12:17:01.154Z"
"233315","Shining Fates Mad Party Pin Collection Display","Shining Fates","2754",375.31,"2026-08-18T12:17:01.154Z"
"266962","Shining Fates Elite Trainer Box Case","Shining Fates","2754",1393.73,"2026-08-18T12:17:01.154Z"
"228821","Shining Fates Elite Trainer Box","Shining Fates","2754",144.77,"2026-08-18T12:17:01.154Z"
"240192","Shining Fates Collection [Shiny Eldegoss V]","Shining Fates","2754",60.61,"2026-08-18T12:17:01.154Z"
"240190","Shining Fates Collection [Shiny Cramorant V]","Shining Fates","2754",56.99,"2026-08-18T12:17:01.154Z"
"240191","Shining Fates Collection [Shiny Boltund V]","Shining Fates","2754",60.15,"2026-08-18T12:17:01.154Z"
"228825","Shining Fates Collection [Pikachu V]","Shining Fates","2754",56.7,"2026-08-18T12:17:01.154Z"
"268484","Shining Fates Collection Pikachu V Case","Shining Fates","2754",372.72,"2026-08-18T12:17:01.154Z"
"265320","Shining Fates Booster Pack Art Bundle [Set of 4]","Shining Fates","2754",58.65,"2026-08-18T12:17:01.154Z"
"232636","Shining Fates Booster Pack","Shining Fates","2754",15.25,"2026-08-18T12:17:01.154Z"
"232748","McDonald's 25th Anniversary Booster Pack","McDonald's 25th Anniversary Promos","2782",8.18,"2026-08-18T12:17:01.326Z"
"221751","Vivid Voltage Theme Deck [Drednaw]","SWSH04: Vivid Voltage","2701",10.86,"2026-08-18T12:17:01.381Z"
"221750","Vivid Voltage Theme Deck [Charizard]","SWSH04: Vivid Voltage","2701",25.33,"2026-08-18T12:17:01.381Z"
"231693","Vivid Voltage Theme Deck Display","SWSH04: Vivid Voltage","2701",137.58,"2026-08-18T12:17:01.381Z"
"487798","Vivid Voltage Sleeved Booster Pack Art Bundle [Set of 4]","SWSH04: Vivid Voltage","2701",39.95,"2026-08-18T12:17:01.381Z"
"245143","Vivid Voltage Sleeved Booster Pack","SWSH04: Vivid Voltage","2701",11.03,"2026-08-18T12:17:01.381Z"
"653200","Vivid Voltage Sleeved Booster Case","SWSH04: Vivid Voltage","2701",1411.55,"2026-08-18T12:17:01.381Z"
"221747","Vivid Voltage Single Pack Blister [Scorbunny]","SWSH04: Vivid Voltage","2701",14.33,"2026-08-18T12:17:01.381Z"
"221746","Vivid Voltage Single Pack Blister [Grookey]","SWSH04: Vivid Voltage","2701",12.63,"2026-08-18T12:17:01.381Z"
"230087","Vivid Voltage Premium Checklane Blister [Appletun]","SWSH04: Vivid Voltage","2701",10,"2026-08-18T12:17:01.381Z"
"278642","Vivid Voltage Elite Trainer Box Case","SWSH04: Vivid Voltage","2701",1497,"2026-08-18T12:17:01.381Z"
"221752","Vivid Voltage Elite Trainer Box","SWSH04: Vivid Voltage","2701",136.79,"2026-08-18T12:17:01.381Z"
"221749","Vivid Voltage Build & Battle Box Display","SWSH04: Vivid Voltage","2701",591.71,"2026-08-18T12:17:01.381Z"
"221748","Vivid Voltage Build & Battle Box","SWSH04: Vivid Voltage","2701",57.07,"2026-08-18T12:17:01.381Z"
"265319","Vivid Voltage Booster Pack Art Bundle [Set of 4]","SWSH04: Vivid Voltage","2701",36.91,"2026-08-18T12:17:01.381Z"
"221312","Vivid Voltage Booster Pack","SWSH04: Vivid Voltage","2701",9.8,"2026-08-18T12:17:01.381Z"
"243051","Vivid Voltage Booster Box Case","SWSH04: Vivid Voltage","2701",1812.07,"2026-08-18T12:17:01.381Z"
"221313","Vivid Voltage Booster Box","SWSH04: Vivid Voltage","2701",315,"2026-08-18T12:17:01.381Z"
"221745","Vivid Voltage 3 Pack Blister [Vaporeon]","SWSH04: Vivid Voltage","2701",39.49,"2026-08-18T12:17:01.381Z"
"221744","Vivid Voltage 3 Pack Blister [Sobble]","SWSH04: Vivid Voltage","2701",40.99,"2026-08-18T12:17:01.381Z"
"222986","Sword & Shield Elite Trainer Box Plus [Zamazenta]","SWSH04: Vivid Voltage","2701",216.2,"2026-08-18T12:17:01.381Z"
"222987","Sword & Shield Elite Trainer Box Plus [Zacian]","SWSH04: Vivid Voltage","2701",261.34,"2026-08-18T12:17:01.381Z"
"226137","Orbeetle V Box","SWSH04: Vivid Voltage","2701",63.9,"2026-08-18T12:17:01.381Z"
"228978","Galar Sidekicks Premium Collection","SWSH04: Vivid Voltage","2701",259,"2026-08-18T12:17:01.381Z"
"222985","Fall 2020 Collector's Chest Tin","SWSH04: Vivid Voltage","2701",85.84,"2026-08-18T12:17:01.381Z"
"228979","Alakazam V Box","SWSH04: Vivid Voltage","2701",58.63,"2026-08-18T12:17:01.381Z"
"218802","Champion's Path Special Pin Collection [Stow-on-Side]","Champion's Path","2685",283.34,"2026-08-18T12:17:01.411Z"
"218803","Champion's Path Special Pin Collection [Circhester]","Champion's Path","2685",69.24,"2026-08-18T12:17:01.411Z"
"218807","Champion's Path Premium Collection [Marnie]","Champion's Path","2685",133.36,"2026-08-18T12:17:01.411Z"
"218797","Champion's Path Pin Collection [Turffield Gym]","Champion's Path","2685",59.94,"2026-08-18T12:17:01.411Z"
"218800","Champion's Path Pin Collection [Spikemuth Gym]","Champion's Path","2685",51.49,"2026-08-18T12:17:01.411Z"
"218796","Champion's Path Pin Collection [Motostoke Gym]","Champion's Path","2685",62.75,"2026-08-18T12:17:01.411Z"
"218794","Champion's Path Pin Collection [Hulbury Gym]","Champion's Path","2685",58.65,"2026-08-18T12:17:01.411Z"
"218798","Champion's Path Pin Collection [Hammerlocke Gym]","Champion's Path","2685",46.5,"2026-08-18T12:17:01.411Z"
"218799","Champion's Path Pin Collection [Ballonlea Gym]","Champion's Path","2685",46.98,"2026-08-18T12:17:01.411Z"
"218792","Champion's Path Pin Collection Display: Turffield, Hulbury, & Motostoke Gyms","Champion's Path","2685",357.36,"2026-04-23T07:16:49.160Z"
"218852","Champion's Path Pin Collection Display: Ballonlea, Spikemuth, & Hammerlocke Gyms","Champion's Path","2685",203.74,"2026-07-01T05:10:41.573Z"
"247385","Champion's Path Elite Trainer Box Case","Champion's Path","2685",1599.95,"2026-08-18T12:17:01.411Z"
"218791","Champion's Path Elite Trainer Box","Champion's Path","2685",217.79,"2026-08-18T12:17:01.411Z"
"218804","Champion's Path Collection [Hatterene V]","Champion's Path","2685",54.55,"2026-08-18T12:17:01.411Z"
"218806","Champion's Path Collection [Dubwool V]","Champion's Path","2685",62.14,"2026-08-18T12:17:01.411Z"
"265318","Champion's Path Booster Pack Art Bundle [Set of 4]","Champion's Path","2685",81.95,"2026-08-18T12:17:01.411Z"
"218789","Champion's Path Booster Pack","Champion's Path","2685",18.83,"2026-08-18T12:17:01.411Z"
"218839","True Steel Premium Collection [Zacian]","SWSH03: Darkness Ablaze","2675",323.32,"2026-08-18T12:17:01.449Z"
"668526","Sword & Shield Single Blister Pack [Cufant & Copperajah]","SWSH03: Darkness Ablaze","2675",10,"2026-08-18T12:17:01.449Z"
"220272","Galarian Sirfetch'd V Box","SWSH03: Darkness Ablaze","2675",90.31,"2026-08-18T12:17:01.449Z"
"220277","Eternatus VMAX Premium Collection","SWSH03: Darkness Ablaze","2675",205.2,"2026-08-18T12:17:01.449Z"
"216866","Darkness Ablaze Theme Deck [Galarian Sirfetch'd]","SWSH03: Darkness Ablaze","2675",19.33,"2026-08-18T12:17:01.449Z"
"216865","Darkness Ablaze Theme Deck [Galarian Darmanitan]","SWSH03: Darkness Ablaze","2675",23.5,"2026-04-02T01:48:36.402Z"
"487797","Darkness Ablaze Sleeved Booster Pack Art Bundle [Set of 4]","SWSH03: Darkness Ablaze","2675",40.12,"2026-08-18T12:17:01.449Z"
"257320","Darkness Ablaze Sleeved Booster Pack","SWSH03: Darkness Ablaze","2675",12.27,"2026-08-18T12:17:01.449Z"
"216860","Darkness Ablaze Single Pack Blister [Pikachu]","SWSH03: Darkness Ablaze","2675",33.5,"2026-08-18T12:17:01.449Z"
"216859","Darkness Ablaze Single Pack Blister [Hatenna]","SWSH03: Darkness Ablaze","2675",13.31,"2026-08-18T12:17:01.449Z"
"220109","Darkness Ablaze Premium Checklane Blister [Grimmsnarl]","SWSH03: Darkness Ablaze","2675",20,"2026-08-18T12:17:01.449Z"
"220108","Darkness Ablaze Premium Checklane Blister [Dragapult]","SWSH03: Darkness Ablaze","2675",20,"2026-08-18T12:17:01.449Z"
"216863","Darkness Ablaze Premium Checklane Blister","SWSH03: Darkness Ablaze","2675",22.84,"2026-08-18T12:17:01.449Z"
"653206","Darkness Ablaze Fun Pack","SWSH03: Darkness Ablaze","2675",3.52,"2026-08-18T12:17:01.449Z"
"266951","Darkness Ablaze Elite Trainer Box Case","SWSH03: Darkness Ablaze","2675",1087.5,"2026-08-18T12:17:01.449Z"
"216856","Darkness Ablaze Elite Trainer Box","SWSH03: Darkness Ablaze","2675",127.04,"2026-08-18T12:17:01.449Z"
"216862","Darkness Ablaze Build & Battle Box Display","SWSH03: Darkness Ablaze","2675",595,"2026-08-18T12:17:01.449Z"
"216861","Darkness Ablaze Build & Battle Box","SWSH03: Darkness Ablaze","2675",60.4,"2026-08-18T12:17:01.449Z"
"265317","Darkness Ablaze Booster Pack Art Bundle [Set of 4]","SWSH03: Darkness Ablaze","2675",43.13,"2026-08-18T12:17:01.449Z"
"216852","Darkness Ablaze Booster Pack","SWSH03: Darkness Ablaze","2675",10.04,"2026-08-18T12:17:01.449Z"
"256971","Darkness Ablaze Booster Box Case","SWSH03: Darkness Ablaze","2675",2249.99,"2026-08-18T12:17:01.449Z"
"216853","Darkness Ablaze Booster Box","SWSH03: Darkness Ablaze","2675",371.47,"2026-08-18T12:17:01.449Z"
"216858","Darkness Ablaze 3 Pack Blister [Flareon]","SWSH03: Darkness Ablaze","2675",44.86,"2026-08-18T12:17:01.449Z"
"216857","Darkness Ablaze 3 Pack Blister [Eevee]","SWSH03: Darkness Ablaze","2675",41.49,"2026-08-18T12:17:01.449Z"
"218626","Pokemon TCG: Battle Academy","Battle Academy","2686",64.66,"2026-08-18T12:17:01.475Z"
"210566","Sword & Shield Figure Collection","SWSH02: Rebel Clash","2626",238.13,"2026-08-18T12:17:01.485Z"
"210570","Rebel Clash Theme Deck [Zamazenta]","SWSH02: Rebel Clash","2626",30.67,"2026-08-18T12:17:01.485Z"
"210571","Rebel Clash Theme Deck [Zacian]","SWSH02: Rebel Clash","2626",24.55,"2026-08-18T12:17:01.485Z"
"487796","Rebel Clash Sleeved Booster Pack Art Bundle [Set of 4]","SWSH02: Rebel Clash","2626",51.51,"2026-08-18T12:17:01.485Z"
"264421","Rebel Clash Sleeved Booster Pack","SWSH02: Rebel Clash","2626",12.26,"2026-08-18T12:17:01.485Z"
"210565","Rebel Clash Single Pack Blister [Noctowl]","SWSH02: Rebel Clash","2626",19.5,"2026-08-18T12:17:01.485Z"
"210564","Rebel Clash Single Pack Blister [Mantine]","SWSH02: Rebel Clash","2626",18.23,"2026-08-18T12:17:01.485Z"
"276575","Rebel Clash Premium Checklane Blister [Gengar]","SWSH02: Rebel Clash","2626",74.73,"2026-08-18T12:17:01.485Z"
"276576","Rebel Clash Premium Checklane Blister [Galarian Obstagoon]","SWSH02: Rebel Clash","2626",32,"2026-08-18T12:17:01.485Z"
"210572","Rebel Clash Elite Trainer Box","SWSH02: Rebel Clash","2626",315.14,"2026-08-18T12:17:01.485Z"
"212820","Rebel Clash Build & Battle Display","SWSH02: Rebel Clash","2626",400,"2026-02-28T06:46:24.766Z"
"212821","Rebel Clash Build & Battle Box","SWSH02: Rebel Clash","2626",74.97,"2026-08-18T12:17:01.485Z"
"265316","Rebel Clash Booster Pack Art Bundle [Set of 4]","SWSH02: Rebel Clash","2626",38.4,"2026-08-18T12:17:01.485Z"
"210562","Rebel Clash Booster Pack","SWSH02: Rebel Clash","2626",9.93,"2026-08-18T12:17:01.485Z"
"210561","Rebel Clash Booster Box","SWSH02: Rebel Clash","2626",493.07,"2026-08-18T12:17:01.485Z"
"210568","Rebel Clash 3 Pack Blister [Rayquaza]","SWSH02: Rebel Clash","2626",44.99,"2026-08-18T12:17:01.485Z"
"210567","Rebel Clash 3 Pack Blister [Duraludon]","SWSH02: Rebel Clash","2626",59,"2026-08-18T12:17:01.485Z"
"210563","Polteageist V Box","SWSH02: Rebel Clash","2626",110,"2026-08-18T12:17:01.485Z"
"214231","Legends of Galar Tin [Zamazenta V]","SWSH02: Rebel Clash","2626",63.64,"2026-08-18T12:17:01.485Z"
"214230","Legends of Galar Tin [Zacian V]","SWSH02: Rebel Clash","2626",60.89,"2026-08-18T12:17:01.485Z"
"214232","Legends of Galar Tin [Set of 2]","SWSH02: Rebel Clash","2626",100,"2026-01-27T10:39:51.237Z"
"214227","Copperajah V Box","SWSH02: Rebel Clash","2626",70,"2026-05-08T18:26:22.946Z"
"206424","Toxtricity V Box","SWSH01: Sword & Shield Base Set","2585",145,"2026-08-18T12:17:01.513Z"
"263544","Sword and Shield Base Set Sleeved Booster Pack","SWSH01: Sword & Shield Base Set","2585",15.22,"2026-08-18T12:17:01.513Z"
"265314","Sword and Shield Base Set Booster Pack Art Bundle [Set of 4]","SWSH01: Sword & Shield Base Set","2585",50.16,"2026-08-18T12:17:01.513Z"
"487795","Sword And Shield Base Set Sleeved Booster Pack Art Bundle [Set of 4]","SWSH01: Sword & Shield Base Set","2585",51.99,"2026-08-18T12:17:01.513Z"
"206037","Sword & Shield Theme Deck [Rillaboom]","SWSH01: Sword & Shield Base Set","2585",16.18,"2026-08-18T12:17:01.513Z"
"206036","Sword & Shield Theme Deck [Inteleon]","SWSH01: Sword & Shield Base Set","2585",13.34,"2026-08-18T12:17:01.513Z"
"206035","Sword & Shield Theme Deck [Cinderace]","SWSH01: Sword & Shield Base Set","2585",18.6,"2026-08-18T12:17:01.513Z"
"206031","Sword & Shield Single Blister Pack [Wooloo]","SWSH01: Sword & Shield Base Set","2585",14.66,"2026-08-18T12:17:01.513Z"
"206032","Sword & Shield Single Blister Pack [Gossifleur]","SWSH01: Sword & Shield Base Set","2585",15.4,"2026-08-18T12:17:01.513Z"
"206039","Sword & Shield Elite Trainer Box [Zamazenta]","SWSH01: Sword & Shield Base Set","2585",151.34,"2026-08-18T12:17:01.513Z"
"206038","Sword & Shield Elite Trainer Box [Zacian]","SWSH01: Sword & Shield Base Set","2585",164.58,"2026-08-18T12:17:01.513Z"
"244411","Sword & Shield Elite Trainer Box [Set of 2]","SWSH01: Sword & Shield Base Set","2585",322.78,"2026-08-18T12:17:01.513Z"
"206033","Sword & Shield Build & Battle Display","SWSH01: Sword & Shield Base Set","2585",750,"2026-02-28T06:46:26.049Z"
"206040","Sword & Shield Build & Battle Box","SWSH01: Sword & Shield Base Set","2585",87.26,"2026-08-18T12:17:01.513Z"
"206028","Sword & Shield Booster Pack","SWSH01: Sword & Shield Base Set","2585",10.76,"2026-08-18T12:17:01.513Z"
"530142","Sword & Shield Booster Box Case","SWSH01: Sword & Shield Base Set","2585",4458.98,"2026-07-07T06:41:37.576Z"
"206027","Sword & Shield Booster Box","SWSH01: Sword & Shield Base Set","2585",694.29,"2026-08-18T12:17:01.513Z"
"206029","Sword & Shield 3 Pack Blister [Morpeko]","SWSH01: Sword & Shield Base Set","2585",64.99,"2026-08-18T12:17:01.513Z"
"206030","Sword & Shield 3 Pack Blister [Galarian Ponyta]","SWSH01: Sword & Shield Base Set","2585",59.97,"2026-08-18T12:17:01.513Z"
"209531","Spring 2020 Collector's Chest Tin","SWSH01: Sword & Shield Base Set","2585",130.36,"2026-08-18T12:17:01.513Z"
"210576","Snorlax Pin Collection","SWSH01: Sword & Shield Base Set","2585",160,"2026-08-18T12:17:01.513Z"
"210577","Morpeko Pin Collection","SWSH01: Sword & Shield Base Set","2585",59.49,"2026-08-18T12:17:01.513Z"
"287507","Legends of Galar Tin + Galar Partners Tin 2-pack [Zamazenta V/Rillaboom V] (Retail Exclusive)","SWSH01: Sword & Shield Base Set","2585",129.99,"2026-07-10T00:59:02.359Z"
"287505","Legends of Galar Tin + Galar Partners Tin 2-pack [Zamazenta V/Inteleon V] (Retail Exclusive)","SWSH01: Sword & Shield Base Set","2585",179.99,"2026-08-18T12:17:01.513Z"
"287504","Legends of Galar Tin + Galar Partners Tin 2-pack [Zamazenta V/Cinderace V] (Retail Exclusive)","SWSH01: Sword & Shield Base Set","2585",129.99,"2026-07-10T00:59:02.359Z"
"287500","Legends of Galar Tin + Galar Partners Tin 2-pack [Zacian V/Rillaboom V] (Retail Exclusive)","SWSH01: Sword & Shield Base Set","2585",179.99,"2026-08-18T12:17:01.513Z"
"287502","Legends of Galar Tin + Galar Partners Tin 2-pack [Zacian V/Inteleon V] (Retail Exclusive)","SWSH01: Sword & Shield Base Set","2585",124,"2026-07-21T19:47:15.770Z"
"287503","Legends of Galar Tin + Galar Partners Tin 2-pack [Zacian V/Cinderace V] (Retail Exclusive)","SWSH01: Sword & Shield Base Set","2585",124,"2026-07-10T00:59:02.359Z"
"206423","Galar Partners Tin [Set of 3]","SWSH01: Sword & Shield Base Set","2585",299.95,"2026-01-22T01:42:41.351Z"
"206422","Galar Partners Tin [Rillaboom V]","SWSH01: Sword & Shield Base Set","2585",101.99,"2026-04-02T01:48:40.086Z"
"206417","Galar Partners Tin [Inteleon V]","SWSH01: Sword & Shield Base Set","2585",100,"2026-08-18T12:17:01.513Z"
"206420","Galar Partners Tin [Cinderace V]","SWSH01: Sword & Shield Base Set","2585",100,"2026-08-18T12:17:01.513Z"
"282887","Galar Partners International Tin [Rillaboom V]","SWSH01: Sword & Shield Base Set","2585",83,"2026-08-18T12:17:01.513Z"
"220751","Galar Partners Box [Rillaboom V]","SWSH01: Sword & Shield Base Set","2585",202.99,"2026-08-18T12:17:01.513Z"
"220752","Galar Partners Box [Inteleon V]","SWSH01: Sword & Shield Base Set","2585",158.67,"2026-08-18T12:17:01.513Z"
"220750","Galar Partners Box [Cinderace V]","SWSH01: Sword & Shield Base Set","2585",153.67,"2026-08-18T12:17:01.513Z"
"546609","SM - Cosmic Eclipse Sleeved Booster Pack","SM - Cosmic Eclipse","2534",125.23,"2026-08-18T12:17:01.563Z"
"199772","Pikachu GX & Eevee GX Special Collection","SM - Cosmic Eclipse","2534",499.31,"2026-08-18T12:17:01.563Z"
"199304","Cosmic Eclipse Theme Deck [Set of 2]","SM - Cosmic Eclipse","2534",71.97,"2026-03-12T17:59:55.012Z"
"199305","Cosmic Eclipse Theme Deck [Kyogre]","SM - Cosmic Eclipse","2534",48.51,"2026-08-18T12:17:01.563Z"
"199306","Cosmic Eclipse Theme Deck [Groudon]","SM - Cosmic Eclipse","2534",38.41,"2026-08-18T12:17:01.563Z"
"276587","Cosmic Eclipse Sleeved Booster Pack Art Bundle [Set of 4]","SM - Cosmic Eclipse","2534",449.18,"2026-08-18T12:17:01.563Z"
"199769","Cosmic Eclipse Single Pack Blister [Terrakion]","SM - Cosmic Eclipse","2534",126.99,"2026-08-18T12:17:01.563Z"
"199768","Cosmic Eclipse Single Pack Blister [Mismagius]","SM - Cosmic Eclipse","2534",99.99,"2026-02-20T01:50:17.143Z"
"199308","Cosmic Eclipse Elite Trainer Box","SM - Cosmic Eclipse","2534",1874.5,"2026-08-18T12:17:01.563Z"
"199310","Cosmic Eclipse Build & Battle Box","SM - Cosmic Eclipse","2534",414.99,"2026-08-18T12:17:01.563Z"
"267047","Cosmic Eclipse Booster Pack Art Bundle [Set of 4]","SM - Cosmic Eclipse","2534",285.7,"2026-08-18T12:17:01.563Z"
"199263","Cosmic Eclipse Booster Pack","SM - Cosmic Eclipse","2534",75.41,"2026-08-18T12:17:01.563Z"
"199261","Cosmic Eclipse Booster Box","SM - Cosmic Eclipse","2534",4148.34,"2026-08-18T12:17:01.563Z"
"199766","Cosmic Eclipse 3 Pack Blister [Victini]","SM - Cosmic Eclipse","2534",170,"2026-04-19T23:02:02.607Z"
"199767","Cosmic Eclipse 3 Pack Blister [Celebi]","SM - Cosmic Eclipse","2534",349.99,"2026-08-18T12:17:01.563Z"
"199466","Hidden Fates Ultra-Premium Collection","Hidden Fates","2480",1275,"2026-08-18T12:17:01.601Z"
"213476","Hidden Fates Tin [Set of 3]","Hidden Fates","2480",472.65,"2026-08-18T12:17:01.601Z"
"193438","Hidden Fates Tin [Raichu GX]","Hidden Fates","2480",155.94,"2026-08-18T12:17:01.601Z"
"193436","Hidden Fates Tin [Gyarados GX]","Hidden Fates","2480",157.59,"2026-08-18T12:17:01.601Z"
"193437","Hidden Fates Tin [Charizard GX]","Hidden Fates","2480",165.31,"2026-08-18T12:17:01.601Z"
"206302","Hidden Fates Premium Powers Collection","Hidden Fates","2480",687.5,"2026-08-18T12:17:01.601Z"
"198523","Hidden Fates Poke Ball Collection [Shiny Zoroark]","Hidden Fates","2480",597.97,"2026-08-18T12:17:01.601Z"
"198524","Hidden Fates Poke Ball Collection [Shiny Metagross]","Hidden Fates","2480",521.82,"2026-08-18T12:17:01.601Z"
"198525","Hidden Fates Poke Ball Collection [Set of 2]","Hidden Fates","2480",899,"2026-08-18T12:17:01.601Z"
"193440","Hidden Fates Pin Collection [Mewtwo]","Hidden Fates","2480",216.66,"2026-08-18T12:17:01.601Z"
"193439","Hidden Fates Pin Collection [Mew]","Hidden Fates","2480",210,"2026-08-18T12:17:01.601Z"
"648466","Hidden Fates Elite Trainer Box Case","Hidden Fates","2480",6500,"2026-05-25T16:34:05.953Z"
"194729","Hidden Fates Elite Trainer Box","Hidden Fates","2480",556.59,"2026-08-18T12:17:01.601Z"
"205161","Hidden Fates Collection [Raichu GX]","Hidden Fates","2480",179,"2026-08-18T12:17:01.601Z"
"205160","Hidden Fates Collection [Gyarados GX]","Hidden Fates","2480",180.2,"2026-08-18T12:17:01.601Z"
"205159","Hidden Fates Collection [Charizard GX]","Hidden Fates","2480",195.45,"2026-08-18T12:17:01.601Z"
"545766","Hidden Fates Booster Pack Art Bundle [Set of 4]","Hidden Fates","2480",174.41,"2026-08-18T12:17:01.601Z"
"198634","Hidden Fates Booster Pack","Hidden Fates","2480",48.38,"2026-08-18T12:17:01.601Z"
"191888","Unified Minds Theme Deck - ""Soaring Storm"" [Dragonite]","SM - Unified Minds","2464",84.99,"2026-08-18T12:17:01.763Z"
"191889","Unified Minds Theme Deck - ""Laser Focus"" [Necrozma]","SM - Unified Minds","2464",30.67,"2026-07-31T00:11:24.257Z"
"191887","Unified Minds Single Pack Blister [Sudowoodo]","SM - Unified Minds","2464",99.49,"2026-08-18T12:17:01.763Z"
"191886","Unified Minds Single Pack Blister [Pikachu]","SM - Unified Minds","2464",97.5,"2026-04-23T07:16:59.452Z"
"195612","Unified Minds Prerelease Kit","SM - Unified Minds","2464",349.98,"2026-08-18T12:17:01.763Z"
"229579","Unified Minds Premium Checklane Blister [Umbreon]","SM - Unified Minds","2464",149.99,"2026-08-18T12:17:01.763Z"
"229580","Unified Minds Premium Checklane Blister [Espeon]","SM - Unified Minds","2464",115,"2026-08-18T12:17:01.763Z"
"686509","Unified Minds Mini Pack","SM - Unified Minds","2464",20.37,"2026-08-18T12:17:01.763Z"
"193052","Unified Minds Elite Trainer Box","SM - Unified Minds","2464",1719.9,"2026-08-18T12:17:01.763Z"
"267046","Unified Minds Booster Pack Art Bundle [Set of 4]","SM - Unified Minds","2464",230,"2026-08-18T12:17:01.763Z"
"191883","Unified Minds Booster Pack","SM - Unified Minds","2464",70.19,"2026-08-18T12:17:01.763Z"
"191882","Unified Minds Booster Box","SM - Unified Minds","2464",3008.23,"2026-08-18T12:17:01.763Z"
"232313","Unified Minds 3 Pack Hanger Box","SM - Unified Minds","2464",246.85,"2026-08-18T12:17:01.763Z"
"191885","Unified Minds 3 Pack Blister [Vikavolt]","SM - Unified Minds","2464",324.95,"2026-07-10T00:59:02.384Z"
"191884","Unified Minds 3 Pack Blister [Stakataka]","SM - Unified Minds","2464",150,"2026-06-06T03:56:45.433Z"
"194735","Power Partnership Tin [Mewtwo & Mew GX]","SM - Unified Minds","2464",857.4,"2026-08-18T12:17:01.763Z"
"194736","Power Partnership Tin [Lucario & Melmetal GX]","SM - Unified Minds","2464",387.66,"2026-08-18T12:17:01.763Z"
"194737","Power Partnership Tin [Garchomp & Giratina GX]","SM - Unified Minds","2464",549.99,"2026-08-18T12:17:01.763Z"
"198521","Porygon-Z GX Box","SM - Unified Minds","2464",350,"2026-05-03T12:50:23.923Z"
"198528","Pale Moon GX Box","SM - Unified Minds","2464",400,"2026-08-18T12:17:01.763Z"
"276585","Unbroken Bonds Sleeved Booster Pack Art Bundle [Set of 4]","SM - Unbroken Bonds","2420",379,"2026-08-18T12:17:01.938Z"
"524331","Unbroken Bonds Sleeved Booster Pack","SM - Unbroken Bonds","2420",87.32,"2026-08-18T12:17:01.938Z"
"240189","Unbroken Bonds Single Pack Blister [Wailord]","SM - Unbroken Bonds","2420",120,"2026-08-18T12:17:01.938Z"
"240188","Unbroken Bonds Single Pack Blister [Steelix]","SM - Unbroken Bonds","2420",119.99,"2026-08-18T12:17:01.938Z"
"188413","Unbroken Bonds Single Pack Blister [Pikachu]","SM - Unbroken Bonds","2420",93.06,"2026-08-18T12:17:01.938Z"
"188412","Unbroken Bonds Single Pack Blister [Eevee]","SM - Unbroken Bonds","2420",81.36,"2026-08-18T12:17:01.938Z"
"189823","Unbroken Bonds Prerelease Kit","SM - Unbroken Bonds","2420",324.99,"2026-08-18T12:17:01.938Z"
"188400","Unbroken Bonds Lightning Loop Theme Deck - [Zeraora]","SM - Unbroken Bonds","2420",24.74,"2026-08-18T12:17:01.938Z"
"267045","Unbroken Bonds Booster Pack Art Bundle [Set of 4]","SM - Unbroken Bonds","2420",237,"2026-08-18T12:17:01.938Z"
"185718","Unbroken Bonds Booster Pack","SM - Unbroken Bonds","2420",66.88,"2026-08-18T12:17:01.938Z"
"185717","Unbroken Bonds Booster Box","SM - Unbroken Bonds","2420",2548.16,"2026-08-18T12:17:01.938Z"
"188399","Unbroken Bonds Battle Minds Theme Deck - [Mewtwo]","SM - Unbroken Bonds","2420",29.75,"2026-08-18T12:17:01.938Z"
"232315","Unbroken Bonds 3 Pack Hanger Box","SM - Unbroken Bonds","2420",249.48,"2026-08-18T12:17:01.938Z"
"188411","Unbroken Bonds 3 Pack Blister [Typhlosion]","SM - Unbroken Bonds","2420",244.34,"2026-08-18T12:17:01.938Z"
"188410","Unbroken Bonds 3 Pack Blister [Sceptile]","SM - Unbroken Bonds","2420",246.16,"2026-08-18T12:17:01.938Z"
"194597","Reshiram & Charizard GX Figure Collection","SM - Unbroken Bonds","2420",783.33,"2026-08-18T12:17:01.938Z"
"192083","Kangaskhan GX Box","SM - Unbroken Bonds","2420",250,"2026-02-20T01:50:22.049Z"
"192230","Blastoise GX Premium Collection","SM - Unbroken Bonds","2420",410,"2026-08-18T12:17:01.938Z"
"189658","Alolan Marowak GX Box","SM - Unbroken Bonds","2420",587,"2026-04-27T12:34:59.934Z"
"190324","Detective Pikachu: Mewtwo GX Case File","Detective Pikachu","2409",168.83,"2026-08-18T12:17:02.086Z"
"185243","Detective Pikachu: Greninja GX Case File","Detective Pikachu","2409",153.85,"2026-08-18T12:17:02.086Z"
"185244","Detective Pikachu: Collector Chest","Detective Pikachu","2409",372.33,"2026-08-18T12:17:02.086Z"
"237678","Detective Pikachu: Charizard GX Special Case File","Detective Pikachu","2409",499.99,"2026-08-18T12:17:02.086Z"
"185242","Detective Pikachu: Charizard GX Case File","Detective Pikachu","2409",196.3,"2026-08-18T12:17:02.086Z"
"264258","Detective Pikachu Two Pack Blister","Detective Pikachu","2409",38,"2026-07-28T00:27:26.859Z"
"502478","Detective Pikachu Tin [Mewtwo]","Detective Pikachu","2409",139.46,"2026-08-18T12:17:02.086Z"
"502477","Detective Pikachu Tin [Charizard]","Detective Pikachu","2409",152.61,"2026-08-18T12:17:02.086Z"
"189810","Detective Pikachu Special Promo Booster Pack","Detective Pikachu","2409",19.7,"2026-08-18T12:17:02.086Z"
"190325","Detective Pikachu Special Case File - 3 Pack Booster Blister","Detective Pikachu","2409",99.32,"2026-08-18T12:17:02.086Z"
"197563","Detective Pikachu On the Case Figure Collection","Detective Pikachu","2409",286.32,"2026-08-18T12:17:02.086Z"
"185245","Detective Pikachu Case File","Detective Pikachu","2409",81.51,"2026-08-18T12:17:02.086Z"
"187239","Detective Pikachu Booster Pack","Detective Pikachu","2409",22.43,"2026-08-18T12:17:02.086Z"
"181693","Towering Splash GX Box","SM - Team Up","2377",1099.99,"2026-06-01T18:06:58.191Z"
"181706","Team Up Theme Deck - ""Torrential Cannon"" [Blastoise]","SM - Team Up","2377",67.2,"2026-08-18T12:17:02.156Z"
"181705","Team Up Theme Deck - ""Relentless Flame"" [Charizard]","SM - Team Up","2377",74.75,"2026-08-18T12:17:02.156Z"
"276584","Team Up Sleeved Booster Pack Art Bundle [Set of 4]","SM - Team Up","2377",1204.5,"2026-08-18T12:17:02.156Z"
"524330","Team Up Sleeved Booster Pack","SM - Team Up","2377",328.72,"2026-08-18T12:17:02.156Z"
"181703","Team Up Single Pack Blister [Pikachu]","SM - Team Up","2377",419.11,"2026-08-18T12:17:02.156Z"
"181702","Team Up Single Pack Blister [Mimikyu]","SM - Team Up","2377",306.98,"2026-08-18T12:17:02.156Z"
"183975","Team Up Prerelease Kit","SM - Team Up","2377",1149.99,"2026-08-18T12:17:02.156Z"
"624522","Team Up Premium Checklane Blister [Raichu]","SM - Team Up","2377",750,"2026-08-18T12:17:02.156Z"
"624521","Team Up Premium Checklane Blister [Gyarados]","SM - Team Up","2377",750,"2026-08-18T12:17:02.156Z"
"181704","Team Up Elite Trainer Box","SM - Team Up","2377",4000,"2026-08-18T12:17:02.156Z"
"267044","Team Up Booster Pack Art Bundle [Set of 4]","SM - Team Up","2377",1000,"2026-08-18T12:17:02.156Z"
"181699","Team Up Booster Pack","SM - Team Up","2377",286.92,"2026-08-18T12:17:02.156Z"
"181698","Team Up Booster Box","SM - Team Up","2377",11481.67,"2026-08-18T12:17:02.156Z"
"690691","Team Up - Mini Booster Pack","SM - Team Up","2377",53.49,"2026-08-18T12:17:02.156Z"
"185259","TAG TEAM Tin [Set of 3]","SM - Team Up","2377",2199.95,"2026-08-18T12:17:02.156Z"
"185258","TAG TEAM Tin [Pikachu & Zekrom GX]","SM - Team Up","2377",701,"2026-08-18T12:17:02.156Z"
"185257","TAG TEAM Tin [Eevee & Snorlax GX]","SM - Team Up","2377",629.89,"2026-08-18T12:17:02.156Z"
"185256","TAG TEAM Tin [Celebi & Venusaur GX]","SM - Team Up","2377",600.99,"2026-08-18T12:17:02.156Z"
"595411","TAG TEAM Tin Case","SM - Team Up","2377",5399.95,"2026-08-18T12:17:02.156Z"
"185246","Melmetal GX Box","SM - Team Up","2377",950,"2026-08-18T12:17:02.156Z"
"181710","Vaporeon GX Special Collection","SM - Lost Thunder","2328",330,"2026-05-27T14:45:24.879Z"
"177528","Lost Thunder Theme Deck - ""Storm Caller"" [Raikou]","SM - Lost Thunder","2328",28.99,"2026-07-31T00:11:24.844Z"
"177527","Lost Thunder Theme Deck - ""Blazing Volcano"" [Entei]","SM - Lost Thunder","2328",33.5,"2026-08-18T12:17:02.344Z"
"276583","Lost Thunder Sleeved Booster Pack Art Bundle [Set of 4]","SM - Lost Thunder","2328",199.99,"2026-07-10T00:59:02.880Z"
"177907","Lost Thunder Single Pack Blister [Rowlett]","SM - Lost Thunder","2328",60,"2026-07-16T10:14:28.438Z"
"175511","Lost Thunder Elite Trainer Box","SM - Lost Thunder","2328",681.95,"2026-08-18T12:17:02.344Z"
"179423","Lost Thunder Build & Battle Box","SM - Lost Thunder","2328",180.28,"2026-08-18T12:17:02.344Z"
"267043","Lost Thunder Booster Pack Art Bundle [Set of 4]","SM - Lost Thunder","2328",199.48,"2026-08-18T12:17:02.344Z"
"175510","Lost Thunder Booster Pack","SM - Lost Thunder","2328",57.41,"2026-08-18T12:17:02.344Z"
"175509","Lost Thunder Booster Box","SM - Lost Thunder","2328",1465.84,"2026-08-18T12:17:02.344Z"
"177904","Lost Thunder 3 Pack Blister [Altaria]","SM - Lost Thunder","2328",210,"2026-08-18T12:17:02.344Z"
"181709","Jolteon GX Special Collection","SM - Lost Thunder","2328",240,"2026-04-02T01:48:58.415Z"
"181707","Island Guardians GX Premium Pin Collection","SM - Lost Thunder","2328",370,"2026-04-27T12:35:03.767Z"
"177864","Island Guardians GX Premium Collection","SM - Lost Thunder","2328",370.96,"2026-01-22T01:42:49.056Z"
"180518","Fall 2018 Collector Chest","SM - Lost Thunder","2328",172.99,"2026-03-09T09:37:41.041Z"
"179033","Legends of Unova GX Premium Collection","Dragon Majesty","2295",345,"2026-03-26T00:02:14.593Z"
"175560","Dragon Majesty Super-Premium Collection","Dragon Majesty","2295",1699.99,"2026-08-18T12:17:02.359Z"
"180522","Dragon Majesty Special Collection: Salamence GX","Dragon Majesty","2295",414.98,"2026-06-01T18:06:58.343Z"
"175062","Dragon Majesty Pin Collection [Latias]","Dragon Majesty","2295",399,"2026-08-18T12:17:02.359Z"
"173393","Dragon Majesty Elite Trainer Box","Dragon Majesty","2295",1367.99,"2026-08-18T12:17:02.359Z"
"173392","Dragon Majesty Booster Pack","Dragon Majesty","2295",98.27,"2026-08-18T12:17:02.359Z"
"175559","Lunala GX Box","SM - Celestial Storm","2278",289.85,"2026-08-18T12:17:02.404Z"
"175557","Evolution Celebration Tin [Sylveon GX]","SM - Celestial Storm","2278",148.24,"2026-08-18T12:17:02.404Z"
"175562","Evolution Celebration Tin [Set of 3]","SM - Celestial Storm","2278",324.99,"2026-04-02T01:49:20.793Z"
"175556","Evolution Celebration Tin [Leafeon GX]","SM - Celestial Storm","2278",148.31,"2026-08-18T12:17:02.404Z"
"175555","Evolution Celebration Tin [Glaceon GX]","SM - Celestial Storm","2278",144.87,"2026-08-18T12:17:02.404Z"
"170278","Celestial Storm Theme Deck - ""Leaf Charge"" [Sceptile]","SM - Celestial Storm","2278",46.99,"2026-08-18T12:17:02.404Z"
"170279","Celestial Storm Theme Deck - ""Hydro Fury"" [Swampert]","SM - Celestial Storm","2278",50.91,"2026-08-18T12:17:02.404Z"
"276582","Celestial Storm Sleeved Booster Pack Art Bundle [Set of 4]","SM - Celestial Storm","2278",350,"2026-07-21T19:47:16.542Z"
"177899","Celestial Storm Single Pack Blister [Tapu Fini]","SM - Celestial Storm","2278",90.98,"2026-08-18T12:17:02.404Z"
"177898","Celestial Storm Single Pack Blister [Tapu Bulu]","SM - Celestial Storm","2278",89.99,"2026-08-18T12:17:02.404Z"
"170277","Celestial Storm Elite Trainer Box","SM - Celestial Storm","2278",1961.95,"2026-08-18T12:17:02.404Z"
"170280","Celestial Storm Build & Battle Box","SM - Celestial Storm","2278",252.99,"2026-08-18T12:17:02.404Z"
"267042","Celestial Storm Booster Pack Art Bundle [Set of 4]","SM - Celestial Storm","2278",289.5,"2026-08-18T12:17:02.404Z"
"170274","Celestial Storm Booster Pack","SM - Celestial Storm","2278",58.86,"2026-08-18T12:17:02.404Z"
"170273","Celestial Storm Booster Box","SM - Celestial Storm","2278",2463.87,"2026-08-18T12:17:02.404Z"
"170275","Celestial Storm 3 Pack Booster Blister [Tapu Koko]","SM - Celestial Storm","2278",159.95,"2026-08-18T12:17:02.404Z"
"696638","2025 World Championship Deck: Yuyu Okita (JP Raging Bolt)","World Championship Decks","2282",23.44,"2026-08-18T12:17:02.448Z"
"696636","2025 World Championship Deck: Riley McKay (Flutter Devo Gardevoir)","World Championship Decks","2282",27.47,"2026-08-18T12:17:02.448Z"
"696637","2025 World Championship Deck: Liao Fu Guan (Joltdengo)","World Championship Decks","2282",24.37,"2026-08-18T12:17:02.448Z"
"696639","2025 World Championship Deck: Jose Cruz Galindo-Resendiz (Pult Bomb)","World Championship Decks","2282",25,"2026-08-18T12:17:02.448Z"
"696640","2025 World Championship Deck Display","World Championship Decks","2282",150.81,"2026-08-18T12:17:02.448Z"
"616301","2024 World Championship Deck: Sakuya Ota (Ancient Toolbox)","World Championship Decks","2282",14.4,"2026-08-18T12:17:02.448Z"
"616302","2024 World Championship Deck: Jesse Parker (The 'Don)","World Championship Decks","2282",21.02,"2026-08-18T12:17:02.448Z"
"616299","2024 World Championship Deck: Fernando Cifuentes (Crushing Thorn)","World Championship Decks","2282",17.03,"2026-08-18T12:17:02.448Z"
"616300","2024 World Championship Deck: Evan Pavelski (Regidrago VSTAR)","World Championship Decks","2282",20.44,"2026-08-18T12:17:02.448Z"
"532029","2023 World Championship Deck: Vance Kelley (Mew's Revenge)","World Championship Decks","2282",35.71,"2026-08-18T12:17:02.448Z"
"532030","2023 World Championship Deck: Tord Reklev (Psychic Elegance)","World Championship Decks","2282",18.67,"2026-08-18T12:17:02.448Z"
"532031","2023 World Championship Deck: Shao Tong Yen (Lost Box Kyogre)","World Championship Decks","2282",22.93,"2026-08-18T12:17:02.448Z"
"532028","2023 World Championship Deck: Gabriel Fernandez (Colorless Lugia)","World Championship Decks","2282",33.83,"2026-08-18T12:17:02.448Z"
"532027","2023 World Championship Deck [Set of 4]","World Championship Decks","2282",78.94,"2026-08-18T12:17:02.448Z"
"475659","2022 World Championship Deck: Sebastian Lashmet (Cheryl Again)","World Championship Decks","2282",19.25,"2026-08-18T12:17:02.448Z"
"475658","2022 World Championship Deck: Rikuto Ohashi (Ice Rider Palkia)","World Championship Decks","2282",18.65,"2026-08-18T12:17:02.448Z"
"475657","2022 World Championship Deck: Ondrej Skubal (ADP)","World Championship Decks","2282",33.06,"2026-08-18T12:17:02.448Z"
"475656","2022 World Championship Deck: Andre Chiasson (The Shape of Mew)","World Championship Decks","2282",29.05,"2026-08-18T12:17:02.448Z"
"477232","2022 World Championship Deck [Set of 4]","World Championship Decks","2282",98.13,"2026-08-18T12:17:02.448Z"
"200136","2019 World Championship Deck: Shintaro Ito (Mind Blown)","World Championship Decks","2282",78.99,"2026-03-30T17:24:03.047Z"
"200137","2019 World Championship Deck: Kaya Lichtleitner (Fire Box)","World Championship Decks","2282",94.95,"2026-08-18T12:17:02.448Z"
"200138","2019 World Championship Deck: Haruki Miyamoto (Pikarom Judge)","World Championship Decks","2282",99.97,"2026-08-18T12:17:02.448Z"
"175266","2017 World Championship Deck: Zachary Bokhari (Ice Path FTW)","World Championship Decks","2282",53.49,"2026-08-18T12:17:02.448Z"
"175265","2017 World Championship Deck: Naoto Suzuki (Golisodor)","World Championship Decks","2282",37,"2026-08-18T12:17:02.448Z"
"175268","2017 World Championship Deck: Kabu Fukase (Samurai Sniper)","World Championship Decks","2282",32.36,"2026-08-18T12:17:02.448Z"
"175267","2017 World Championship Deck: Diego Cassiraga (Infinite Force)","World Championship Decks","2282",53.97,"2026-08-18T12:17:02.448Z"
"170459","2016 World Championship Deck: Shunto Sadahiro (Black Dragon)","World Championship Decks","2282",69.95,"2026-02-13T18:22:14.224Z"
"170456","2016 World Championship Deck: Shintaro Ito (Magical Symphony)","World Championship Decks","2282",79.95,"2026-02-15T09:10:05.933Z"
"170458","2016 World Championship Deck: Jesper Eriksen (Bebe Deck)","World Championship Decks","2282",25,"2026-03-30T17:24:03.047Z"
"170457","2016 World Championship Deck: Cody Walinski (Ninja Blitz)","World Championship Decks","2282",99.99,"2026-08-18T12:17:02.448Z"
"169414","Forces of Nature GX Premium Collection","SM - Forbidden Light","2209",265,"2026-08-18T12:17:02.493Z"
"164306","Forbidden Light Theme Deck - ""Twilight Rogue"" [Lycanroc]","SM - Forbidden Light","2209",24.95,"2026-08-18T12:17:02.493Z"
"164305","Forbidden Light Theme Deck - ""Tropical Takedown"" [Alolan Exeggutor]","SM - Forbidden Light","2209",22.75,"2026-08-18T12:17:02.493Z"
"164300","Forbidden Light Sleeved Booster Pack","SM - Forbidden Light","2209",59.99,"2026-01-25T06:02:51.088Z"
"164302","Forbidden Light Single Pack Blister [Rockruff]","SM - Forbidden Light","2209",65,"2026-08-18T12:17:02.493Z"
"164301","Forbidden Light Single Pack Blister [Exeggcute]","SM - Forbidden Light","2209",72,"2026-08-18T12:17:02.493Z"
"166413","Forbidden Light Prerelease Kit","SM - Forbidden Light","2209",156.62,"2026-08-18T12:17:02.493Z"
"164303","Forbidden Light Elite Trainer Box","SM - Forbidden Light","2209",678.49,"2026-08-18T12:17:02.493Z"
"267041","Forbidden Light Booster Pack Art Bundle [Set of 4]","SM - Forbidden Light","2209",134.69,"2026-08-18T12:17:02.493Z"
"164297","Forbidden Light Booster Pack","SM - Forbidden Light","2209",44.62,"2026-08-18T12:17:02.493Z"
"164296","Forbidden Light Booster Box","SM - Forbidden Light","2209",1647.98,"2026-08-18T12:17:02.493Z"
"641117","Forbidden Light 3-Card Booster Pack","SM - Forbidden Light","2209",10.3,"2026-08-18T12:17:02.493Z"
"164315","Dusk Mane Necrozma Premium Collection","SM - Forbidden Light","2209",289.99,"2026-08-18T12:17:02.493Z"
"246415","Dusk Mane Necrozma Box","SM - Forbidden Light","2209",169,"2026-08-18T12:17:02.493Z"
"164314","Dawn Wings Necrozma Premium Collection","SM - Forbidden Light","2209",239.99,"2026-08-18T12:17:02.493Z"
"246414","Dawn Wings Necrozma Box","SM - Forbidden Light","2209",167.5,"2026-08-18T12:17:02.493Z"
"253837","Sun & Moon Trainer Kit: Alolan Sandslash & Alolan Ninetales Display","SM Trainer Kit: Alolan Sandslash & Alolan Ninetales","2208",220,"2026-08-18T12:17:02.485Z"
"162111","Sun & Moon Trainer Kit: Alolan Sandslash & Alolan Ninetales","SM Trainer Kit: Alolan Sandslash & Alolan Ninetales","2208",60.72,"2026-08-18T12:17:02.485Z"
"155665","Ultra Prism Theme Deck - ""Mach Strike"" [Garchomp]","SM - Ultra Prism","2178",36.61,"2026-08-18T12:17:02.599Z"
"155666","Ultra Prism Theme Deck - ""Imperial Command"" [Empoleon]","SM - Ultra Prism","2178",39.95,"2026-08-18T12:17:02.599Z"
"162040","Ultra Prism Single Pack Blister [Kirlia]","SM - Ultra Prism","2178",86.48,"2026-08-18T12:17:02.599Z"
"162039","Ultra Prism Single Pack Blister [Alolan Sandshrew]","SM - Ultra Prism","2178",80,"2026-08-18T12:17:02.599Z"
"158254","Ultra Prism Prerelease Kit","SM - Ultra Prism","2178",344.99,"2026-08-18T12:17:02.599Z"
"155664","Ultra Prism Elite Trainer Box [Dusk Mane Necrozma]","SM - Ultra Prism","2178",728.97,"2026-08-18T12:17:02.599Z"
"155663","Ultra Prism Elite Trainer Box [Dawn Wings Necrozma]","SM - Ultra Prism","2178",711.99,"2026-08-18T12:17:02.599Z"
"267040","Ultra Prism Booster Pack Art Bundle [Set of 4]","SM - Ultra Prism","2178",199.99,"2026-08-18T12:17:02.599Z"
"155662","Ultra Prism Booster Pack","SM - Ultra Prism","2178",46.8,"2026-08-18T12:17:02.599Z"
"155661","Ultra Prism Booster Box","SM - Ultra Prism","2178",1466.66,"2026-08-18T12:17:02.599Z"
"232314","Ultra Prism 3 Pack Hanger Box","SM - Ultra Prism","2178",139.98,"2026-08-18T12:17:02.599Z"
"162038","Ultra Prism 3 Pack Blister [Porygon-Z]","SM - Ultra Prism","2178",141.46,"2026-08-18T12:17:02.599Z"
"162037","Ultra Prism 3 Pack Blister [Alolan Vulpix]","SM - Ultra Prism","2178",152.49,"2026-08-18T12:17:02.599Z"
"162044","Spring 2018 Collector's Chest Tin","SM - Ultra Prism","2178",250,"2026-06-26T14:42:43.575Z"
"162045","Necrozma Prism Tin [Dusk Mane Necrozma GX]","SM - Ultra Prism","2178",224.99,"2026-08-18T12:17:02.599Z"
"164232","Legends of Johto GX Premium Collection Box","SM - Ultra Prism","2178",325.93,"2026-08-18T12:17:02.599Z"
"186105","Charmander Sidekick Collection","SM - Ultra Prism","2178",250,"2026-08-18T12:17:02.599Z"
"149375","Ultra Beasts GX Premium Collection [Pheromosa GX & Celesteela GX]","SM - Crimson Invasion","2071",353.99,"2026-08-18T12:17:02.637Z"
"149376","Ultra Beasts GX Premium Collection [Buzzwole GX & Xurkitree GX]","SM - Crimson Invasion","2071",275,"2026-08-18T12:17:02.637Z"
"152601","Silvally Figure Collection","SM - Crimson Invasion","2071",265.99,"2026-08-18T12:17:02.637Z"
"152598","Shiny Silvally GX Box","SM - Crimson Invasion","2071",68,"2026-08-18T12:17:02.637Z"
"166409","Pikachu Sidekick Collection","SM - Crimson Invasion","2071",201.25,"2026-08-18T12:17:02.637Z"
"166410","Mimikyu Sidekick Collection","SM - Crimson Invasion","2071",157.74,"2026-08-18T12:17:02.637Z"
"152602","Marshadow Figure Collection","SM - Crimson Invasion","2071",249.98,"2026-06-03T06:19:37.316Z"
"149380","Crimson Invasion Theme Deck - ""Destruction Fang"" [Hydreigon]","SM - Crimson Invasion","2071",29.73,"2026-08-18T12:17:02.637Z"
"149379","Crimson Invasion Theme Deck - ""Clanging Thunder"" [Kommo-o]","SM - Crimson Invasion","2071",31.97,"2026-08-18T12:17:02.637Z"
"276580","Crimson Invasion Sleeved Booster Pack Art Bundle [Set of 4]","SM - Crimson Invasion","2071",69.8,"2026-08-18T12:17:02.637Z"
"177874","Crimson Invasion Single Pack Blister [Golisopod]","SM - Crimson Invasion","2071",32.96,"2026-08-18T12:17:02.637Z"
"177875","Crimson Invasion Single Pack Blister [Dhelmise]","SM - Crimson Invasion","2071",33.96,"2026-08-18T12:17:02.637Z"
"153081","Crimson Invasion Prerelease Kit","SM - Crimson Invasion","2071",95.98,"2026-08-18T12:17:02.637Z"
"149377","Crimson Invasion Elite Trainer Box","SM - Crimson Invasion","2071",218.27,"2026-08-18T12:17:02.637Z"
"267039","Crimson Invasion Booster Pack Art Bundle [Set of 4]","SM - Crimson Invasion","2071",149.95,"2026-08-18T12:17:02.637Z"
"146996","Crimson Invasion Booster Pack","SM - Crimson Invasion","2071",18.81,"2026-08-18T12:17:02.637Z"
"146995","Crimson Invasion Booster Box","SM - Crimson Invasion","2071",660.94,"2026-08-18T12:17:02.637Z"
"177873","Crimson Invasion 3 Pack Blister [Lucario]","SM - Crimson Invasion","2071",54.7,"2026-08-18T12:17:02.637Z"
"177872","Crimson Invasion 3 Pack Blister [Decidueye]","SM - Crimson Invasion","2071",55.74,"2026-08-18T12:17:02.637Z"
"148412","Shining Legends Super-Premium Collection [Ho-Oh GX]","Shining Legends","2054",1280,"2026-08-18T12:17:02.662Z"
"149378","Shining Legends Special Collection: Zoroark GX","Shining Legends","2054",300,"2026-03-09T09:38:12.845Z"
"155062","Shining Legends Special Collection: Raichu GX","Shining Legends","2054",442.98,"2026-08-18T12:17:02.662Z"
"209439","Shining Legends Premium Powers Collection","Shining Legends","2054",999.99,"2026-08-18T12:17:02.662Z"
"154717","Shining Legends Pin Collection: Zoroark","Shining Legends","2054",380,"2026-08-18T12:17:02.662Z"
"145849","Shining Legends Pin Collection: Pikachu","Shining Legends","2054",309.46,"2026-08-18T12:17:02.662Z"
"145848","Shining Legends Pin Collection: Mewtwo","Shining Legends","2054",407.97,"2026-08-18T12:17:02.662Z"
"155596","Shining Legends Pin Collection: Marshadow","Shining Legends","2054",327.49,"2026-08-18T12:17:02.662Z"
"161257","Shining Legends Figure Collection: Shiny Darkrai GX","Shining Legends","2054",385.99,"2026-06-01T18:06:58.654Z"
"145847","Shining Legends Elite Trainer Box","Shining Legends","2054",957.54,"2026-08-18T12:17:02.662Z"
"152603","Shining Legends Collector Chest","Shining Legends","2054",684.99,"2026-08-18T12:17:02.662Z"
"600514","Shining Legends Collection: Shiny Darkrai GX","Shining Legends","2054",399.99,"2026-08-18T12:17:02.662Z"
"155880","Shining Legends Booster Pack","Shining Legends","2054",107.59,"2026-08-18T12:17:02.662Z"
"141243","Tsareena GX Box","SM - Burning Shadows","1957",145.99,"2026-08-18T12:17:02.702Z"
"148417","Team Skull Pin Collection","SM - Burning Shadows","1957",210,"2026-08-18T12:17:02.702Z"
"133775","Tapu Lele Pin Collection","SM - Burning Shadows","1957",48.59,"2026-02-22T05:03:28.453Z"
"148419","Mysterious Powers Tin [Necrozma GX]","SM - Burning Shadows","1957",126.74,"2026-08-18T12:17:02.702Z"
"148420","Mysterious Powers Tin [Marshadow GX]","SM - Burning Shadows","1957",99.9,"2026-07-24T21:43:18.744Z"
"148418","Mysterious Powers Tin [Ho-Oh GX]","SM - Burning Shadows","1957",115.71,"2026-08-18T12:17:02.702Z"
"218321","Lycanroc GX Challenge Box","SM - Burning Shadows","1957",80,"2026-06-28T04:40:15.759Z"
"153454","Kommo-o GX Box","SM - Burning Shadows","1957",121.98,"2026-08-18T12:17:02.702Z"
"133777","Burning Shadows Theme Deck - ""Rock Steady"" [Lycanroc]","SM - Burning Shadows","1957",13.28,"2026-08-18T12:17:02.702Z"
"133778","Burning Shadows Theme Deck - ""Luminous Frost"" [Alolan Ninetales]","SM - Burning Shadows","1957",21.17,"2026-08-18T12:17:02.702Z"
"276579","Burning Shadows Sleeved Booster Pack Art Bundle [Set of 4]","SM - Burning Shadows","1957",120,"2026-08-10T01:40:54.678Z"
"550677","Burning Shadows Sleeved Booster Pack","SM - Burning Shadows","1957",35.2,"2026-08-18T12:17:02.702Z"
"136598","Burning Shadows Single Pack Blister [Komala]","SM - Burning Shadows","1957",42,"2026-08-18T12:17:02.702Z"
"136597","Burning Shadows Single Pack Blister [Jangmo-o]","SM - Burning Shadows","1957",40,"2026-08-18T12:17:02.702Z"
"139888","Burning Shadows Prerelease Kit","SM - Burning Shadows","1957",299.97,"2026-08-18T12:17:02.702Z"
"133776","Burning Shadows Elite Trainer Box","SM - Burning Shadows","1957",322,"2026-08-18T12:17:02.702Z"
"267038","Burning Shadows Booster Pack Art Bundle [Set of 4]","SM - Burning Shadows","1957",132.48,"2026-08-18T12:17:02.702Z"
"133774","Burning Shadows Booster Pack","SM - Burning Shadows","1957",32.63,"2026-08-18T12:17:02.702Z"
"133773","Burning Shadows Booster Box","SM - Burning Shadows","1957",1228.66,"2026-08-18T12:17:02.702Z"
"136600","Burning Shadows 3 Pack Blister [Cosmog]","SM - Burning Shadows","1957",120,"2026-08-18T12:17:02.702Z"
"136599","Burning Shadows 3 Pack Blister [Alolan Meowth]","SM - Burning Shadows","1957",120,"2026-08-18T12:17:02.702Z"
"155504","Alolan Raichu Figure Collection","SM - Burning Shadows","1957",160.99,"2026-03-10T21:05:52.422Z"
"218320","Alolan Ninetales GX Challenge Box","SM - Burning Shadows","1957",97,"2026-08-18T12:17:02.702Z"
"137524","Umbreon GX Premium Collection","SM - Guardians Rising","1919",812.5,"2026-08-18T12:17:02.721Z"
"177870","Triple Effect Tin [Vaporeon]","SM - Guardians Rising","1919",245,"2026-08-08T07:08:55.390Z"
"177869","Triple Effect Tin [Jolteon]","SM - Guardians Rising","1919",300,"2026-08-18T12:17:02.721Z"
"177868","Triple Effect Tin [Flareon]","SM - Guardians Rising","1919",300,"2026-08-18T12:17:02.721Z"
"132237","Tapu Koko Pin Collection","SM - Guardians Rising","1919",73.5,"2026-08-18T12:17:02.721Z"
"131734","Tapu Koko Figure Collection","SM - Guardians Rising","1919",109,"2026-08-18T12:17:02.720Z"
"218327","Solgaleo GX Challenge Box","SM - Guardians Rising","1919",133.9,"2026-03-13T20:33:55.117Z"
"137872","Shiny Tapu Koko GX Box","SM - Guardians Rising","1919",120,"2026-06-06T03:56:46.472Z"
"133805","Primarina GX Premium Collection","SM - Guardians Rising","1919",337.99,"2026-08-18T12:17:02.720Z"
"133808","Mega Tyranitar EX Premium Collection","SM - Guardians Rising","1919",249.99,"2026-02-10T06:27:28.293Z"
"131693","Mega Powers Collection","SM - Guardians Rising","1919",1098.79,"2026-08-18T12:17:02.720Z"
"133812","Legendary Battle Decks [Lugia]","SM - Guardians Rising","1919",46.38,"2026-08-18T12:17:02.720Z"
"133811","Legendary Battle Decks [Ho-Oh]","SM - Guardians Rising","1919",38.83,"2026-08-18T12:17:02.720Z"
"131725","Island Guardians Tin [Tapu Koko GX]","SM - Guardians Rising","1919",175,"2026-08-18T12:17:02.720Z"
"131726","Island Guardians Tin [Tapu Bulu GX]","SM - Guardians Rising","1919",115,"2026-08-18T12:17:02.720Z"
"133807","Incineroar GX Premium Collection","SM - Guardians Rising","1919",230,"2026-03-06T07:20:35.263Z"
"129892","Guardians Rising Theme Deck - ""Steel Sun"" [Solgaleo]","SM - Guardians Rising","1919",19.46,"2026-08-18T12:17:02.720Z"
"129891","Guardians Rising Theme Deck - ""Hidden Moon"" [Lunala]","SM - Guardians Rising","1919",26.76,"2026-08-18T12:17:02.720Z"
"276578","Guardians Rising Sleeved Booster Pack Art Bundle [Set of 4]","SM - Guardians Rising","1919",136,"2026-08-18T12:17:02.720Z"
"616825","Guardians Rising Sleeved Booster Pack","SM - Guardians Rising","1919",35.24,"2026-08-18T12:17:02.720Z"
"184342","Guardians Rising Single Pack Blister [Tsareena]","SM - Guardians Rising","1919",31.07,"2026-08-18T12:17:02.720Z"
"184341","Guardians Rising Single Pack Blister [Lurantis]","SM - Guardians Rising","1919",38.68,"2026-08-18T12:17:02.720Z"
"242963","Guardians Rising Single Pack Blister [Crobat]","SM - Guardians Rising","1919",34.95,"2026-04-29T20:26:17.547Z"
"242964","Guardians Rising Single Pack Blister [Alolan Persian]","SM - Guardians Rising","1919",34.95,"2026-08-14T15:30:55.062Z"
"131273","Guardians Rising Prerelease Kit","SM - Guardians Rising","1919",345.5,"2026-08-18T12:17:02.720Z"
"129890","Guardians Rising Elite Trainer Box","SM - Guardians Rising","1919",415.4,"2026-08-18T12:17:02.720Z"
"267037","Guardians Rising Booster Pack Art Bundle [Set of 4]","SM - Guardians Rising","1919",184.96,"2026-08-18T12:17:02.720Z"
"129889","Guardians Rising Booster Pack","SM - Guardians Rising","1919",34.6,"2026-08-18T12:17:02.720Z"
"129888","Guardians Rising Booster Box","SM - Guardians Rising","1919",1824.5,"2026-08-18T12:17:02.720Z"
"184339","Guardians Rising 3 Pack Blister [Vikavolt]","SM - Guardians Rising","1919",83.99,"2026-02-20T01:51:01.453Z"
"184340","Guardians Rising 3 Pack Blister [Turtonator]","SM - Guardians Rising","1919",88.74,"2026-08-18T12:17:02.720Z"
"137523","Espeon GX Premium Collection","SM - Guardians Rising","1919",455,"2026-08-18T12:17:02.720Z"
"132238","Bewear GX Box","SM - Guardians Rising","1919",277.97,"2026-08-18T12:17:02.720Z"
"133810","Battle Arena Decks: Black Kyurem EX vs White Kyurem EX","SM - Guardians Rising","1919",49.96,"2026-08-18T12:17:02.720Z"
"152815","Sun & Moon Trainer Kit: Lycanroc & Alolan Raichu","SM Trainer Kit: Lycanroc & Alolan Raichu","2069",13.53,"2026-08-18T12:17:02.742Z"
"455776","Zygarde Complete Forme Pin Collection","SM Base Set","1863",150,"2026-08-18T12:17:02.873Z"
"656996","Sun & Moon GX Challenge Box [Primarina]","SM Base Set","1863",117.5,"2026-08-18T12:17:02.873Z"
"244313","Sun & Moon GX Challenge Box [Incineroar]","SM Base Set","1863",95.97,"2026-08-18T12:17:02.873Z"
"244314","Sun & Moon GX Challenge Box [Decidueye]","SM Base Set","1863",150,"2026-08-18T12:17:02.873Z"
"126089","Sun & Moon Elite Trainer Box [Solgaleo]","SM Base Set","1863",246.69,"2026-08-18T12:17:02.873Z"
"126091","Sun & Moon Elite Trainer Box [Lunala]","SM Base Set","1863",249.98,"2026-08-18T12:17:02.873Z"
"243052","Sun & Moon Elite Trainer Box Case","SM Base Set","1863",2999.99,"2026-08-18T12:17:02.873Z"
"267036","Sun & Moon Booster Pack Art Bundle [Set of 5]","SM Base Set","1863",137,"2026-08-18T12:17:02.873Z"
"129385","Sun & Moon Booster Pack","SM Base Set","1863",21.47,"2026-08-18T12:17:02.873Z"
"126048","Sun & Moon Booster Box","SM Base Set","1863",945.95,"2026-08-18T12:17:02.873Z"
"126173","Sun & Moon Base Set Theme Deck - ""Roaring Heat"" [Incineroar]","SM Base Set","1863",23.44,"2026-08-18T12:17:02.873Z"
"126172","Sun & Moon Base Set Theme Deck - ""Forest Shadow"" [Decidueye]","SM Base Set","1863",17.14,"2026-08-18T12:17:02.873Z"
"126174","Sun & Moon Base Set Theme Deck - ""Bright Tide"" [Primarina]","SM Base Set","1863",19.58,"2026-08-18T12:17:02.873Z"
"126052","Sun & Moon Base Set 3 Pack Blister [Togedemaru]","SM Base Set","1863",121.99,"2026-08-18T12:17:02.873Z"
"126054","Sun & Moon Base Set 3 Pack Blister [Litten]","SM Base Set","1863",66.67,"2026-08-18T12:17:02.873Z"
"267958","Spring 2017 Collector's Chest Tin","SM Base Set","1863",220,"2026-07-01T05:10:43.128Z"
"131870","Scizor EX Box","SM Base Set","1863",249.95,"2026-08-18T12:17:02.873Z"
"656924","Primarina GX Challenge Box","SM Base Set","1863",125,"2026-05-27T14:45:25.601Z"
"129895","Mimikyu Pin Collection","SM Base Set","1863",157.13,"2026-08-18T12:17:02.873Z"
"131865","Lycanroc GX Box","SM Base Set","1863",139.99,"2026-07-01T05:10:43.128Z"
"129309","Legends of Alola Tin [Solgaleo GX]","SM Base Set","1863",159.99,"2026-08-18T12:17:02.873Z"
"129310","Legends of Alola Tin [Lunala GX]","SM Base Set","1863",155,"2026-08-18T12:17:02.873Z"
"148381","Legacy Evolution Pin Collection","SM Base Set","1863",260,"2026-08-18T12:17:02.873Z"
"131867","Kingdra EX Box","SM Base Set","1863",150,"2026-02-26T23:27:40.832Z"
"209655","Incineroar GX Challenge Box","SM Base Set","1863",75,"2026-05-08T18:26:29.116Z"
"230425","Decidueye GX Challenge Box","SM Base Set","1863",68,"2026-08-18T12:17:02.873Z"
"603423","XY Evolutions Single Pack Blister [Weezing]","XY - Evolutions","1842",94.71,"2026-08-18T12:17:03.058Z"
"603422","XY Evolutions Single Pack Blister [Greninja]","XY - Evolutions","1842",125.28,"2026-08-18T12:17:03.058Z"
"125741","XY Evolutions Prerelease Kit","XY - Evolutions","1842",866.67,"2026-08-18T12:17:03.058Z"
"123447","XY Evolutions Elite Trainer Box [Mega Charizard Y]","XY - Evolutions","1842",811.14,"2026-08-18T12:17:03.058Z"
"123448","XY Evolutions Elite Trainer Box [Mega Blastoise]","XY - Evolutions","1842",615.89,"2026-08-18T12:17:03.058Z"
"226363","XY Evolutions Booster Box Case","XY - Evolutions","1842",14888.88,"2026-08-18T12:17:03.058Z"
"123446","XY Evolutions Booster Box","XY - Evolutions","1842",2509.27,"2026-08-18T12:17:03.058Z"
"272648","XY - Evolutions Sleeved Booster Pack","XY - Evolutions","1842",94.97,"2026-08-18T12:17:03.058Z"
"125736","Snorlax GX Box","XY - Evolutions","1842",349.98,"2026-08-18T12:17:03.058Z"
"127180","Mythical Collection [Volcanion]","XY - Evolutions","1842",357.58,"2026-08-18T12:17:03.058Z"
"127179","Mythical Collection [Magearna]","XY - Evolutions","1842",799.99,"2026-08-18T12:17:03.058Z"
"125735","Mewtwo EX Box","XY - Evolutions","1842",379.98,"2026-08-18T12:17:03.058Z"
"222988","Kanto Power Collection [Mewtwo EX/Slowbro EX]","XY - Evolutions","1842",564.4,"2026-08-18T12:17:03.058Z"
"222989","Kanto Power Collection [Dragonite EX/Pidgeot EX]","XY - Evolutions","1842",533.9,"2026-08-18T12:17:03.058Z"
"125732","Kangaskhan EX Box","XY - Evolutions","1842",345,"2026-06-16T19:22:36.094Z"
"125733","Gengar EX Box","XY - Evolutions","1842",472.5,"2026-08-18T12:17:03.058Z"
"123449","Evolutions Theme Deck - ""Pikachu Power"" [Pikachu]","XY - Evolutions","1842",39,"2026-08-18T12:17:03.058Z"
"123450","Evolutions Theme Deck - ""Mewtwo Mayhem"" [Mewtwo]","XY - Evolutions","1842",47.73,"2026-08-18T12:17:03.058Z"
"272649","Evolutions Booster Pack Art Bundle [Set of 4]","XY - Evolutions","1842",225.96,"2026-08-18T12:17:03.058Z"
"129907","Evolutions Booster Pack","XY - Evolutions","1842",65.53,"2026-08-18T12:17:03.058Z"
"125734","Dragonite EX Box","XY - Evolutions","1842",278.91,"2026-08-18T12:17:03.058Z"
"125731","Charizard EX Box","XY - Evolutions","1842",339.98,"2026-08-18T12:17:03.058Z"
"126570","BREAK Evolution Box [Arcanine]","XY - Evolutions","1842",449.99,"2026-08-18T12:17:03.058Z"
"125739","Alola Collection [Solgaleo]","XY - Evolutions","1842",401.99,"2026-08-18T12:17:03.058Z"
"125740","Alola Collection [Lunala]","XY - Evolutions","1842",249,"2026-08-18T12:17:03.058Z"
"268448","XY Steam Siege Sleeved Booster Pack","XY - Steam Siege","1815",34.22,"2026-08-18T12:17:03.064Z"
"120699","Steam Siege Theme Deck - ""Ring of Lightning"" [Hoopa]","XY - Steam Siege","1815",24.11,"2026-08-18T12:17:03.064Z"
"120698","Steam Siege Theme Deck - ""Gears of Fire"" [Volcanion]","XY - Steam Siege","1815",19.69,"2026-08-18T12:17:03.064Z"
"276599","Steam Siege Sleeved Booster Pack Art Bundle [Set of 4]","XY - Steam Siege","1815",142.49,"2026-08-18T12:17:03.064Z"
"120702","Steam Siege Single Pack Blister [Lucario]","XY - Steam Siege","1815",63.73,"2026-08-18T12:17:03.064Z"
"120703","Steam Siege Single Pack Blister [Floette]","XY - Steam Siege","1815",35.31,"2026-08-18T12:17:03.064Z"
"121393","Steam Siege Prerelease Kit","XY - Steam Siege","1815",160.32,"2026-08-18T12:17:03.064Z"
"120697","Steam Siege Elite Trainer Box","XY - Steam Siege","1815",1800,"2026-08-18T12:17:03.064Z"
"130013","Steam Siege Booster Pack","XY - Steam Siege","1815",29.83,"2026-08-18T12:17:03.064Z"
"120076","Steam Siege Booster Box","XY - Steam Siege","1815",1177.49,"2026-08-18T12:17:03.064Z"
"120705","Steam Siege 3 Pack Blister [Rayquaza]","XY - Steam Siege","1815",300,"2026-08-18T12:17:03.064Z"
"177529","Mega Gyarados Collection Box","XY - Steam Siege","1815",523,"2026-08-18T12:17:03.064Z"
"177157","Legendary Battle Decks [Zapdos]","XY - Steam Siege","1815",70.99,"2026-08-18T12:17:03.064Z"
"177156","Legendary Battle Decks [Moltres]","XY - Steam Siege","1815",94.95,"2026-08-18T12:17:03.064Z"
"177155","Legendary Battle Decks [Articuno]","XY - Steam Siege","1815",103.96,"2026-05-27T14:45:25.700Z"
"693146","Hoopa EX Challenge Box","XY - Steam Siege","1815",69,"2026-08-18T12:17:03.064Z"
"123442","Battle Heart Tin [Volcanion EX]","XY - Steam Siege","1815",218.12,"2026-08-18T12:17:03.064Z"
"123441","Battle Heart Tin [Pikachu EX]","XY - Steam Siege","1815",223.74,"2026-08-18T12:17:03.064Z"
"123440","Battle Heart Tin [Magearna EX]","XY - Steam Siege","1815",206.24,"2026-08-18T12:17:03.064Z"
"123439","Battle Arena Decks: Keldeo EX vs Rayquaza EX","XY - Steam Siege","1815",147.26,"2026-08-18T12:17:03.064Z"
"168114","XY Fates Collide Booster Pack","XY - Fates Collide","1780",43.34,"2026-08-18T12:17:03.190Z"
"117478","XY Fates Collide Booster Box","XY - Fates Collide","1780",2754.99,"2026-08-18T12:17:03.190Z"
"504700","XY - Fates Collide Sleeved Booster Pack [Zygarde]","XY - Fates Collide","1780",53.2,"2026-08-18T12:17:03.190Z"
"504697","XY - Fates Collide Sleeved Booster Pack [Mega Alakazam]","XY - Fates Collide","1780",56.14,"2026-08-18T12:17:03.190Z"
"504699","XY - Fates Collide Sleeved Booster Pack [Lugia BREAK]","XY - Fates Collide","1780",49.81,"2026-08-18T12:17:03.190Z"
"504698","XY - Fates Collide Sleeved Booster Pack [Delphox BREAK]","XY - Fates Collide","1780",47.85,"2026-08-18T12:17:03.190Z"
"118335","Mega Mawile EX Premium Collection","XY - Fates Collide","1780",349.99,"2026-03-10T21:06:03.785Z"
"117479","Fates Collide Theme Deck - ""Sky Guardian"" [Lugia]","XY - Fates Collide","1780",70.77,"2026-08-18T12:17:03.190Z"
"117480","Fates Collide Theme Deck - ""Battle Ruler"" [Zygarde]","XY - Fates Collide","1780",24.49,"2026-08-18T12:17:03.190Z"
"276598","Fates Collide Sleeved Booster Pack Art Bundle [Set of 4]","XY - Fates Collide","1780",191.41,"2026-08-18T12:17:03.190Z"
"118337","Fates Collide Single Pack Blister [Pansear]","XY - Fates Collide","1780",95.99,"2026-08-18T12:17:03.190Z"
"118338","Fates Collide Single Pack Blister [Gastly]","XY - Fates Collide","1780",111.99,"2026-08-18T12:17:03.190Z"
"118334","Fates Collide Prerelease Kit","XY - Fates Collide","1780",209.3,"2026-08-18T12:17:03.190Z"
"118331","Fates Collide Elite Trainer Box","XY - Fates Collide","1780",753.97,"2026-07-29T07:02:07.641Z"
"118336","Ash-Greninja EX Box","XY - Fates Collide","1780",349.99,"2026-06-20T04:16:49.012Z"
"118797","XY Trainer Kit: Pikachu Libre & Suicune","XY Trainer Kit: Pikachu Libre & Suicune","1796",99.99,"2026-04-04T09:09:15.097Z"
"147223","Super-Premium Collection [Mew & Mewtwo]","Generations","1728",4697.97,"2026-08-18T12:17:03.213Z"
"120700","Red & Blue Collection [Venusaur EX]","Generations","1728",999.99,"2026-03-07T17:35:29.650Z"
"123432","Red & Blue Collection [Pikachu EX]","Generations","1728",2522,"2026-08-18T12:17:03.213Z"
"115598","Red & Blue Collection [Charizard EX]","Generations","1728",1002.71,"2026-08-18T12:17:03.213Z"
"118795","Red & Blue Collection [Blastoise EX]","Generations","1728",1189.63,"2026-08-18T12:17:03.213Z"
"123433","Mythical Pokemon Collection Box [Victini]","Generations","1728",457.48,"2026-08-18T12:17:03.213Z"
"120114","Mythical Pokemon Collection Box [Shaymin]","Generations","1728",600,"2026-08-18T12:17:03.213Z"
"113774","Mythical Pokemon Collection Box [Mew]","Generations","1728",658.75,"2026-08-18T12:17:03.213Z"
"126568","Mythical Pokemon Collection Box [Meloetta]","Generations","1728",402.11,"2026-08-18T12:17:03.213Z"
"118796","Mythical Pokemon Collection Box [Manaphy]","Generations","1728",555,"2026-08-18T12:17:03.213Z"
"123740","Mythical Pokemon Collection Box [Keldeo]","Generations","1728",384.83,"2026-08-18T12:17:03.213Z"
"116999","Mythical Pokemon Collection Box [Jirachi]","Generations","1728",515.25,"2026-08-18T12:17:03.213Z"
"126569","Mythical Pokemon Collection Box [Genesect]","Generations","1728",398.33,"2026-08-18T12:17:03.213Z"
"118342","Mythical Pokemon Collection Box [Darkrai]","Generations","1728",509,"2026-08-18T12:17:03.213Z"
"114525","Mythical Pokemon Collection Box [Celebi]","Generations","1728",543.33,"2026-08-18T12:17:03.213Z"
"121363","Mythical Pokemon Collection Box [Arceus]","Generations","1728",439.96,"2026-08-18T12:17:03.213Z"
"123741","Generations Elite Trainer Box","Generations","1728",2999.19,"2026-08-18T12:17:03.213Z"
"187238","Generations Booster Pack","Generations","1728",294.42,"2026-08-18T12:17:03.213Z"
"111280","XY BREAKpoint Elite Trainer Box","XY - BREAKpoint","1701",1099.99,"2026-08-18T12:17:03.313Z"
"111279","XY BREAKpoint Booster Pack","XY - BREAKpoint","1701",45.97,"2026-08-18T12:17:03.313Z"
"542096","XY - BREAKpoint Sleeved Booster Pack","XY - BREAKpoint","1701",51.26,"2026-08-18T12:17:03.313Z"
"117700","Triple Power Tin [Shiny Gyarados EX]","XY - BREAKpoint","1701",397.97,"2026-08-18T12:17:03.313Z"
"113530","BREAKpoint Theme Deck - ""Wave Slasher"" [Greninja]","XY - BREAKpoint","1701",48,"2026-08-18T12:17:03.313Z"
"113531","BREAKpoint Theme Deck - ""Electric Eye"" [Luxray]","XY - BREAKpoint","1701",49.95,"2026-06-11T14:05:15.397Z"
"276597","BREAKpoint Sleeved Booster Pack Art Bundle [Set of 4]","XY - BREAKpoint","1701",174.58,"2026-08-18T12:17:03.313Z"
"117271","BREAKpoint Single Pack Blister [Pikachu]","XY - BREAKpoint","1701",399.99,"2026-08-18T12:17:03.313Z"
"117270","BREAKpoint Single Pack Blister [Hydreigon]","XY - BREAKpoint","1701",40,"2026-07-17T20:56:11.860Z"
"531444","BREAKpoint Booster Pack Art Bundle [Set of 4]","XY - BREAKpoint","1701",169.5,"2026-08-18T12:17:03.313Z"
"107109","XY BREAKthrough Collector Chest","XY - BREAKthrough","1661",299.99,"2026-01-20T16:13:18.363Z"
"107666","XY BREAKthrough Booster Pack","XY - BREAKthrough","1661",60.45,"2026-08-18T12:17:03.435Z"
"107101","XY BREAKthrough Booster Box","XY - BREAKthrough","1661",3208.55,"2026-08-18T12:17:03.435Z"
"228155","XY 3 Pack Blister [Xerneas]","XY - BREAKthrough","1661",160,"2026-07-20T00:36:47.487Z"
"107114","Pikachu EX Legendary Collection","XY - BREAKthrough","1661",1799.99,"2026-03-17T13:26:54.726Z"
"107119","Mega Mewtwo Collection [Mega Mewtwo Y]","XY - BREAKthrough","1661",309.99,"2026-01-29T16:08:58.979Z"
"107118","Mega Mewtwo Collection [Mega Mewtwo X]","XY - BREAKthrough","1661",499,"2026-04-25T15:20:55.820Z"
"107115","Hoopa EX Legendary Collection","XY - BREAKthrough","1661",714.99,"2026-07-10T00:59:04.044Z"
"107107","Elite Trainer Box [Mewtwo Y]","XY - BREAKthrough","1661",990,"2026-08-18T12:17:03.435Z"
"107106","Elite Trainer Box [Mewtwo X]","XY - BREAKthrough","1661",900,"2026-06-26T14:42:44.475Z"
"107103","BREAKthrough Theme Deck - ""Night Striker"" [Noivern]","XY - BREAKthrough","1661",39.87,"2026-08-18T12:17:03.435Z"
"107102","BREAKthrough Theme Deck - ""Burning Spark"" [Raichu]","XY - BREAKthrough","1661",47.48,"2026-08-18T12:17:03.435Z"
"276596","BREAKthrough Sleeved Booster Pack Art Bundle [Set of 4]","XY - BREAKthrough","1661",500,"2026-08-18T12:17:03.435Z"
"108637","BREAKthrough Single Pack Blister [Jirachi]","XY - BREAKthrough","1661",125,"2026-08-18T12:17:03.435Z"
"117276","BREAKthrough Collector Pin 3 Pack Blister [Mega Swampert]","XY - BREAKthrough","1661",199.98,"2026-02-03T13:22:26.513Z"
"117275","BREAKthrough Collector Pin 3 Pack Blister [Mega Blaziken]","XY - BREAKthrough","1661",249,"2026-04-25T15:20:55.820Z"
"531445","BREAKthrough Booster Pack Art Bundle [Set of 4]","XY - BREAKthrough","1661",175,"2026-08-18T12:17:03.435Z"
"108635","BREAKthrough 3 Pack Blister [Sableye]","XY - BREAKthrough","1661",299.99,"2026-08-11T12:22:53.072Z"
"117278","Aurorus EX Box","XY - BREAKthrough","1661",399,"2026-08-18T12:17:03.435Z"
"100490","XY Ancient Origins Booster Pack","XY - Ancient Origins","1576",136.09,"2026-08-18T12:17:03.508Z"
"106211","Powers Beyond Tin [Latios EX]","XY - Ancient Origins","1576",549.99,"2026-08-18T12:17:03.508Z"
"106213","Powers Beyond Tin [Hoopa EX]","XY - Ancient Origins","1576",349.99,"2026-08-06T12:47:18.633Z"
"106995","Battle Arena Decks: Mewtwo EX vs Darkrai EX","XY - Ancient Origins","1576",299.99,"2026-05-30T10:08:13.741Z"
"100492","Ancient Origins Theme Deck - ""Stone Heart"" [Regirock]","XY - Ancient Origins","1576",39.97,"2026-06-06T03:56:47.248Z"
"100491","Ancient Origins Theme Deck - ""Iron Tide"" [Metagross]","XY - Ancient Origins","1576",39.99,"2026-08-18T12:17:03.508Z"
"276595","Ancient Origins Sleeved Booster Pack Art Bundle [Set of 4]","XY - Ancient Origins","1576",599,"2026-03-07T17:35:34.312Z"
"100495","Ancient Origins Elite Trainer Box","XY - Ancient Origins","1576",4000,"2026-04-25T15:20:57.211Z"
"100493","Ancient Origins 3 Pack Blister [Malamar]","XY - Ancient Origins","1576",650,"2026-08-18T12:17:03.508Z"
"98028","XY Roaring Skies Elite Trainer Box","XY - Roaring Skies","1534",4899.99,"2026-06-13T21:19:20.021Z"
"98026","XY Roaring Skies Booster Box","XY - Roaring Skies","1534",4384.73,"2026-08-18T12:17:03.583Z"
"98030","Roaring Skies Theme Deck - ""Storm Rider"" [Zapdos]","XY - Roaring Skies","1534",50,"2026-08-01T06:57:21.784Z"
"98029","Roaring Skies Theme Deck - ""Aurora Blast"" [Articuno]","XY - Roaring Skies","1534",74.99,"2026-08-18T12:17:03.583Z"
"276594","Roaring Skies Sleeved Booster Pack Art Bundle [Set of 4]","XY - Roaring Skies","1534",363,"2026-08-18T12:17:03.583Z"
"697502","Roaring Skies Sleeved Booster Pack","XY - Roaring Skies","1534",111.21,"2026-08-18T12:17:03.583Z"
"129906","Roaring Skies Booster Pack","XY - Roaring Skies","1534",75.67,"2026-08-18T12:17:03.583Z"
"100502","Mega Latios Collection","XY - Roaring Skies","1534",584.5,"2026-08-18T12:17:03.583Z"
"99151","Mega Absol EX Premium Collection","XY - Roaring Skies","1534",125.5,"2026-07-23T12:21:34.026Z"
"100498","Hoenn Power Tin [Swampert]","XY - Roaring Skies","1534",379.99,"2026-08-06T12:47:18.638Z"
"100501","Dragonite Collector's Pin 3 Pack Blister","XY - Roaring Skies","1534",309,"2026-08-18T12:17:03.582Z"
"98317","XY Trainer Kit: Latias & Latios","XY Trainer Kit: Latias & Latios","1536",79.99,"2026-03-26T00:02:44.918Z"
"97764","Double Crisis: Team Magma Blister","Double Crisis","1525",1999,"2026-08-18T12:17:03.713Z"
"229226","Double Crisis Booster Pack","Double Crisis","1525",429.89,"2026-08-18T12:17:03.713Z"
"97751","XY Primal Clash Booster Pack","XY - Primal Clash","1509",60.77,"2026-08-18T12:17:03.762Z"
"97750","XY Primal Clash Booster Box","XY - Primal Clash","1509",3799.99,"2026-08-18T12:17:03.762Z"
"546608","XY - Primal Clash Sleeved Booster Pack","XY - Primal Clash","1509",99.48,"2026-08-18T12:17:03.762Z"
"97754","Primal Kyogre Collection","XY - Primal Clash","1509",499.99,"2026-02-05T01:16:58.206Z"
"97759","Primal Clash Three Pack Blister [Furfrou]","XY - Primal Clash","1509",299.99,"2026-08-18T12:17:03.762Z"
"97758","Primal Clash Three Pack Blister [Ditto]","XY - Primal Clash","1509",500,"2026-08-18T12:17:03.762Z"
"97752","Primal Clash Theme Deck - ""Ocean's Core"" [Kyogre]","XY - Primal Clash","1509",89.99,"2026-07-10T00:59:04.343Z"
"97753","Primal Clash Theme Deck - ""Earth's Pulse"" [Groudon]","XY - Primal Clash","1509",69.95,"2026-07-10T00:59:04.343Z"
"97756","Legend of Hoenn Tin [Kyogre EX]","XY - Primal Clash","1509",555,"2026-08-18T12:17:03.762Z"
"97820","Flygon EX Box","XY - Primal Clash","1509",354.97,"2026-06-01T18:06:59.686Z"
"94622","XY Phantom Forces Booster Pack","XY - Phantom Forces","1494",220.18,"2026-08-18T12:17:03.776Z"
"94624","Phantom Forces Theme Deck - ""Burning Winds"" [Talonflame]","XY - Phantom Forces","1494",27.41,"2026-08-18T12:17:03.776Z"
"94625","Phantom Forces Theme Deck - ""Bolt Twister"" [Galvantula]","XY - Phantom Forces","1494",28.02,"2026-08-18T12:17:03.776Z"
"97785","Phantom Forces 3 Pack Blister [Darkrai]","XY - Phantom Forces","1494",1000,"2026-08-18T12:17:03.776Z"
"97794","Gallade EX Box","XY - Phantom Forces","1494",547.97,"2026-08-18T12:17:03.776Z"
"97767","Mega Charizard Y Collection","XY - Furious Fists","1481",50,"2026-04-02T01:49:55.386Z"
"97766","Mega Charizard X Collection","XY - Furious Fists","1481",50,"2026-08-18T12:17:03.809Z"
"92218","Furious Fists Theme Deck - ""Enchanted Echo"" [Sylveon]","XY - Furious Fists","1481",350,"2026-08-18T12:17:03.809Z"
"92217","Furious Fists Theme Deck - ""Dark Hammer"" [Pangoro]","XY - Furious Fists","1481",42.47,"2026-08-18T12:17:03.809Z"
"276591","Furious Fists Sleeved Booster Pack Art Bundle [Set of 4]","XY - Furious Fists","1481",379.98,"2026-08-18T12:17:03.809Z"
"550673","Furious Fists Sleeved Booster Pack","XY - Furious Fists","1481",86.94,"2026-08-18T12:17:03.809Z"
"92169","Furious Fists Booster Pack","XY - Furious Fists","1481",74.08,"2026-08-18T12:17:03.809Z"
"92168","Furious Fists Booster Box","XY - Furious Fists","1481",4717.5,"2026-08-18T12:17:03.809Z"
"97768","Furious Fists 3 Pack Blister [Slurpuff]","XY - Furious Fists","1481",230.98,"2026-08-18T12:17:03.809Z"
"97773","Furious Fists 2 Pack Blister [Dusknoir]","XY - Furious Fists","1481",139.99,"2026-08-18T12:17:03.809Z"
"97776","EX Power Trio Tin [Venusaur EX]","XY - Furious Fists","1481",321.65,"2026-08-18T12:17:03.809Z"
"97777","EX Power Trio Tin [Charizard EX]","XY - Furious Fists","1481",375,"2026-06-26T14:42:44.808Z"
"97778","EX Power Trio Tin [Blastoise EX]","XY - Furious Fists","1481",449.99,"2026-08-18T12:17:03.809Z"
"97779","Battle Arena Decks: Xerneas vs Yveltal","XY - Furious Fists","1481",90,"2026-08-18T12:17:03.809Z"
"97741","Pyroar Box","XY - Flashfire","1464",399.99,"2026-08-18T12:17:03.849Z"
"91597","Flashfire Theme Deck - ""Mystic Typhoon"" [Meowstic]","XY - Flashfire","1464",39.91,"2026-08-18T12:17:03.849Z"
"91596","Flashfire Theme Deck - ""Brilliant Thunder"" [Heliolisk]","XY - Flashfire","1464",44,"2026-08-18T12:17:03.849Z"
"276590","Flashfire Sleeved Booster Pack Art Bundle [Set of 4]","XY - Flashfire","1464",699.99,"2026-02-12T09:19:18.245Z"
"524332","Flashfire Sleeved Booster Pack","XY - Flashfire","1464",186.41,"2026-08-18T12:17:03.849Z"
"91595","Flashfire Booster Pack","XY - Flashfire","1464",161.27,"2026-08-18T12:17:03.849Z"
"91602","XY Booster Pack","XY Base Set","1387",109.56,"2026-08-18T12:17:03.866Z"
"91601","XY Booster Box","XY Base Set","1387",3728,"2026-08-18T12:17:03.866Z"
"91604","XY Base Set Theme Deck - ""Destruction Rush"" [Yveltal]","XY Base Set","1387",29.98,"2026-08-18T12:17:03.866Z"
"562107","XY Base Set Sleeved Booster Pack","XY Base Set","1387",159.99,"2026-08-18T12:17:03.866Z"
"97727","Legend of Kalos Tin [Yveltal EX]","XY Base Set","1387",550,"2026-01-22T01:43:30.299Z"
"97726","Legend of Kalos Tin [Xerneas EX]","XY Base Set","1387",800,"2026-08-18T12:17:03.866Z"
"97713","Kalos Starter Figure Box [Chespin Box]","XY Base Set","1387",700.09,"2026-04-27T12:35:37.028Z"
"97729","Garchomp EX Box","XY Base Set","1387",599.99,"2026-08-18T12:17:03.866Z"
"645311","Collector's Pin Three Pack Blisters (Froakie)","XY Base Set","1387",29.99,"2026-08-01T06:57:22.048Z"
"98581","Legendary Treasures Booster Pack","Legendary Treasures","1409",384.31,"2026-08-18T12:17:03.871Z"
"98580","Legendary Treasures Booster Box","Legendary Treasures","1409",18750,"2026-08-18T12:17:03.871Z"
"137096","Team Plasma Tin [Deoxys EX]","Plasma Blast","1370",950,"2026-08-18T12:17:03.884Z"
"98573","Plasma Blast Booster Pack","Plasma Blast","1370",249.24,"2026-08-18T12:17:03.884Z"
"98517","Plasma Freeze Booster Pack","Plasma Freeze","1382",299.32,"2026-08-18T12:17:03.942Z"
"98526","Plasma Storm Booster Pack","Plasma Storm","1413",477.85,"2026-08-18T12:17:03.977Z"
"208574","Boundaries Crossed Theme Deck - ""Cold Fire"" [White Kyurem]","Boundaries Crossed","1408",189.95,"2026-08-18T12:17:04.031Z"
"98554","Boundaries Crossed Booster Pack","Boundaries Crossed","1408",241.31,"2026-08-18T12:17:04.031Z"
"98948","Dragon Vault Booster Pack","Dragon Vault","1426",265.25,"2026-08-18T12:17:04.057Z"
"98541","Dragons Exalted Booster Pack","Dragons Exalted","1394",338.92,"2026-08-18T12:17:04.054Z"
"98538","Next Destinies Booster Pack","Next Destinies","1412",346.16,"2026-08-18T12:17:04.138Z"
"98637","EX Tin [Kyurem]","Next Destinies","1412",700,"2026-08-18T12:17:04.138Z"
"98626","Noble Victories Theme Deck - ""Fast Daze"" [Accelgor]","Noble Victories","1385",34,"2026-08-18T12:17:04.064Z"
"98570","Noble Victories Booster Pack","Noble Victories","1385",169.15,"2026-08-18T12:17:04.064Z"
"98617","Emerging Powers Theme Deck - ""Toxic Tricks"" [Scolipede]","Emerging Powers","1424",54.95,"2026-08-18T12:17:04.095Z"
"98618","Emerging Powers Theme Deck - ""Power Play"" [Krookodile]","Emerging Powers","1424",99,"2026-08-18T12:17:04.095Z"
"98549","Emerging Powers Booster Pack","Emerging Powers","1424",87.55,"2026-08-18T12:17:04.095Z"
"647775","Black and White Preview Pack","Black and White","1400",36,"2026-08-18T12:17:04.141Z"
"98553","Black and White Booster Pack","Black and White","1400",204.79,"2026-08-18T12:17:04.141Z"
"98611","Black & White Theme Deck - ""Red Frenzy"" [Emboar]","Black and White","1400",99.9,"2026-08-18T12:17:04.141Z"
"98610","Black & White Theme Deck - ""Green Tornado"" [Serperior]","Black and White","1400",79.9,"2026-04-09T00:48:13.964Z"
"98612","Black & White Theme Deck - ""Blue Assault"" [Samurott]","Black and White","1400",85,"2026-08-18T12:17:04.141Z"
"98515","Call of Legends Booster Pack","Call of Legends","1415",801.99,"2026-04-06T17:34:25.509Z"
"98534","Triumphant Booster Pack","Triumphant","1381",400,"2026-07-20T00:36:48.157Z"
"98586","Undaunted Booster Pack","Undaunted","1403",412.5,"2026-08-18T12:17:04.154Z"
"98582","Unleashed Booster Pack","Unleashed","1399",385.12,"2026-08-18T12:17:04.176Z"
"98530","HeartGold SoulSilver Booster Pack","HeartGold SoulSilver","1402",499.99,"2026-08-18T12:17:04.203Z"
"98594","Arceus Booster Pack","Arceus","1391",434.12,"2026-08-18T12:17:04.183Z"
"98574","Supreme Victors Booster Pack","Supreme Victors","1384",375,"2026-08-18T12:17:04.204Z"
"98542","Rising Rivals Booster Pack","Rising Rivals","1367",370,"2026-08-18T12:17:04.219Z"
"229175","Platinum Theme Deck - ""Rebellion""","Platinum","1406",99.99,"2026-08-18T12:17:04.288Z"
"98591","Platinum Booster Pack","Platinum","1406",319.49,"2026-08-18T12:17:04.288Z"
"98589","Stormfront Booster Pack","Stormfront","1369",464.24,"2026-07-20T00:36:48.338Z"
"98537","Legends Awakened Booster Pack","Legends Awakened","1417",399.99,"2026-08-18T12:17:04.290Z"
"229132","Majestic Dawn Theme Deck - ""Polar Frost""","Majestic Dawn","1390",249.99,"2026-08-18T12:17:04.312Z"
"229134","Majestic Dawn Theme Deck - ""Forest Force""","Majestic Dawn","1390",149.99,"2026-05-27T14:45:26.913Z"
"98585","Majestic Dawn Booster Pack","Majestic Dawn","1390",450,"2026-07-20T00:36:48.356Z"
"98545","Great Encounters Booster Pack","Great Encounters","1405",277.33,"2026-08-18T12:17:04.319Z"
"98569","Secret Wonders Booster Pack","Secret Wonders","1380",397.5,"2026-08-18T12:17:04.374Z"
"229176","Mysterious Treasures Theme Deck - ""Skull Charge""","Mysterious Treasures","1368",76.99,"2026-08-18T12:17:04.341Z"
"229177","Mysterious Treasures Theme Deck - ""Armor Fortress""","Mysterious Treasures","1368",79.95,"2026-08-18T12:17:04.341Z"
"98561","Mysterious Treasures Booster Pack","Mysterious Treasures","1368",337.8,"2026-08-18T12:17:04.341Z"
"98525","Diamond and Pearl Booster Pack","Diamond and Pearl","1430",195,"2026-08-18T12:17:04.337Z"
"228804","Diamond & Pearl Theme Deck - ""Terra Firma""","Diamond and Pearl","1430",120,"2026-03-28T11:52:33.624Z"
"228806","Diamond & Pearl Theme Deck - ""Royal Frost""","Diamond and Pearl","1430",199.99,"2026-03-28T11:52:33.624Z"
"98529","Power Keepers Booster Pack","EX Power Keepers","1383",899.99,"2026-08-18T12:17:04.414Z"
"98533","Dragon Frontiers Booster Pack","EX Dragon Frontiers","1411",1999.99,"2026-08-17T10:44:19.575Z"
"98522","Holon Phantoms Booster Pack","EX Holon Phantoms","1379",1899.99,"2026-08-18T12:17:04.394Z"
"98557","Legend Maker Booster Pack","Legend Maker","1378",464,"2026-04-10T07:44:58.653Z"
"98944","Delta Species Booster Pack","Delta Species","1429",999,"2026-07-20T00:36:48.460Z"
"98577","Unseen Forces Booster Pack","Unseen Forces","1398",999.99,"2026-05-30T10:08:14.639Z"
"232875","Emerald Theme Deck - ""Wildfire"" [Manectric]","EX Emerald","1410",178.48,"2026-08-18T12:17:04.422Z"
"232874","Emerald Theme Deck - ""Hydrobloom"" [Milotic]","EX Emerald","1410",181.47,"2026-08-18T12:17:04.422Z"
"98546","Emerald Booster Pack","EX Emerald","1410",1000,"2026-08-18T12:17:04.422Z"
"232861","Deoxys Theme Deck - ""Starcharge""","EX Deoxys","1404",300,"2026-08-18T12:17:04.432Z"
"98562","Deoxys Booster Pack","Deoxys","1404",1699.99,"2026-02-26T23:28:30.014Z"
"98946","FireRed & LeafGreen Booster Pack","EX FireRed & LeafGreen","1419",1013.29,"2026-08-18T12:17:04.442Z"
"215766","Hidden Legends Theme Deck - ""Wish Maker"" [Jirachi]","Hidden Legends","1416",189.95,"2026-02-08T15:41:58.089Z"
"215765","Hidden Legends Theme Deck - ""Forest Guardian"" [Dark Celebi]","Hidden Legends","1416",200,"2026-02-05T01:17:37.059Z"
"98595","Hidden Legends Booster Pack","Hidden Legends","1416",319.94,"2026-04-27T12:36:02.915Z"
"138152","Aquapolis Booster Pack","Aquapolis","1397",1199.99,"2026-02-22T05:04:26.826Z"
"234504","Expedition Theme Deck - ""Electric Garden""","Expedition","1375",550,"2026-08-18T12:17:04.462Z"
"138150","Legendary Collection Booster Pack","Legendary Collection","1374",2499.99,"2026-03-17T13:27:48.860Z"
"232869","Neo Destiny Theme Deck - ""Light""","Neo Destiny","1444",299.96,"2026-08-18T12:17:04.477Z"
"138148","Neo Destiny Booster Pack [1st Edition]","Neo Destiny","1444",2095,"2026-08-05T06:43:38.444Z"
"138146","Neo Revelation Booster Pack [Unlimited Edition]","Neo Revelation","1389",450,"2026-01-28T13:12:29.086Z"
"610709","Southern Islands Collection","Southern Islands","648",9800,"2026-08-18T12:17:04.458Z"
"234510","Neo Discovery Theme Deck - ""Brain Wave""","Neo Discovery","1434",425,"2026-08-18T12:17:04.489Z"
"138143","Neo Discovery Booster Pack [Unlimited Edition]","Neo Discovery","1434",518.74,"2026-08-18T12:17:04.489Z"
"138142","Neo Genesis Booster Pack [Unlimited Edition]","Neo Genesis","1396",700,"2026-08-18T12:17:04.504Z"
"138141","Neo Genesis Booster Pack [1st Edition]","Neo Genesis","1396",798.25,"2026-07-28T00:27:29.269Z"
"277126","Gym Challenge Theme Deck - ""Sabrina""","Gym Challenge","1440",625,"2026-04-12T07:04:37.400Z"
"138139","Gym Challenge Booster Pack [Unlimited Edition]","Gym Challenge","1440",319.98,"2026-08-18T12:17:04.542Z"
"138140","Gym Challenge Booster Pack [1st Edition]","Gym Challenge","1440",422.95,"2026-02-05T01:17:50.558Z"
"285314","Gym Challenge Booster Box [Unlimited Edition]","Gym Challenge","1440",13999.99,"2026-07-24T21:43:20.571Z"
"451095","Gym Heroes Theme Deck - ""Lt. Surge""","Gym Heroes","1441",399.99,"2026-08-18T12:17:04.556Z"
"138138","Gym Heroes Booster Pack [Unlimited Edition]","Gym Heroes","1441",275.73,"2026-08-18T12:17:04.556Z"
"138137","Gym Heroes Booster Pack [1st Edition]","Gym Heroes","1441",495,"2026-08-18T12:17:04.556Z"
"208708","Gym Heroes Booster Box [Unlimited Edition]","Gym Heroes","1441",10000,"2026-08-18T12:17:04.556Z"
"176943","Team Rocket Theme Deck - ""Trouble""","Team Rocket","1373",165.99,"2026-07-24T21:43:20.583Z"
"176942","Team Rocket Theme Deck - ""Devastation""","Team Rocket","1373",275,"2026-06-16T19:22:37.647Z"
"138135","Team Rocket Booster Pack [Unlimited Edition]","Team Rocket","1373",326.09,"2026-08-18T12:17:04.549Z"
"138136","Team Rocket Booster Pack [1st Edition]","Team Rocket","1373",705.3,"2026-08-18T12:17:04.549Z"
"107614","Base Set 2 Theme Deck - ""Psych Out""","Base Set 2","605",222.5,"2026-08-18T12:17:04.564Z"
"107613","Base Set 2 Theme Deck - ""Lightning Bug""","Base Set 2","605",235,"2026-08-18T12:17:04.564Z"
"107612","Base Set 2 Theme Deck - ""Hot Water""","Base Set 2","605",200,"2026-08-18T12:17:04.564Z"
"107611","Base Set 2 Theme Deck - ""Grass Chopper""","Base Set 2","605",197.5,"2026-08-18T12:17:04.564Z"
"138149","Base Set 2 Booster Pack","Base Set 2","605",404.76,"2026-08-18T12:17:04.564Z"
"107609","Base Set 2 - 2-Player CD-ROM Starter Set","Base Set 2","605",176.6,"2026-08-18T12:17:04.564Z"
"107608","Fossil Theme Deck - ""LockDown""","Fossil","630",202.27,"2026-08-18T12:17:04.571Z"
"107607","Fossil Theme Deck - ""BodyGuard""","Fossil","630",180.1,"2026-08-18T12:17:04.571Z"
"138134","Fossil Booster Pack [Unlimited Edition]","Fossil","630",326.07,"2026-08-18T12:17:04.571Z"
"138133","Fossil Booster Pack [1st Edition]","Fossil","630",634.18,"2026-08-18T12:17:04.571Z"
"234499","Jungle Theme Deck - ""Water Blast""","Jungle","635",374.98,"2026-08-18T12:17:04.581Z"
"234498","Jungle Theme Deck - ""Power Reserve""","Jungle","635",218.68,"2026-08-18T12:17:04.581Z"
"138129","Jungle Booster Pack [Unlimited Edition]","Jungle","635",286.67,"2026-08-18T12:17:04.581Z"
"138128","Jungle Booster Pack [1st Edition]","Jungle","635",658.18,"2026-08-18T12:17:04.581Z"
"136400","Pokemon 2-Player Starter Set (Revised Base Set Reprint Run)","Base Set","604",249.5,"2026-08-18T12:17:04.591Z"
"136402","Base Set Theme Deck - ""Zap!"" (Revised Base Set Reprint Run)","Base Set","604",499.95,"2026-08-18T12:17:04.591Z"
"136404","Base Set Theme Deck - ""Overgrowth"" (Revised Base Set Reprint Run)","Base Set","604",685,"2026-08-18T12:17:04.591Z"
"136401","Base Set Theme Deck - ""Blackout"" (Revised Base Set Reprint Run)","Base Set","604",329.99,"2026-06-06T03:56:48.452Z"
"138130","Base Set Booster Pack [Revised Unlimited Edition]","Base Set","604",806.68,"2026-08-18T12:17:04.591Z"
"185731","Base Set Booster Box [Revised Unlimited Edition]","Base Set","604",499.99,"2026-07-23T12:21:35.166Z"
"138131","Pokemon Base Set (Shadowless) [Unlimited Edition] Booster Pack","Base Set (Shadowless)","1663",925,"2026-08-17T10:44:19.800Z"
"138132","Pokemon Base Set (Shadowless) [1st Edition] Booster Pack","Base Set (Shadowless)","1663",15000,"2026-08-18T12:17:04.617Z"
"107596","Pokemon Base Set (Shadowless) [1st Edition] Booster Box","Base Set (Shadowless)","1663",499.99,"2026-07-21T19:47:18.884Z"
"107606","Base Set Theme Deck - ""Zap!""","Base Set (Shadowless)","1663",699.99,"2026-08-18T12:17:04.617Z"
"107605","Base Set Theme Deck - ""Overgrowth""","Base Set (Shadowless)","1663",650,"2026-08-18T12:17:04.617Z"
"107604","Base Set Theme Deck - ""Brushfire""","Base Set (Shadowless)","1663",699.99,"2026-08-18T12:17:04.617Z"
"107603","Base Set Theme Deck - ""Blackout""","Base Set (Shadowless)","1663",450,"2026-03-28T11:52:50.150Z"
"190535","POP Series 7 Pack","POP Series 7","1414",44.93,"2026-08-18T12:17:04.626Z"
"141227","POP Series 1 Pack","POP Series 1","1422",94.16,"2026-08-18T12:17:04.663Z"
"141229","POP Series 6 Pack","POP Series 6","1432",41.97,"2026-08-18T12:17:04.659Z"
"190534","POP Series 5 Pack","POP Series 5","1439",1950,"2026-02-10T06:29:43.619Z"
"190532","POP Series 3 Pack","POP Series 3","1442",159.94,"2026-08-18T12:17:04.716Z"
"190537","POP Series 9 Pack","POP Series 9","1446",31.49,"2026-08-18T12:17:04.751Z"
"141228","POP Series 2 Pack","POP Series 2","1447",101.39,"2026-08-18T12:17:04.802Z"
"190536","POP Series 8 Pack","POP Series 8","1450",28.33,"2026-08-18T12:17:04.838Z"
"190533","POP Series 4 Pack","POP Series 4","1452",163.84,"2026-08-18T12:17:04.842Z"
"148226","Premium Trainer's XY Collection","Alternate Art Promos","1938",2503.43,"2026-08-18T12:17:04.832Z"
"161757","Pikachu World Collection Promo Set","Pikachu World Collection Promos","2205",985.95,"2026-03-30T17:24:43.691Z"
"557326","ex Battle Deck [Victini ex]","Miscellaneous Cards & Products","2374",16.1,"2026-08-18T12:17:04.876Z"
"497841","ex Battle Deck [Tinkaton ex]","Miscellaneous Cards & Products","2374",25.82,"2026-08-18T12:17:04.876Z"
"564277","ex Battle Deck [Tapu Koko ex]","Miscellaneous Cards & Products","2374",12.85,"2026-08-18T12:17:04.876Z"
"484384","ex Battle Deck [Set of 2]","Miscellaneous Cards & Products","2374",40.8,"2026-08-18T12:17:04.876Z"
"557327","ex Battle Deck [Miraidon ex]","Miscellaneous Cards & Products","2374",14.52,"2026-08-18T12:17:04.876Z"
"531573","ex Battle Deck [Melmetal ex]","Miscellaneous Cards & Products","2374",15.58,"2026-08-18T12:17:04.876Z"
"484382","ex Battle Deck [Lucario ex]","Miscellaneous Cards & Products","2374",22.58,"2026-08-18T12:17:04.876Z"
"527674","ex Battle Deck [Kangaskhan ex]","Miscellaneous Cards & Products","2374",12.78,"2026-08-18T12:17:04.876Z"
"564278","ex Battle Deck [Iron Leaves ex]","Miscellaneous Cards & Products","2374",23.85,"2026-08-18T12:17:04.876Z"
"531574","ex Battle Deck [Houndoom ex]","Miscellaneous Cards & Products","2374",23.45,"2026-08-18T12:17:04.876Z"
"527671","ex Battle Deck [Greninja ex]","Miscellaneous Cards & Products","2374",20.55,"2026-08-18T12:17:04.876Z"
"497842","ex Battle Deck [Chien-Pao ex]","Miscellaneous Cards & Products","2374",16.68,"2026-08-18T12:17:04.876Z"
"484380","ex Battle Deck [Ampharos ex]","Miscellaneous Cards & Products","2374",17,"2026-08-18T12:17:04.876Z"
"497967","ex Battle Deck (Chien-Pao/Tinkaton] [Set of 2]","Miscellaneous Cards & Products","2374",42.6,"2026-08-18T12:17:04.876Z"
"282003","Zeraora VMAX & VSTAR Battle Box","Miscellaneous Cards & Products","2374",97.18,"2026-08-18T12:17:04.876Z"
"530756","Yu Nagaba x Pokemon - Eevee's Special Promo Pack","Miscellaneous Cards & Products","2374",131.04,"2026-08-18T12:17:04.876Z"
"659947","Virizion V Showcase","Miscellaneous Cards & Products","2374",37.49,"2026-08-18T12:17:04.876Z"
"280847","Virizion V Box","Miscellaneous Cards & Products","2374",52.07,"2026-08-18T12:17:04.876Z"
"616920","Victini ex/Miraidon ex Battle Decks [Set of 2]","Miscellaneous Cards & Products","2374",24.9,"2026-08-18T12:17:04.876Z"
"554184","Vibrant Paldea Mini Tin [Set of 5]","Miscellaneous Cards & Products","2374",81,"2026-08-10T01:40:56.853Z"
"554182","Vibrant Paldea Mini Tin [Palafin]","Miscellaneous Cards & Products","2374",21.99,"2026-08-06T12:47:19.838Z"
"554180","Vibrant Paldea Mini Tin [Espathra]","Miscellaneous Cards & Products","2374",21.93,"2026-08-18T12:17:04.876Z"
"554179","Vibrant Paldea Mini Tin [Dachsbun]","Miscellaneous Cards & Products","2374",42.9,"2026-08-18T12:17:04.876Z"
"554183","Vibrant Paldea Mini Tin [Ceruledge]","Miscellaneous Cards & Products","2374",45.99,"2026-08-18T12:17:04.876Z"
"554181","Vibrant Paldea Mini Tin [Arboliva]","Miscellaneous Cards & Products","2374",25.97,"2026-08-18T12:17:04.876Z"
"554175","Vibrant Paldea Mini Tin Collection Display","Miscellaneous Cards & Products","2374",236.65,"2026-08-18T12:17:04.876Z"
"635621","Venusaur ex & Blastoise ex Premium Collection","Miscellaneous Cards & Products","2374",89.73,"2026-08-18T12:17:04.876Z"
"231294","Venusaur VMAX Battle Box","Miscellaneous Cards & Products","2374",85.09,"2026-08-18T12:17:04.876Z"
"249689","Vaporeon VMAX Premium Collection","Miscellaneous Cards & Products","2374",359.41,"2026-08-18T12:17:04.876Z"
"287228","VMAX Dragons Premium Collection","Miscellaneous Cards & Products","2374",235.84,"2026-08-18T12:17:04.876Z"
"256833","V Powers Tin [Set of 3] (International Version)","Miscellaneous Cards & Products","2374",143.26,"2026-08-18T12:17:04.876Z"
"221761","V Powers Tin [Set of 3]","Miscellaneous Cards & Products","2374",179.99,"2026-05-25T16:34:09.208Z"
"256830","V Powers Tin [Pikachu V] (International Version)","Miscellaneous Cards & Products","2374",53.87,"2026-08-18T12:17:04.876Z"
"220308","V Powers Tin [Pikachu V]","Miscellaneous Cards & Products","2374",70.66,"2026-08-18T12:17:04.876Z"
"256832","V Powers Tin [Eternatus V] (International Version)","Miscellaneous Cards & Products","2374",40.54,"2026-08-18T12:17:04.876Z"
"220311","V Powers Tin [Eternatus V]","Miscellaneous Cards & Products","2374",67.83,"2026-08-18T12:17:04.876Z"
"256831","V Powers Tin [Eevee V] (International Version)","Miscellaneous Cards & Products","2374",54.99,"2026-08-18T12:17:04.876Z"
"220310","V Powers Tin [Eevee V]","Miscellaneous Cards & Products","2374",85.99,"2026-08-18T12:17:04.876Z"
"270152","V Heroes Tin [Umbreon V] (International Version)","Miscellaneous Cards & Products","2374",75.91,"2026-08-18T12:17:04.876Z"
"262971","V Heroes Tin [Umbreon V]","Miscellaneous Cards & Products","2374",108,"2026-08-18T12:17:04.876Z"
"270151","V Heroes Tin [Sylveon V] (International Version)","Miscellaneous Cards & Products","2374",72.59,"2026-08-18T12:17:04.876Z"
"262970","V Heroes Tin [Sylveon V]","Miscellaneous Cards & Products","2374",110.82,"2026-08-18T12:17:04.876Z"
"270154","V Heroes Tin [Set of 3] (International Version)","Miscellaneous Cards & Products","2374",195.95,"2026-08-18T12:17:04.876Z"
"262972","V Heroes Tin [Set of 3]","Miscellaneous Cards & Products","2374",235.37,"2026-08-18T12:17:04.876Z"
"270153","V Heroes Tin [Espeon V] (International Version)","Miscellaneous Cards & Products","2374",60.14,"2026-08-18T12:17:04.876Z"
"262969","V Heroes Tin [Espeon V]","Miscellaneous Cards & Products","2374",80.73,"2026-08-18T12:17:04.876Z"
"230402","V Forces Tin [Mew V]","Miscellaneous Cards & Products","2374",63,"2026-08-14T15:30:57.616Z"
"230401","V Forces Tin [Lucario V]","Miscellaneous Cards & Products","2374",53.39,"2026-08-18T12:17:04.876Z"
"230400","V Forces Tin [Galarian Slowbro V]","Miscellaneous Cards & Products","2374",58.21,"2026-08-18T12:17:04.876Z"
"280858","V Battle Deck [Zeraora V]","Miscellaneous Cards & Products","2374",14.26,"2026-08-18T12:17:04.876Z"
"233356","V Battle Deck [Victini V]","Miscellaneous Cards & Products","2374",13.62,"2026-08-18T12:17:04.876Z"
"230397","V Battle Deck [Venusaur V]","Miscellaneous Cards & Products","2374",26.92,"2026-08-18T12:17:04.876Z"
"245732","V Battle Deck [Rayquaza V]","Miscellaneous Cards & Products","2374",37.81,"2026-08-18T12:17:04.876Z"
"245733","V Battle Deck [Noivern V]","Miscellaneous Cards & Products","2374",10.52,"2026-08-18T12:17:04.876Z"
"264757","V Battle Deck [Lycanroc V]","Miscellaneous Cards & Products","2374",11.96,"2026-08-18T12:17:04.876Z"
"233357","V Battle Deck [Gardevoir V]","Miscellaneous Cards & Products","2374",16.89,"2026-08-18T12:17:04.876Z"
"280857","V Battle Deck [Deoxys V]","Miscellaneous Cards & Products","2374",21.24,"2026-08-18T12:17:04.876Z"
"264758","V Battle Deck [Corviknight V]","Miscellaneous Cards & Products","2374",9.85,"2026-08-18T12:17:04.876Z"
"230396","V Battle Deck [Blastoise V]","Miscellaneous Cards & Products","2374",26.54,"2026-08-18T12:17:04.876Z"
"233355","V Battle Deck Display [Victini V/Gardevoir V]","Miscellaneous Cards & Products","2374",52.5,"2026-08-18T12:17:04.876Z"
"230393","V Battle Deck Display [Venusaur V/Blastoise V]","Miscellaneous Cards & Products","2374",158.95,"2026-08-18T12:17:04.876Z"
"233354","V Battle Deck Bundle [Victini V/Gardevoir V]","Miscellaneous Cards & Products","2374",43.56,"2026-08-18T12:17:04.876Z"
"230394","V Battle Deck Bundle [Venusaur V/Blastoise V]","Miscellaneous Cards & Products","2374",63.17,"2026-08-18T12:17:04.876Z"
"245728","V Battle Deck Bundle [Rayquaza V/Noivern V]","Miscellaneous Cards & Products","2374",45.12,"2026-08-18T12:17:04.876Z"
"263542","V Battle Deck Bundle [Lycanroc V / Corviknight V]","Miscellaneous Cards & Products","2374",24.94,"2026-08-18T12:17:04.876Z"
"280864","V Battle Deck Bundle [Deoxys V / Zeraora V]","Miscellaneous Cards & Products","2374",29.17,"2026-08-18T12:17:04.876Z"
"596518","Tyranitar Ex Box","Miscellaneous Cards & Products","2374",73.36,"2026-08-18T12:17:04.876Z"
"596517","Tsareena Ex Box","Miscellaneous Cards & Products","2374",67.14,"2026-08-18T12:17:04.876Z"
"648588","Triple Whammy Tins [Set of 3]","Miscellaneous Cards & Products","2374",64.49,"2026-08-18T12:17:04.876Z"
"591145","Triple Whammy Tin [Tyranitar]","Miscellaneous Cards & Products","2374",24.88,"2026-08-18T12:17:04.876Z"
"591147","Triple Whammy Tin [Slaking]","Miscellaneous Cards & Products","2374",23.63,"2026-08-18T12:17:04.876Z"
"591146","Triple Whammy Tin [Darkrai]","Miscellaneous Cards & Products","2374",25.72,"2026-08-18T12:17:04.876Z"
"477254","Trainer's Legendary Box [Lugia]","Miscellaneous Cards & Products","2374",212.5,"2026-08-18T12:17:04.876Z"
"477255","Trainer's Legendary Box [Ho-Oh]","Miscellaneous Cards & Products","2374",227.95,"2026-08-18T12:17:04.876Z"
"272000","Trainer Battle Deck - Misty of Cerulean City Gym (JP Pokemon Center Exclusive)","Miscellaneous Cards & Products","2374",223.16,"2026-08-18T12:17:04.876Z"
"271999","Trainer Battle Deck - Brock of Pewter City Gym (JP Pokemon Center Exclusive)","Miscellaneous Cards & Products","2374",176,"2026-08-18T12:17:04.876Z"
"696827","Terapagos ex Ultra-Premium Collection Case","Miscellaneous Cards & Products","2374",1236,"2026-08-18T12:17:04.876Z"
"575198","Terapagos ex Ultra-Premium Collection","Miscellaneous Cards & Products","2374",252.41,"2026-08-18T12:17:04.876Z"
"594539","Tera Team Premium Collection","Miscellaneous Cards & Products","2374",84.5,"2026-08-18T12:17:04.876Z"
"563857","Tera Brawlers Premium Collection","Miscellaneous Cards & Products","2374",97.75,"2026-08-18T12:17:04.876Z"
"664898","Team Rocketâs Moltres ex Ultra-Premium Collection Case","Miscellaneous Cards & Products","2374",1182.36,"2026-08-18T12:17:04.876Z"
"656997","Team Rocketâs Moltres ex Ultra-Premium Collection","Miscellaneous Cards & Products","2374",342.88,"2026-08-18T12:17:04.876Z"
"634607","Team Rocket's Mewtwo ex Box Case","Miscellaneous Cards & Products","2374",394.47,"2026-08-18T12:17:04.876Z"
"625695","Team Rocket's Mewtwo ex Box","Miscellaneous Cards & Products","2374",53.79,"2026-08-18T12:17:04.876Z"
"649197","Team Rocket Tin [Team Rocket's Persian ex] (International Version)","Miscellaneous Cards & Products","2374",99.99,"2026-08-18T12:17:04.876Z"
"649195","Team Rocket Tin [Team Rocket's Persian ex]","Miscellaneous Cards & Products","2374",47.58,"2026-08-18T12:17:04.876Z"
"649194","Team Rocket Tin [Team Rocket's Nidoking ex]","Miscellaneous Cards & Products","2374",48.26,"2026-08-18T12:17:04.876Z"
"649200","Team Rocket Tin [Team Rocket's Mewtwo ex] (International Version)","Miscellaneous Cards & Products","2374",99.99,"2026-08-18T12:17:04.876Z"
"649193","Team Rocket Tin [Team Rocket's Mewtwo ex]","Miscellaneous Cards & Products","2374",59.03,"2026-08-18T12:17:04.876Z"
"653216","Team Rocket Tin [Set of 3]","Miscellaneous Cards & Products","2374",148.84,"2026-08-18T12:17:04.876Z"
"230426","Tapu Koko Box (International Version)","Miscellaneous Cards & Products","2374",78.71,"2026-08-18T12:17:04.876Z"
"209533","TAG TEAM Powers Collection [Umbreon & Darkrai GX]","Miscellaneous Cards & Products","2374",1812.5,"2026-08-18T12:17:04.876Z"
"209532","TAG TEAM Powers Collection [Espeon & Deoxys GX]","Miscellaneous Cards & Products","2374",1999.98,"2026-06-01T18:07:00.825Z"
"200172","TAG TEAM Generations Premium Collection","Miscellaneous Cards & Products","2374",1880,"2026-08-18T12:17:04.876Z"
"226136","Sword & Shield Ultra-Premium Collection - Zacian & Zamazenta","Miscellaneous Cards & Products","2374",349.11,"2026-08-18T12:17:04.876Z"
"497870","Summer 2023 Collector's Chest Tin","Miscellaneous Cards & Products","2374",82.2,"2026-08-18T12:17:04.876Z"
"229747","Strong Bonds Tin [Gardevoir]","Miscellaneous Cards & Products","2374",56.2,"2026-08-18T12:17:04.876Z"
"229748","Strong Bonds Tin [Blissey]","Miscellaneous Cards & Products","2374",43.18,"2026-08-18T12:17:04.876Z"
"265252","Spring 2022 Collector Chest","Miscellaneous Cards & Products","2374",83.54,"2026-08-18T12:17:04.876Z"
"261779","Spring 2022 Collector Bundle","Miscellaneous Cards & Products","2374",104.6,"2026-08-18T12:17:04.876Z"
"662770","Snorlax ex & Blissey ex Special Collection","Miscellaneous Cards & Products","2374",81.03,"2026-08-18T12:17:04.876Z"
"653192","Snorlax & Lapras VMAX Collection","Miscellaneous Cards & Products","2374",380,"2026-08-18T12:17:04.876Z"
"226128","Small But Mighty Premium Collection","Miscellaneous Cards & Products","2374",749.88,"2026-08-18T12:17:04.876Z"
"623648","Slashing Legends Tin [Zacian ex]","Miscellaneous Cards & Products","2374",36.52,"2026-08-18T12:17:04.876Z"
"623647","Slashing Legends Tin [Koraidon ex]","Miscellaneous Cards & Products","2374",35.51,"2026-08-18T12:17:04.876Z"
"532539","Sinnoh Stars Mini Tins 5-Pack","Miscellaneous Cards & Products","2374",148.5,"2026-08-18T12:17:04.876Z"
"262640","Sinnoh Star Mini Tin [Turtwig]","Miscellaneous Cards & Products","2374",30.69,"2026-08-18T12:17:04.876Z"
"263258","Sinnoh Star Mini Tin [Set of 5]","Miscellaneous Cards & Products","2374",90.98,"2026-03-10T21:05:21.967Z"
"262639","Sinnoh Star Mini Tin [Riolu]","Miscellaneous Cards & Products","2374",30.39,"2026-08-18T12:17:04.876Z"
"262638","Sinnoh Star Mini Tin [Piplup]","Miscellaneous Cards & Products","2374",37.77,"2026-08-18T12:17:04.876Z"
"262642","Sinnoh Star Mini Tin [Munchlax]","Miscellaneous Cards & Products","2374",34.55,"2026-08-18T12:17:04.876Z"
"262641","Sinnoh Star Mini Tin [Chimchar]","Miscellaneous Cards & Products","2374",25.62,"2026-08-18T12:17:04.876Z"
"263259","Sinnoh Star Mini Tin Display","Miscellaneous Cards & Products","2374",246.34,"2026-08-18T12:17:04.876Z"
"286619","Shaymin VSTAR Premium Collection","Miscellaneous Cards & Products","2374",117.57,"2026-08-18T12:17:04.876Z"
"653899","Salamence ex & Reshiram ex Premium Collection","Miscellaneous Cards & Products","2374",92.34,"2026-08-18T12:17:04.876Z"
"218438","Salamence Dragons Tin","Miscellaneous Cards & Products","2374",51.28,"2026-08-18T12:17:04.876Z"
"516577","Roaring Moon ex Box","Miscellaneous Cards & Products","2374",46.53,"2026-08-18T12:17:04.876Z"
"623015","Rival Battle Deck [Steven]","Miscellaneous Cards & Products","2374",33.91,"2026-08-18T12:17:04.876Z"
"623014","Rival Battle Deck [Marnie]","Miscellaneous Cards & Products","2374",56.87,"2026-08-18T12:17:04.876Z"
"616737","Retail Exclusive Pokemon Paldean Fates Mini Tins + Poke Ball Tin","Miscellaneous Cards & Products","2374",134.52,"2026-08-18T12:17:04.876Z"
"666512","Reshiram ex Box","Miscellaneous Cards & Products","2374",41.84,"2026-08-18T12:17:04.876Z"
"248208","Reshiram & Charizard GX Premium Collection","Miscellaneous Cards & Products","2374",286.11,"2026-08-18T12:17:04.876Z"
"670267","Reshiram & Archaludon ex Box [Set of 2]","Miscellaneous Cards & Products","2374",59.73,"2026-08-18T12:17:04.876Z"
"245731","Rayquaza V / Noivern V Battle Decks [Set of 2]","Miscellaneous Cards & Products","2374",31.13,"2026-08-18T12:17:04.876Z"
"278924","Professor Juniper Premium Tournament Collection Box Case","Miscellaneous Cards & Products","2374",439.79,"2026-08-18T12:17:04.876Z"
"268713","Professor Juniper Premium Tournament Collection Box","Miscellaneous Cards & Products","2374",121.53,"2026-08-18T12:17:04.876Z"
"648365","Prismatic Evolutions Lucario ex & Tyranitar ex Premium Collection (Sam's Club)","Miscellaneous Cards & Products","2374",200.37,"2026-08-18T12:17:04.876Z"
"644852","Prismatic Evolutions Elite Trainer Box and Pokeball (Sam's Club)","Miscellaneous Cards & Products","2374",201.21,"2026-08-18T12:17:04.876Z"
"514256","PokÃ©mon Collector's Chest Plus Pencil Case","Miscellaneous Cards & Products","2374",96.67,"2026-08-18T12:17:04.876Z"
"653203","Pokemon TCG: Trainer's Toolkit (2025)","Miscellaneous Cards & Products","2374",41.44,"2026-08-18T12:17:04.876Z"
"564274","Pokemon TCG: Trainer's Toolkit (2024)","Miscellaneous Cards & Products","2374",39.19,"2026-08-18T12:17:04.876Z"
"497380","Pokemon TCG: Trainer's Toolkit (2023)","Miscellaneous Cards & Products","2374",52.98,"2026-08-18T12:17:04.876Z"
"275938","Pokemon TCG: Trainer's Toolkit (2022)","Miscellaneous Cards & Products","2374",69.98,"2026-08-18T12:17:04.876Z"
"277564","Pokemon TCG: Trainer's Toolkit (2021) Case","Miscellaneous Cards & Products","2374",249.69,"2026-08-18T12:17:04.876Z"
"241109","Pokemon TCG: Trainer's Toolkit (2021)","Miscellaneous Cards & Products","2374",38.13,"2026-08-18T12:17:04.876Z"
"214360","Pokemon TCG: Trainer's Toolkit (2020)","Miscellaneous Cards & Products","2374",133.92,"2026-08-18T12:17:04.876Z"
"209322","Pokemon TCG: SWSH Basic Energy Box","Miscellaneous Cards & Products","2374",10.43,"2026-08-18T12:17:04.876Z"
"181695","Pokemon TCG: Basic Energy Box","Miscellaneous Cards & Products","2374",36.95,"2026-08-13T12:22:06.109Z"
"549443","Pokemon TCG: Back to School Pencil Case 2024","Miscellaneous Cards & Products","2374",19.19,"2026-08-18T12:17:04.876Z"
"497851","Pokemon TCG: Back to School Pencil Case 2023","Miscellaneous Cards & Products","2374",14.31,"2026-08-18T12:17:04.876Z"
"273613","Pokemon TCG: Back to School Pencil Case","Miscellaneous Cards & Products","2374",37.9,"2026-08-18T12:17:04.876Z"
"497856","Pokemon TCG: Back to School Eraser Blister [Smoliv]","Miscellaneous Cards & Products","2374",28.6,"2026-08-18T12:17:04.876Z"
"273608","Pokemon TCG: Back to School Eraser Blister [Pikachu]","Miscellaneous Cards & Products","2374",39.9,"2026-02-17T01:51:53.913Z"
"497853","Pokemon TCG: Back to School Eraser Blister [Lechonk]","Miscellaneous Cards & Products","2374",34.21,"2026-08-18T12:17:04.876Z"
"549451","Pokemon TCG: Back to School Eraser Blister 2024 [Set of 2]","Miscellaneous Cards & Products","2374",44.93,"2026-08-18T12:17:04.876Z"
"549452","Pokemon TCG: Back to School Eraser Blister 2024 [Gengar]","Miscellaneous Cards & Products","2374",31.15,"2026-08-18T12:17:04.876Z"
"549453","Pokemon TCG: Back to School Eraser Blister 2024 [Bellibolt]","Miscellaneous Cards & Products","2374",22.16,"2026-08-18T12:17:04.876Z"
"497966","Pokemon TCG: Back to School Eraser Blister 2023 [Set of 2]","Miscellaneous Cards & Products","2374",42.99,"2026-01-26T21:24:12.751Z"
"616298","Pokemon Stacking Tins: Treasures of Ruin-Paradox PokÃ©mon-Ogerpon Display","Miscellaneous Cards & Products","2374",124.99,"2026-02-13T18:21:51.838Z"
"616297","Pokemon Stacking Tins: Treasures of Ruin, Paradox Pokemon, Ogerpon [Set of 3]","Miscellaneous Cards & Products","2374",86,"2026-08-18T12:17:04.876Z"
"541205","Pokemon Stacking Tins [Set of 3] (Psychic, Metal, and Dragon)","Miscellaneous Cards & Products","2374",87.7,"2026-08-18T12:17:04.876Z"
"260869","Pokemon Stacking Tins [Set of 3]","Miscellaneous Cards & Products","2374",147.26,"2026-08-18T12:17:04.876Z"
"260865","Pokemon Stacking Tin: Water","Miscellaneous Cards & Products","2374",50.95,"2026-08-18T12:17:04.876Z"
"616294","Pokemon Stacking Tin: Treasures of Ruin","Miscellaneous Cards & Products","2374",29.87,"2026-08-18T12:17:04.876Z"
"541168","Pokemon Stacking Tin: Psychic","Miscellaneous Cards & Products","2374",40.83,"2026-08-18T12:17:04.876Z"
"616295","Pokemon Stacking Tin: Paradox Pokemon","Miscellaneous Cards & Products","2374",28.98,"2026-08-18T12:17:04.876Z"
"616296","Pokemon Stacking Tin: Ogerpon","Miscellaneous Cards & Products","2374",27.06,"2026-08-18T12:17:04.876Z"
"541171","Pokemon Stacking Tin: Metal","Miscellaneous Cards & Products","2374",25.08,"2026-08-18T12:17:04.876Z"
"260866","Pokemon Stacking Tin: Grass","Miscellaneous Cards & Products","2374",52.44,"2026-08-18T12:17:04.876Z"
"260867","Pokemon Stacking Tin: Electric","Miscellaneous Cards & Products","2374",52.98,"2026-08-18T12:17:04.876Z"
"541175","Pokemon Stacking Tin: Dragon","Miscellaneous Cards & Products","2374",35,"2026-08-18T12:17:04.876Z"
"668591","Pokemon Day 2026 Collection Case","Miscellaneous Cards & Products","2374",212.84,"2026-08-18T12:17:04.876Z"
"668590","Pokemon Day 2026 Collection","Miscellaneous Cards & Products","2374",36.45,"2026-08-18T12:17:04.876Z"
"688965","Pokemon - Poke Ball Tin - Ultra Ball (Q4 2025)","Miscellaneous Cards & Products","2374",26.07,"2026-08-18T12:17:04.876Z"
"587368","Pokemon - Poke Ball Tin - Ultra Ball (Q4 2024)","Miscellaneous Cards & Products","2374",26.05,"2026-08-18T12:17:04.876Z"
"210169","Pokemon - Poke Ball Tin - Ultra Ball","Miscellaneous Cards & Products","2374",26.76,"2026-08-18T12:17:04.876Z"
"688968","Pokemon - Poke Ball Tin - Repeat Ball (Q4 2025)","Miscellaneous Cards & Products","2374",22.88,"2026-08-18T12:17:04.876Z"
"668648","Pokemon - Poke Ball Tin - Repeat Ball","Miscellaneous Cards & Products","2374",24.5,"2026-08-18T12:17:04.876Z"
"181268","Pokemon - Poke Ball Tin - Quick Ball","Miscellaneous Cards & Products","2374",44.59,"2026-08-18T12:17:04.876Z"
"688967","Pokemon - Poke Ball Tin - Premier Ball (Q4 2025)","Miscellaneous Cards & Products","2374",27.66,"2026-08-18T12:17:04.876Z"
"587367","Pokemon - Poke Ball Tin - Premier Ball (Q4 2024)","Miscellaneous Cards & Products","2374",24.15,"2026-08-18T12:17:04.876Z"
"198522","Pokemon - Poke Ball Tin - Premier Ball","Miscellaneous Cards & Products","2374",24.83,"2026-08-18T12:17:04.876Z"
"688964","Pokemon - Poke Ball Tin - Poke Ball (Q4 2025)","Miscellaneous Cards & Products","2374",28.99,"2026-08-18T12:17:04.876Z"
"587365","Pokemon - Poke Ball Tin - Poke Ball (Q4 2024)","Miscellaneous Cards & Products","2374",25.34,"2026-08-18T12:17:04.876Z"
"181267","Pokemon - Poke Ball Tin - Poke Ball","Miscellaneous Cards & Products","2374",26.78,"2026-08-18T12:17:04.876Z"
"587369","Pokemon - Poke Ball Tin - Moon Ball (Q4 2024)","Miscellaneous Cards & Products","2374",28.97,"2026-08-18T12:17:04.876Z"
"686298","Pokemon - Poke Ball Tin - Moon Ball","Miscellaneous Cards & Products","2374",28.57,"2026-08-18T12:17:04.876Z"
"198520","Pokemon - Poke Ball Tin - Luxury Ball","Miscellaneous Cards & Products","2374",33.9,"2026-08-18T12:17:04.876Z"
"516987","Pokemon - Poke Ball Tin - Lure Ball","Miscellaneous Cards & Products","2374",125,"2026-08-18T12:17:04.876Z"
"271585","Pokemon - Poke Ball Tin - Love Ball","Miscellaneous Cards & Products","2374",226.85,"2026-08-18T12:17:04.876Z"
"231292","Pokemon - Poke Ball Tin - Level Ball","Miscellaneous Cards & Products","2374",74.71,"2026-08-18T12:17:04.876Z"
"688966","Pokemon - Poke Ball Tin - Great Ball (Q4 2025)","Miscellaneous Cards & Products","2374",25.28,"2026-08-18T12:17:04.876Z"
"587366","Pokemon - Poke Ball Tin - Great Ball (Q4 2024)","Miscellaneous Cards & Products","2374",25.53,"2026-08-18T12:17:04.876Z"
"198519","Pokemon - Poke Ball Tin - Great Ball","Miscellaneous Cards & Products","2374",25.4,"2026-08-18T12:17:04.876Z"
"214268","Pokemon - Poke Ball Tin - Dusk Ball","Miscellaneous Cards & Products","2374",220,"2026-08-06T12:47:19.837Z"
"210170","Pokemon - Poke Ball Tin - Dive Ball","Miscellaneous Cards & Products","2374",90,"2026-08-06T12:47:19.837Z"
"245518","Pokemon - Poke Ball Tin + 2 Kanto Power Mini Tins - Great Ball","Miscellaneous Cards & Products","2374",224.95,"2026-06-06T03:56:48.763Z"
"245519","Pokemon - Poke Ball Tin + 2 Kanto Power Mini Tins - Dusk Ball","Miscellaneous Cards & Products","2374",205,"2026-05-18T18:50:07.512Z"
"654590","Poke Ball Tin Display (Q4 2025)","Miscellaneous Cards & Products","2374",136.08,"2026-08-18T12:17:04.876Z"
"564280","Poke Ball Tin Display (Q4 2024)","Miscellaneous Cards & Products","2374",124.78,"2026-08-18T12:17:04.876Z"
"257718","Poke Ball Tin Display (Q4 2021)","Miscellaneous Cards & Products","2374",315.74,"2026-08-18T12:17:04.876Z"
"265250","Poke Ball Tin Display (Q2 2022)","Miscellaneous Cards & Products","2374",324.99,"2026-05-25T16:34:09.208Z"
"257715","Poke Ball Tin Display (Q1 2020)","Miscellaneous Cards & Products","2374",350,"2026-04-12T07:03:11.904Z"
"257713","Poke Ball Tin Display (Q1 2019)","Miscellaneous Cards & Products","2374",624.99,"2026-08-18T12:17:04.876Z"
"488324","Play! Pokemon Prize Pack Series Two","Miscellaneous Cards & Products","2374",58.69,"2026-07-01T05:10:45.187Z"
"517551","Play! Pokemon Prize Pack Series Three","Miscellaneous Cards & Products","2374",29.63,"2026-07-01T05:10:45.187Z"
"639713","Play! Pokemon Prize Pack Series Six","Miscellaneous Cards & Products","2374",8.03,"2026-07-01T05:10:45.187Z"
"649191","Play! Pokemon Prize Pack Series Seven","Miscellaneous Cards & Products","2374",8.04,"2026-07-01T05:10:45.187Z"
"482138","Play! Pokemon Prize Pack Series One","Miscellaneous Cards & Products","2374",58.17,"2026-07-01T05:10:45.187Z"
"551628","Play! Pokemon Prize Pack Series Four","Miscellaneous Cards & Products","2374",10.29,"2026-07-01T05:10:45.187Z"
"577596","Play! Pokemon Prize Pack Series Five","Miscellaneous Cards & Products","2374",9.72,"2026-07-01T05:10:45.187Z"
"670914","Play! Pokemon Prize Pack Series Eight","Miscellaneous Cards & Products","2374",6.49,"2026-07-01T05:10:45.187Z"
"265706","Pikachu V Showcase","Miscellaneous Cards & Products","2374",44.99,"2026-02-20T01:50:27.192Z"
"260709","Pikachu V Box","Miscellaneous Cards & Products","2374",67.53,"2026-08-18T12:17:04.876Z"
"253396","Pikachu & Zekrom GX Premium Collection","Miscellaneous Cards & Products","2374",291.89,"2026-08-18T12:17:04.876Z"
"179376","Pikachu & Eevee Poke Ball Collection","Miscellaneous Cards & Products","2374",230.64,"2026-08-18T12:17:04.876Z"
"583521","Paradox Wisdom Premium Collection","Miscellaneous Cards & Products","2374",68.89,"2026-08-18T12:17:04.876Z"
"575185","Paradox Fury Premium Collection","Miscellaneous Cards & Products","2374",72.76,"2026-08-18T12:17:04.876Z"
"562360","Paradox Destinies Tin [Set of 4]","Miscellaneous Cards & Products","2374",138.23,"2026-08-18T12:17:04.876Z"
"562357","Paradox Destinies Tin [Raging Bolt ex]","Miscellaneous Cards & Products","2374",38.8,"2026-08-18T12:17:04.876Z"
"562354","Paradox Destinies Tin [Iron Crown ex]","Miscellaneous Cards & Products","2374",37.58,"2026-08-18T12:17:04.876Z"
"562356","Paradox Destinies Tin [Iron Boulder ex]","Miscellaneous Cards & Products","2374",35.52,"2026-08-18T12:17:04.876Z"
"562358","Paradox Destinies Tin [Gouging Fire ex]","Miscellaneous Cards & Products","2374",39.72,"2026-08-18T12:17:04.876Z"
"544239","Paradox Clash Tin [Walking Wake ex]","Miscellaneous Cards & Products","2374",37.91,"2026-08-18T12:17:04.876Z"
"544241","Paradox Clash Tin [Iron Leaves ex]","Miscellaneous Cards & Products","2374",37.08,"2026-08-18T12:17:04.876Z"
"504431","Paldea Partners Tin [Skeledirge ex]","Miscellaneous Cards & Products","2374",45.23,"2026-08-18T12:17:04.876Z"
"517101","Paldea Partners Tin [Set of 3]","Miscellaneous Cards & Products","2374",128.43,"2026-08-18T12:17:04.876Z"
"504442","Paldea Partners Tin [Quaquaval ex] [International]","Miscellaneous Cards & Products","2374",49.2,"2026-08-18T12:17:04.876Z"
"504438","Paldea Partners Tin [Quaquaval ex]","Miscellaneous Cards & Products","2374",37.78,"2026-08-18T12:17:04.876Z"
"504332","Paldea Partners Tin [Meowscarada ex] [International Edition]","Miscellaneous Cards & Products","2374",49.87,"2026-08-18T12:17:04.876Z"
"504330","Paldea Partners Tin [Meowscarada ex]","Miscellaneous Cards & Products","2374",46.75,"2026-08-18T12:17:04.876Z"
"543171","Paldea Legends Tins [Bundle of 2] (International Version)","Miscellaneous Cards & Products","2374",84.98,"2026-08-18T12:17:04.876Z"
"509570","Paldea Legends Tins [Bundle of 2]","Miscellaneous Cards & Products","2374",77.9,"2026-08-18T12:17:04.876Z"
"497388","Paldea Legends Tin [Miraidon ex] (International Version)","Miscellaneous Cards & Products","2374",48.66,"2026-08-18T12:17:04.876Z"
"497389","Paldea Legends Tin [Miraidon ex]","Miscellaneous Cards & Products","2374",38.06,"2026-08-18T12:17:04.876Z"
"497387","Paldea Legends Tin [Koraidon ex] (International Version)","Miscellaneous Cards & Products","2374",45.98,"2026-08-18T12:17:04.876Z"
"497390","Paldea Legends Tin [Koraidon ex]","Miscellaneous Cards & Products","2374",38.52,"2026-08-18T12:17:04.876Z"
"633085","Paldea Friends Mini Tins 5-Pack","Miscellaneous Cards & Products","2374",123.14,"2026-08-18T12:17:04.876Z"
"484360","Paldea Friends Mini Tin [Sprigatito & Fidough]","Miscellaneous Cards & Products","2374",32.6,"2026-08-18T12:17:04.876Z"
"484363","Paldea Friends Mini Tin [Set of 5]","Miscellaneous Cards & Products","2374",79.99,"2026-05-21T16:54:58.904Z"
"484359","Paldea Friends Mini Tin [Quaxly & Smoliv]","Miscellaneous Cards & Products","2374",27.44,"2026-08-18T12:17:04.876Z"
"484358","Paldea Friends Mini Tin [Pikachu & Capsakid]","Miscellaneous Cards & Products","2374",28.99,"2026-08-18T12:17:04.876Z"
"484362","Paldea Friends Mini Tin [Pawmi & Lechonk]","Miscellaneous Cards & Products","2374",27.28,"2026-08-18T12:17:04.876Z"
"484357","Paldea Friends Mini Tin [Fuecoco & Smoliv]","Miscellaneous Cards & Products","2374",28.03,"2026-08-18T12:17:04.876Z"
"496018","Paldea Friends Mini Tin Display","Miscellaneous Cards & Products","2374",224.68,"2026-08-18T12:17:04.876Z"
"451118","Paldea Collection [Sprigatito/Miraidon ex]","Miscellaneous Cards & Products","2374",76.31,"2026-08-18T12:17:04.876Z"
"477172","Paldea Collection [Sprigatito/Koraidon ex]","Miscellaneous Cards & Products","2374",73.16,"2026-08-18T12:17:04.876Z"
"451120","Paldea Collection [Quaxly/Miraidon ex]","Miscellaneous Cards & Products","2374",54.34,"2026-08-18T12:17:04.876Z"
"477171","Paldea Collection [Quaxly/Koraidon ex]","Miscellaneous Cards & Products","2374",59.55,"2026-08-18T12:17:04.876Z"
"477170","Paldea Collection [Fuecoco/Miraidon ex]","Miscellaneous Cards & Products","2374",66.26,"2026-08-18T12:17:04.876Z"
"451119","Paldea Collection [Fuecoco/Koraidon ex]","Miscellaneous Cards & Products","2374",58,"2026-08-18T12:17:04.876Z"
"621135","Paldea Adventure Chest Case","Miscellaneous Cards & Products","2374",199.96,"2026-03-01T15:03:06.728Z"
"532025","Paldea Adventure Chest","Miscellaneous Cards & Products","2374",107.85,"2026-08-18T12:17:04.876Z"
"547129","Palafin ex Box","Miscellaneous Cards & Products","2374",41.04,"2026-08-18T12:17:04.876Z"
"527801","Oinkologne ex Box","Miscellaneous Cards & Products","2374",50.07,"2026-08-18T12:17:04.876Z"
"576482","Ogerpon ex Premium Collection","Miscellaneous Cards & Products","2374",58.2,"2026-08-18T12:17:04.876Z"
"248205","Mythical Squishy Premium Collection","Miscellaneous Cards & Products","2374",236.79,"2026-08-18T12:17:04.876Z"
"517120","Mythical 2-Pack Blister [Jirachi]","Miscellaneous Cards & Products","2374",59.95,"2026-08-18T12:17:04.876Z"
"517119","Mythical 2-Pack Blister [Celebi]","Miscellaneous Cards & Products","2374",59.95,"2026-08-18T12:17:04.876Z"
"262646","Morpeko V-UNION Special Collection","Miscellaneous Cards & Products","2374",68.94,"2026-08-18T12:17:04.876Z"
"498043","Mimikyu ex Showcase","Miscellaneous Cards & Products","2374",58.5,"2026-08-18T12:17:04.876Z"
"475802","Mimikyu ex Box","Miscellaneous Cards & Products","2374",89.58,"2026-08-18T12:17:04.876Z"
"655747","Mimikyu ex & Alcremie ex Premium Collection","Miscellaneous Cards & Products","2374",111.53,"2026-08-18T12:17:04.876Z"
"247820","Mighty Mysterious Tin [Snorlax]","Miscellaneous Cards & Products","2374",85.85,"2026-08-18T12:17:04.876Z"
"247818","Mighty Mysterious Tin [Mimikyu]","Miscellaneous Cards & Products","2374",83.9,"2026-08-18T12:17:04.876Z"
"247819","Mighty Mysterious Tin [Darkrai]","Miscellaneous Cards & Products","2374",58.48,"2026-08-18T12:17:04.876Z"
"286476","Mew V Box","Miscellaneous Cards & Products","2374",135,"2026-07-16T10:14:31.066Z"
"230427","Meowth VMAX Special Collection (International Version)","Miscellaneous Cards & Products","2374",309.99,"2026-08-18T12:17:04.876Z"
"205464","Meowth VMAX Special Collection","Miscellaneous Cards & Products","2374",285.78,"2026-08-18T12:17:04.876Z"
"662750","Melmetal ex Box","Miscellaneous Cards & Products","2374",38.51,"2026-08-18T12:17:04.876Z"
"682940","Mega Zygarde ex Premium Collection Case","Miscellaneous Cards & Products","2374",276.7,"2026-08-18T12:17:04.876Z"
"682939","Mega Zygarde ex Premium Collection","Miscellaneous Cards & Products","2374",46.33,"2026-08-18T12:17:04.876Z"
"654212","Mega Venusaur ex Premium Collection","Miscellaneous Cards & Products","2374",68.63,"2026-08-18T12:17:04.876Z"
"686437","Mega Moonlit Tin [Mega Gengar ex]","Miscellaneous Cards & Products","2374",33.08,"2026-08-18T12:17:04.876Z"
"686438","Mega Moonlit Tin [Mega Clefable ex]","Miscellaneous Cards & Products","2374",27.54,"2026-08-18T12:17:04.876Z"
"686439","Mega Moonlit Tin Case","Miscellaneous Cards & Products","2374",139.78,"2026-08-18T12:17:04.876Z"
"656488","Mega Lucario ex Premium Figure Collection Case","Miscellaneous Cards & Products","2374",259.96,"2026-08-18T12:17:04.876Z"
"656487","Mega Lucario ex Premium Figure Collection","Miscellaneous Cards & Products","2374",55.04,"2026-08-18T12:17:04.876Z"
"654188","Mega Latias ex Box","Miscellaneous Cards & Products","2374",41.9,"2026-08-18T12:17:04.876Z"
"654211","Mega Kangaskhan ex Box","Miscellaneous Cards & Products","2374",37.55,"2026-08-18T12:17:04.876Z"
"690661","Mega Greninja ex Premium Collection Case","Miscellaneous Cards & Products","2374",240.26,"2026-08-18T12:17:04.876Z"
"690660","Mega Greninja ex Premium Collection","Miscellaneous Cards & Products","2374",49.37,"2026-08-18T12:17:04.876Z"
"702508","Mega Forces Tin [Set of 3]","Miscellaneous Cards & Products","2374",104.82,"2026-08-18T12:17:04.876Z"
"702507","Mega Forces Tin [Mega Zeraora ex]","Miscellaneous Cards & Products","2374",54.75,"2026-08-18T12:17:04.876Z"
"702505","Mega Forces Tin [Mega Dragonite ex]","Miscellaneous Cards & Products","2374",54.36,"2026-08-18T12:17:04.876Z"
"702506","Mega Forces Tin [Mega Darkrai ex]","Miscellaneous Cards & Products","2374",54.72,"2026-08-18T12:17:04.876Z"
"702509","Mega Forces Tin Case","Miscellaneous Cards & Products","2374",199.99,"2026-08-18T12:17:04.876Z"
"664895","Mega Charizard X ex Ultra Premium Collection Case","Miscellaneous Cards & Products","2374",923.26,"2026-08-18T12:17:04.876Z"
"654213","Mega Charizard X ex Ultra Premium Collection","Miscellaneous Cards & Products","2374",232.66,"2026-08-18T12:17:04.876Z"
"679554","Mega Charizard Tin Case","Miscellaneous Cards & Products","2374",208.23,"2026-08-18T12:17:04.876Z"
"671249","Mega Charizard Tin (Mega Charizard Y)","Miscellaneous Cards & Products","2374",43,"2026-08-18T12:17:04.876Z"
"671250","Mega Charizard Tin (Mega Charizard X)","Miscellaneous Cards & Products","2374",44.85,"2026-08-18T12:17:04.876Z"
"661999","Mega Battle Deck: Mega Gengar ex/Mega Diancie ex [Set of 2]","Miscellaneous Cards & Products","2374",88.37,"2026-08-18T12:17:04.876Z"
"661998","Mega Battle Deck Display (Mega Gengar ex/Mega Diancie ex)","Miscellaneous Cards & Products","2374",179.99,"2026-08-18T12:17:04.876Z"
"659192","Mega Battle Deck (Mega Gengar ex)","Miscellaneous Cards & Products","2374",63,"2026-08-18T12:17:04.876Z"
"659193","Mega Battle Deck (Mega Diancie ex)","Miscellaneous Cards & Products","2374",21.43,"2026-08-18T12:17:04.876Z"
"606605","Meddling Sparks Premium Collection","Miscellaneous Cards & Products","2374",111.34,"2026-08-18T12:17:04.876Z"
"629647","Masks of Ogerpon Premium Collection","Miscellaneous Cards & Products","2374",85.95,"2026-08-18T12:17:04.876Z"
"236549","Marshadow Box (International Version)","Miscellaneous Cards & Products","2374",97.49,"2026-08-18T12:17:04.876Z"
"241093","Marnie Premium Tournament Collection Box","Miscellaneous Cards & Products","2374",126.47,"2026-08-18T12:17:04.876Z"
"633081","Mabosstiff ex Showcase","Miscellaneous Cards & Products","2374",20.49,"2026-08-18T12:17:04.876Z"
"532404","Mabosstiff ex Box Case","Miscellaneous Cards & Products","2374",210,"2026-08-18T12:17:04.876Z"
"531572","Mabosstiff ex Box","Miscellaneous Cards & Products","2374",37.62,"2026-08-18T12:17:04.876Z"
"264764","Lycanroc V / Corviknight V Battle Decks [Set of 2]","Miscellaneous Cards & Products","2374",25.27,"2026-08-18T12:17:04.876Z"
"685580","Lumiose City Mini Tin [Set of 5]","Miscellaneous Cards & Products","2374",63.72,"2026-08-18T12:17:04.876Z"
"685575","Lumiose City Mini Tin [Salamence & Litleo]","Miscellaneous Cards & Products","2374",14.03,"2026-08-18T12:17:04.876Z"
"685576","Lumiose City Mini Tin [Meganium & Meowstic]","Miscellaneous Cards & Products","2374",14.4,"2026-08-18T12:17:04.876Z"
"685579","Lumiose City Mini Tin [Gallade & Goomy]","Miscellaneous Cards & Products","2374",14.08,"2026-08-18T12:17:04.876Z"
"685578","Lumiose City Mini Tin [Feraligatr & Budew]","Miscellaneous Cards & Products","2374",15.74,"2026-08-18T12:17:04.876Z"
"685577","Lumiose City Mini Tin [Emboar & Inkay]","Miscellaneous Cards & Products","2374",14.72,"2026-08-18T12:17:04.876Z"
"685581","Lumiose City Mini Tin Display Case","Miscellaneous Cards & Products","2374",461.36,"2026-08-18T12:17:04.876Z"
"685574","Lumiose City Mini Tin Display","Miscellaneous Cards & Products","2374",111.05,"2026-08-18T12:17:04.876Z"
"655739","Lugia ex & Latias ex Premium Collection","Miscellaneous Cards & Products","2374",112.04,"2026-08-18T12:17:04.876Z"
"497728","Lucario VSTAR Special Collection","Miscellaneous Cards & Products","2374",79.47,"2026-08-18T12:17:04.876Z"
"262637","Lucario VSTAR Premium Collection","Miscellaneous Cards & Products","2374",94.9,"2026-08-18T12:17:04.876Z"
"657111","Lillie Premium Tournament Collection Box Case","Miscellaneous Cards & Products","2374",349.5,"2026-08-18T12:17:04.876Z"
"626605","Lillie Premium Tournament Collection Box","Miscellaneous Cards & Products","2374",76.59,"2026-08-18T12:17:04.876Z"
"181696","Let's Play Theme Deck [Pikachu]","Miscellaneous Cards & Products","2374",38.08,"2026-08-18T12:17:04.876Z"
"181697","Let's Play Theme Deck [Eevee]","Miscellaneous Cards & Products","2374",49.35,"2026-08-18T12:17:04.876Z"
"202117","Let's Play Pokemon TCG Box","Miscellaneous Cards & Products","2374",49.79,"2026-08-18T12:17:04.876Z"
"228813","Legends of Johto Pin Collection","Miscellaneous Cards & Products","2374",278.37,"2026-08-18T12:17:04.876Z"
"594495","Legendary Warriors Premium Collection","Miscellaneous Cards & Products","2374",196.4,"2026-08-18T12:17:04.876Z"
"265946","Legendary Beasts Collector Pin 3 Pack Blister [Suicune]","Miscellaneous Cards & Products","2374",126.94,"2026-07-14T15:15:25.922Z"
"265943","Legendary Beasts Collector Pin 3 Pack Blister [Raikou]","Miscellaneous Cards & Products","2374",139.95,"2026-08-10T01:40:56.853Z"
"265945","Legendary Beasts Collector Pin 3 Pack Blister [Entei]","Miscellaneous Cards & Products","2374",116.95,"2026-08-18T12:17:04.876Z"
"214271","League Battle Decks [Set of 2]","Miscellaneous Cards & Products","2374",289.99,"2026-07-14T15:15:25.922Z"
"214270","League Battle Decks [Reshiram & Charizard GX]","Miscellaneous Cards & Products","2374",164.31,"2026-08-18T12:17:04.876Z"
"214269","League Battle Decks [Pikachu & Zekrom GX]","Miscellaneous Cards & Products","2374",237.03,"2026-08-18T12:17:04.876Z"
"226138","League Battle Deck [Zacian V]","Miscellaneous Cards & Products","2374",65.49,"2026-08-18T12:17:04.876Z"
"654567","League Battle Deck [Team Rocket's Mewtwo ex]","Miscellaneous Cards & Products","2374",21.81,"2026-08-18T12:17:04.876Z"
"248071","League Battle Deck [Single Strike Urshifu VMAX]","Miscellaneous Cards & Products","2374",16.23,"2026-08-18T12:17:04.876Z"
"271997","League Battle Deck [Shadow Rider/Ice Rider Calyrex VMAX] [Set of 2]","Miscellaneous Cards & Products","2374",39.61,"2026-08-18T12:17:04.876Z"
"271946","League Battle Deck [Shadow Rider Calyrex VMAX]","Miscellaneous Cards & Products","2374",22.25,"2026-08-18T12:17:04.876Z"
"248073","League Battle Deck [Rapid/Single Strike Urshifu VMAX] [Set of 2]","Miscellaneous Cards & Products","2374",49.76,"2026-08-18T12:17:04.876Z"
"248072","League Battle Deck [Rapid Strike Urshifu VMAX]","Miscellaneous Cards & Products","2374",23.16,"2026-08-18T12:17:04.876Z"
"484213","League Battle Deck [Origin Forme Palkia VSTAR]","Miscellaneous Cards & Products","2374",23.67,"2026-08-18T12:17:04.876Z"
"516580","League Battle Deck [Miraidon ex]","Miscellaneous Cards & Products","2374",17.61,"2026-08-18T12:17:04.876Z"
"684106","League Battle Deck [Mega Lucario ex]","Miscellaneous Cards & Products","2374",13.41,"2026-08-18T12:17:04.876Z"
"236379","League Battle Deck [Inteleon VMAX]","Miscellaneous Cards & Products","2374",21.66,"2026-08-18T12:17:04.876Z"
"271947","League Battle Deck [Ice Rider Calyrex VMAX]","Miscellaneous Cards & Products","2374",21.45,"2026-08-18T12:17:04.876Z"
"539385","League Battle Deck [Gardevoir ex]","Miscellaneous Cards & Products","2374",47.02,"2026-08-18T12:17:04.876Z"
"623029","League Battle Deck [Dragapult ex]","Miscellaneous Cards & Products","2374",101.94,"2026-08-18T12:17:04.876Z"
"575294","League Battle Deck [Charizard ex]","Miscellaneous Cards & Products","2374",118.6,"2026-08-18T12:17:04.876Z"
"271998","League Battle Deck Display [Shadow Rider/Ice Rider Calyrex VMAX]","Miscellaneous Cards & Products","2374",92.5,"2026-08-18T12:17:04.876Z"
"684107","League Battle Deck Case [Mega Lucario ex]","Miscellaneous Cards & Products","2374",51.56,"2026-08-18T12:17:04.876Z"
"186984","Knock Out Collection [Tyranitar, Shiftry, and Vivillon]","Miscellaneous Cards & Products","2374",185.91,"2026-08-18T12:17:04.876Z"
"264416","Knock Out Collection [Toxtricity, Duraludon, Sandaconda]","Miscellaneous Cards & Products","2374",29.79,"2026-08-18T12:17:04.876Z"
"670783","Knock Out Collection [Suicune]","Miscellaneous Cards & Products","2374",14.68,"2026-08-18T12:17:04.876Z"
"543172","Knock Out Collection [Shaymin, Zeraora, and Marshadow]","Miscellaneous Cards & Products","2374",21.87,"2026-08-18T12:17:04.876Z"
"186994","Knock Out Collection [Lucario, Bisharp, and Zoroark]","Miscellaneous Cards & Products","2374",179.98,"2026-08-18T12:17:04.876Z"
"670782","Knock Out Collection [Kyogre]","Miscellaneous Cards & Products","2374",15.16,"2026-08-18T12:17:04.876Z"
"603323","Knock Out Collection [Iron Jugulis]","Miscellaneous Cards & Products","2374",24.49,"2026-08-18T12:17:04.876Z"
"477475","Knock Out Collection [Galarian Slowking, Galarian Obstagoon, and Dragapult]","Miscellaneous Cards & Products","2374",32.32,"2026-08-18T12:17:04.876Z"
"628494","Knock Out Collection [Chien-Pao]","Miscellaneous Cards & Products","2374",19.31,"2026-08-18T12:17:04.876Z"
"264422","Knock Out Collection [Boltund, Eiscue, Galarian Sirfetch'd]","Miscellaneous Cards & Products","2374",31.7,"2026-08-18T12:17:04.876Z"
"628493","Knock Out Collection [Alakazam]","Miscellaneous Cards & Products","2374",22.26,"2026-08-18T12:17:04.876Z"
"532560","Kleavor VSTAR Special Collection","Miscellaneous Cards & Products","2374",56.97,"2026-08-18T12:17:04.876Z"
"637464","Kleavor VSTAR Premium Collection (International)","Miscellaneous Cards & Products","2374",63.1,"2026-08-18T12:17:04.876Z"
"270478","Kleavor VSTAR Premium Collection","Miscellaneous Cards & Products","2374",84.79,"2026-08-18T12:17:04.876Z"
"477284","Klara Premium Tournament Collection Box","Miscellaneous Cards & Products","2374",77.49,"2026-08-18T12:17:04.876Z"
"198439","Kanto Power Mini Tin [Vulpix]","Miscellaneous Cards & Products","2374",32.67,"2026-08-18T12:17:04.876Z"
"198438","Kanto Power Mini Tin [Mewtwo]","Miscellaneous Cards & Products","2374",32.9,"2026-08-18T12:17:04.876Z"
"198437","Kanto Power Mini Tin [Mew]","Miscellaneous Cards & Products","2374",39.06,"2026-08-18T12:17:04.876Z"
"198434","Kanto Power Mini Tin [Dragonite]","Miscellaneous Cards & Products","2374",36.04,"2026-08-18T12:17:04.876Z"
"198431","Kanto Power Mini Tin [Charizard]","Miscellaneous Cards & Products","2374",38.01,"2026-08-18T12:17:04.876Z"
"224741","Kanto Power Mini Tin Display","Miscellaneous Cards & Products","2374",315.88,"2026-08-18T12:17:04.876Z"
"253839","Kanto Friends Mini Tins 5-Pack","Miscellaneous Cards & Products","2374",264.71,"2026-08-18T12:17:04.876Z"
"185265","Kanto Friends Mini Tin [Squirtle]","Miscellaneous Cards & Products","2374",36.19,"2026-08-18T12:17:04.876Z"
"550688","Kanto Friends Mini Tin [Set of 5]","Miscellaneous Cards & Products","2374",197.47,"2026-08-18T12:17:04.876Z"
"185262","Kanto Friends Mini Tin [Pikachu]","Miscellaneous Cards & Products","2374",28.19,"2026-08-18T12:17:04.876Z"
"185263","Kanto Friends Mini Tin [Eevee]","Miscellaneous Cards & Products","2374",29.12,"2026-08-18T12:17:04.876Z"
"185264","Kanto Friends Mini Tin [Charmander]","Miscellaneous Cards & Products","2374",29.71,"2026-08-18T12:17:04.876Z"
"185261","Kanto Friends Mini Tin [Bulbasaur]","Miscellaneous Cards & Products","2374",34.37,"2026-08-18T12:17:04.876Z"
"224742","Kanto Friends Mini Tin Display","Miscellaneous Cards & Products","2374",260,"2026-08-18T12:17:04.876Z"
"249693","Jolteon VMAX Premium Collection","Miscellaneous Cards & Products","2374",313.92,"2026-08-18T12:17:04.876Z"
"583776","Jirachi V Box","Miscellaneous Cards & Products","2374",83.74,"2026-08-18T12:17:04.876Z"
"226133","Jirachi GX Collection","Miscellaneous Cards & Products","2374",300,"2026-08-18T12:17:04.876Z"
"516578","Iron Valiant ex Box","Miscellaneous Cards & Products","2374",41.15,"2026-08-18T12:17:04.876Z"
"616304","Ionoâs Bellibolt ex Premium Collection","Miscellaneous Cards & Products","2374",53.94,"2026-08-18T12:17:04.876Z"
"545404","Iono Premium Tournament Collection Display","Miscellaneous Cards & Products","2374",318.12,"2026-08-18T12:17:04.876Z"
"545403","Iono Premium Tournament Collection Box","Miscellaneous Cards & Products","2374",112.13,"2026-08-18T12:17:04.876Z"
"282645","Infernape V Showcase","Miscellaneous Cards & Products","2374",99.99,"2026-02-17T01:51:53.913Z"
"277568","Infernape V Box","Miscellaneous Cards & Products","2374",62.91,"2026-08-18T12:17:04.876Z"
"664092","Incineroar ex and Torterra ex Special Collection","Miscellaneous Cards & Products","2374",69.51,"2026-08-18T12:17:04.876Z"
"653199","Hydreigon ex & Dragapult ex Premium Collection","Miscellaneous Cards & Products","2374",92.95,"2026-08-18T12:17:04.876Z"
"561521","Houndstone ex Box","Miscellaneous Cards & Products","2374",40.87,"2026-08-18T12:17:04.876Z"
"616303","Hop's Zacian ex Box","Miscellaneous Cards & Products","2374",32.4,"2026-08-18T12:17:04.876Z"
"639830","Holiday Calendar 2025 Case","Miscellaneous Cards & Products","2374",399.99,"2026-08-18T12:17:04.876Z"
"639828","Holiday Calendar 2025","Miscellaneous Cards & Products","2374",71.6,"2026-08-18T12:17:04.876Z"
"559089","Holiday Calendar 2024","Miscellaneous Cards & Products","2374",67,"2026-08-18T12:17:04.876Z"
"505939","Holiday Calendar 2023","Miscellaneous Cards & Products","2374",93.31,"2026-08-18T12:17:04.876Z"
"282250","Holiday Calendar","Miscellaneous Cards & Products","2374",189.91,"2026-08-18T12:17:04.876Z"
"281993","Hidden Potential Tin [Set of 3]","Miscellaneous Cards & Products","2374",320,"2026-08-18T12:17:04.876Z"
"281981","Hidden Potential Tin [Rotom V]","Miscellaneous Cards & Products","2374",90.9,"2026-08-18T12:17:04.876Z"
"281984","Hidden Potential Tin [Giratina V]","Miscellaneous Cards & Products","2374",139.81,"2026-08-18T12:17:04.876Z"
"281982","Hidden Potential Tin [Gallade V]","Miscellaneous Cards & Products","2374",79.9,"2026-08-18T12:17:04.876Z"
"529698","Heavy Hitters Premium Collection (Fall 2023)","Miscellaneous Cards & Products","2374",296.81,"2026-08-18T12:17:04.876Z"
"526914","Gyarados ex Premium Collection","Miscellaneous Cards & Products","2374",114.55,"2026-08-18T12:17:04.876Z"
"594491","Greninja ex Ultra-Premium Collection","Miscellaneous Cards & Products","2374",491.8,"2026-08-18T12:17:04.876Z"
"575186","Greninja ex Battle Deck & 2 Booster Bundle","Miscellaneous Cards & Products","2374",15.99,"2026-08-18T12:17:04.876Z"
"656950","Greninja EX & Kingdra EX Special Collection Box","Miscellaneous Cards & Products","2374",69.26,"2026-08-18T12:17:04.876Z"
"594896","Grand Adventure Collection","Miscellaneous Cards & Products","2374",45.59,"2026-08-18T12:17:04.876Z"
"546458","Grafaiai ex Box","Miscellaneous Cards & Products","2374",44.34,"2026-08-18T12:17:04.876Z"
"190360","General Mills Promo Booster Pack [Sun & Moon]","Miscellaneous Cards & Products","2374",34.99,"2026-08-18T12:17:04.876Z"
"190359","General Mills Promo Booster Pack [Kanto]","Miscellaneous Cards & Products","2374",28.54,"2026-08-18T12:17:04.876Z"
"232770","General Mills 25th Anniversary Booster Pack","Miscellaneous Cards & Products","2374",13.24,"2026-08-18T12:17:04.876Z"
"239236","Gardevoir V/Victini V Battle Decks [Set of 2]","Miscellaneous Cards & Products","2374",36.67,"2026-08-18T12:17:04.876Z"
"218858","Galar Power Mini Tin [Toxtricity]","Miscellaneous Cards & Products","2374",30.74,"2026-08-18T12:17:04.876Z"
"449727","Galar Power Mini Tin [Set of 5]","Miscellaneous Cards & Products","2374",159.99,"2026-08-18T12:17:04.876Z"
"218855","Galar Power Mini Tin [Galarian Sirfetch'd]","Miscellaneous Cards & Products","2374",35.91,"2026-08-18T12:17:04.876Z"
"593687","Surging Sparks Sleeved Booster Pack Case","SV08: Surging Sparks","23651",1392.89,"2026-08-18T12:16:58.071Z"
"565603","Surging Sparks Sleeved Booster Pack Bundle [Set of 4]","SV08: Surging Sparks","23651",43.1,"2026-08-18T12:16:58.071Z"
"565602","Surging Sparks Sleeved Booster Pack","SV08: Surging Sparks","23651",12.07,"2026-08-18T12:16:58.071Z"
"565636","Surging Sparks Single Pack Blister [Wooper]","SV08: Surging Sparks","23651",12.95,"2026-08-18T12:16:58.071Z"
"606614","Surging Sparks Single Pack Blister [Sinistcha]","SV08: Surging Sparks","23651",15.18,"2026-08-18T12:16:58.071Z"
"565637","Surging Sparks Single Pack Blister [Pachirisu]","SV08: Surging Sparks","23651",11.84,"2026-08-18T12:16:58.071Z"
"606613","Surging Sparks Single Pack Blister [Hisuian Arcanine]","SV08: Surging Sparks","23651",18.09,"2026-08-18T12:16:58.071Z"
"565639","Surging Sparks Premium Checklane Blister [Chandelure]","SV08: Surging Sparks","23651",39.04,"2026-08-18T12:16:58.071Z"
"565638","Surging Sparks Premium Checklane Blister [Alakazam]","SV08: Surging Sparks","23651",30.87,"2026-08-18T12:16:58.071Z"
"565633","Surging Sparks Pokemon Center Elite Trainer Box (Exclusive) Case","SV08: Surging Sparks","23651",1112.05,"2026-08-18T12:16:58.071Z"
"565632","Surging Sparks Pokemon Center Elite Trainer Box (Exclusive)","SV08: Surging Sparks","23651",277.35,"2026-08-18T12:16:58.071Z"
"646039","Surging Sparks Half Booster Box","SV08: Surging Sparks","23651",189.81,"2026-08-18T12:16:58.071Z"
"565631","Surging Sparks Elite Trainer Box Case","SV08: Surging Sparks","23651",1262.15,"2026-08-18T12:16:58.071Z"
"565630","Surging Sparks Elite Trainer Box","SV08: Surging Sparks","23651",126.36,"2026-08-18T12:16:58.071Z"
"565600","Surging Sparks Build & Battle Box Display","SV08: Surging Sparks","23651",414.71,"2026-08-18T12:16:58.071Z"
"565599","Surging Sparks Build & Battle Box","SV08: Surging Sparks","23651",61.2,"2026-08-18T12:16:58.071Z"
"565605","Surging Sparks Booster Pack Art Bundle [Set of 4]","SV08: Surging Sparks","23651",35.19,"2026-08-18T12:16:58.071Z"
"565604","Surging Sparks Booster Pack","SV08: Surging Sparks","23651",8.1,"2026-08-18T12:16:58.071Z"
"594269","Surging Sparks Booster Bundle Case (LGS)","SV08: Surging Sparks","23651",1087.76,"2026-08-18T12:16:58.071Z"
"679564","Surging Sparks Booster Bundle (Retail)","SV08: Surging Sparks","23651",59.41,"2026-08-18T12:16:58.071Z"
"565629","Surging Sparks Booster Bundle (LGS)","SV08: Surging Sparks","23651",63.38,"2026-08-18T12:16:58.071Z"
"580708","Surging Sparks Booster Box Case","SV08: Surging Sparks","23651",2120.12,"2026-08-18T12:16:58.071Z"
"565606","Surging Sparks Booster Box","SV08: Surging Sparks","23651",295.47,"2026-08-18T12:16:58.071Z"
"565634","Surging Sparks 3 Pack Blisters [Zapdos]","SV08: Surging Sparks","23651",46.05,"2026-08-18T12:16:58.071Z"
"565635","Surging Sparks 3 Pack Blisters [Quagsire]","SV08: Surging Sparks","23651",41,"2026-08-18T12:16:58.071Z"
"238638","V Strikers Tin [Tyranitar V] (International Version)","SWSH05: Battle Styles","2765",52,"2026-08-18T12:17:00.771Z"
"236377","V Strikers Tin [Tyranitar V]","SWSH05: Battle Styles","2765",94.39,"2026-08-18T12:17:00.771Z"
"257189","V Strikers Tin [Set of 2]","SWSH05: Battle Styles","2765",133.3,"2026-08-18T12:17:00.771Z"
"236378","V Strikers Tin [Empoleon V]","SWSH05: Battle Styles","2765",87.93,"2026-08-18T12:17:00.771Z"
"231293","Spring 2021 Collector's Chest Tin","SWSH05: Battle Styles","2765",57.18,"2026-08-18T12:17:00.771Z"
"231297","Single Strike Urshifu V Box","SWSH05: Battle Styles","2765",40.47,"2026-08-18T12:17:00.771Z"
"231296","Rapid Strike Urshifu V Box","SWSH05: Battle Styles","2765",41.69,"2026-08-18T12:17:00.771Z"
"233359","Galarian Rapidash V Box","SWSH05: Battle Styles","2765",86.85,"2026-08-18T12:17:00.771Z"
"487794","Battle Styles Sleeved Booster Pack Art Bundle [Set of 4]","SWSH05: Battle Styles","2765",42.85,"2026-08-18T12:17:00.771Z"
"251879","Battle Styles Sleeved Booster Pack","SWSH05: Battle Styles","2765",10.09,"2026-08-18T12:17:00.771Z"
"680964","Battle Styles Sleeved Booster Case","SWSH05: Battle Styles","2765",1199.99,"2026-08-18T12:17:00.771Z"
"229280","Battle Styles Single Pack Blister [Charmander]","SWSH05: Battle Styles","2765",25.81,"2026-08-18T12:17:00.771Z"
"229281","Battle Styles Single Pack Blister [Arrokuda]","SWSH05: Battle Styles","2765",10.79,"2026-08-18T12:17:00.771Z"
"236458","Battle Styles Premium Checklane Blister [Toxtricity]","SWSH05: Battle Styles","2765",20,"2026-07-17T20:56:09.274Z"
"236457","Battle Styles Premium Checklane Blister [Golisopod]","SWSH05: Battle Styles","2765",19,"2026-08-18T12:17:00.771Z"
"229284","Battle Styles Elite Trainer Box [Single Strike Urshifu] (Red)","SWSH05: Battle Styles","2765",123.15,"2026-08-18T12:17:00.771Z"
"244414","Battle Styles Elite Trainer Box [Set of 2]","SWSH05: Battle Styles","2765",241.14,"2026-08-18T12:17:00.771Z"
"229285","Battle Styles Elite Trainer Box [Rapid Strike Urshifu] (Blue)","SWSH05: Battle Styles","2765",133.8,"2026-08-18T12:17:00.771Z"
"235284","Battle Styles Elite Trainer Box Case","SWSH05: Battle Styles","2765",1131.73,"2026-08-18T12:17:00.771Z"
"229279","Battle Styles Build & Battle Box Display","SWSH05: Battle Styles","2765",398.95,"2026-08-18T12:17:00.771Z"
"229278","Battle Styles Build & Battle Box","SWSH05: Battle Styles","2765",49.55,"2026-08-18T12:17:00.771Z"
"265321","Battle Styles Booster Pack Art Bundle [Set of 4]","SWSH05: Battle Styles","2765",35.23,"2026-08-18T12:17:00.771Z"
"229276","Battle Styles Booster Pack","SWSH05: Battle Styles","2765",9.2,"2026-08-18T12:17:00.771Z"
"233335","Battle Styles Booster Box Case","SWSH05: Battle Styles","2765",1753.75,"2026-08-18T12:17:00.771Z"
"229277","Battle Styles Booster Box","SWSH05: Battle Styles","2765",294.25,"2026-08-18T12:17:00.771Z"
"229282","Battle Styles 3 Pack Blister [Jolteon]","SWSH05: Battle Styles","2765",38.4,"2026-08-18T12:17:00.771Z"
"229283","Battle Styles 3 Pack Blister [Eevee]","SWSH05: Battle Styles","2765",27.27,"2026-08-18T12:17:00.771Z"
"218856","Galar Power Mini Tin [Galarian Rapidash]","Miscellaneous Cards & Products","2374",46.56,"2026-08-18T12:17:04.876Z"
"218857","Galar Power Mini Tin [Galarian Obstagoon]","Miscellaneous Cards & Products","2374",36.96,"2026-08-18T12:17:04.876Z"
"218854","Galar Power Mini Tin [Dragapult]","Miscellaneous Cards & Products","2374",47.65,"2026-08-18T12:17:04.876Z"
"218853","Galar Power Mini Tin Display","Miscellaneous Cards & Products","2374",258.85,"2026-08-18T12:17:04.876Z"
"207990","Galar Pal Mini Tin [Yamper & Morpeko]","Miscellaneous Cards & Products","2374",38.38,"2026-08-18T12:17:04.876Z"
"207989","Galar Pal Mini Tin [Sobble & Rookidee]","Miscellaneous Cards & Products","2374",31.63,"2026-08-18T12:17:04.876Z"
"207992","Galar Pal Mini Tin [Set of 5]","Miscellaneous Cards & Products","2374",149.02,"2026-08-18T12:17:04.876Z"
"207988","Galar Pal Mini Tin [Scorbunny & Pikachu]","Miscellaneous Cards & Products","2374",35.43,"2026-08-18T12:17:04.876Z"
"207987","Galar Pal Mini Tin [Grookey & Wooloo]","Miscellaneous Cards & Products","2374",35.31,"2026-08-18T12:17:04.876Z"
"207986","Galar Pal Mini Tin [Galarian Ponyta]","Miscellaneous Cards & Products","2374",36.73,"2026-08-18T12:17:04.876Z"
"207991","Galar Pal Mini Tin Display","Miscellaneous Cards & Products","2374",139.99,"2026-03-03T06:30:11.826Z"
"199785","Galar Collection [Sobble] - with Zamazenta V","Miscellaneous Cards & Products","2374",250,"2026-08-18T12:17:04.876Z"
"199782","Galar Collection [Scorbunny] - with Zacian V","Miscellaneous Cards & Products","2374",220,"2026-07-20T00:36:48.999Z"
"199780","Galar Collection [Grookey] - with Zacian V","Miscellaneous Cards & Products","2374",164.93,"2026-01-24T06:04:14.270Z"
"220291","Galar Challengers Tin [Toxtricity V]","Miscellaneous Cards & Products","2374",170,"2026-08-18T12:17:04.876Z"
"220289","Galar Challengers Tin [Polteageist V]","Miscellaneous Cards & Products","2374",40,"2026-08-18T12:17:04.876Z"
"220290","Galar Challengers Tin [Copperajah V]","Miscellaneous Cards & Products","2374",34.93,"2026-03-19T15:21:03.838Z"
"249705","Flareon VMAX Premium Collection","Miscellaneous Cards & Products","2374",307.53,"2026-08-18T12:17:04.876Z"
"654593","Fall 2025 Collector Chest","Miscellaneous Cards & Products","2374",49.32,"2026-08-18T12:17:04.876Z"
"575706","Fall 2024 Collector Chest","Miscellaneous Cards & Products","2374",68.58,"2026-08-18T12:17:04.876Z"
"516647","Fall 2023 Collector Chest","Miscellaneous Cards & Products","2374",65.82,"2026-08-18T12:17:04.876Z"
"263034","Fall 2020 Collector's Chest Tin + Ultra Ball 2-Pack (Retail Exclusive)","Miscellaneous Cards & Products","2374",127,"2026-08-18T12:17:04.876Z"
"263029","Fall 2020 Collector's Chest Tin + Premier Ball 2-Pack (Retail Exclusive)","Miscellaneous Cards & Products","2374",129.98,"2026-08-18T12:17:04.876Z"
"263030","Fall 2020 Collector's Chest Tin + Poke Ball 2-Pack (Retail Exclusive)","Miscellaneous Cards & Products","2374",132.99,"2026-08-18T12:17:04.876Z"
"263033","Fall 2020 Collector's Chest Tin + Level Ball 2-Pack (Retail Exclusive)","Miscellaneous Cards & Products","2374",117.5,"2026-08-18T12:17:04.876Z"
"200142","Fall 2019 Collector's Chest Tin","Miscellaneous Cards & Products","2374",1432.99,"2026-08-18T12:17:04.876Z"
"520353","Evolving Powers Premium Collection (Target Exclusive)","Miscellaneous Cards & Products","2374",233.32,"2026-08-18T12:17:04.876Z"
"616940","Enhanced 2-Pack Blister Pack [Palafin, Baxcalibur & Garganacl]","Miscellaneous Cards & Products","2374",24.32,"2026-08-18T12:17:04.876Z"
"616951","Enhanced 2-Pack Blister Pack [Latios, Zekrom & Palkia]","Miscellaneous Cards & Products","2374",24.91,"2026-08-18T12:17:04.876Z"
"279606","Enhanced 2-Pack Blister Pack [Galarian Articuno, Galarian Zapdos, & Galarian Moltres]","Miscellaneous Cards & Products","2374",38.62,"2026-08-18T12:17:04.876Z"
"489343","Enhanced 2-Pack Blister Pack [Articuno, Zapdos, & Moltres]","Miscellaneous Cards & Products","2374",31.29,"2026-08-18T12:17:04.876Z"
"616953","Enhanced 2-Pack Blister Pack [Armarouge, Revavroom & Houndstone]","Miscellaneous Cards & Products","2374",26.59,"2026-08-18T12:17:04.876Z"
"283135","Enhanced 2-Pack Blister Pack [Alolan Dugtrio, Alolan Muk, & Alolan Golem]","Miscellaneous Cards & Products","2374",69.99,"2026-03-04T21:05:00.712Z"
"199788","Elemental Power Tin [Vaporeon GX]","Miscellaneous Cards & Products","2374",148.97,"2026-08-18T12:17:04.876Z"
"199789","Elemental Power Tin [Jolteon GX]","Miscellaneous Cards & Products","2374",150.75,"2026-08-18T12:17:04.876Z"
"199787","Elemental Power Tin [Flareon GX]","Miscellaneous Cards & Products","2374",154.97,"2026-08-18T12:17:04.876Z"
"251014","Eevee Pokemon Treasure Chest Tin","Miscellaneous Cards & Products","2374",89.18,"2026-08-18T12:17:04.876Z"
"243559","Eevee Evolutions Tin [Vaporeon V]","Miscellaneous Cards & Products","2374",63,"2026-08-18T12:17:04.876Z"
"243571","Eevee Evolutions Tin [Set of 3]","Miscellaneous Cards & Products","2374",200,"2026-08-18T12:17:04.876Z"
"243561","Eevee Evolutions Tin [Jolteon V]","Miscellaneous Cards & Products","2374",72.74,"2026-08-18T12:17:04.876Z"
"243562","Eevee Evolutions Tin [Flareon V]","Miscellaneous Cards & Products","2374",69.73,"2026-08-18T12:17:04.876Z"
"243573","Eevee Evolutions Tin Case","Miscellaneous Cards & Products","2374",503.49,"2026-08-18T12:17:04.876Z"
"286470","Eevee Evolutions Premium Collection","Miscellaneous Cards & Products","2374",272.45,"2026-08-18T12:17:04.876Z"
"249713","Eevee Evolution VMAX Premium Collection [Set of 3]","Miscellaneous Cards & Products","2374",935.08,"2026-08-18T12:17:04.876Z"
"604240","Eevee Evolution VMAX Premium Collection Case","Miscellaneous Cards & Products","2374",2174.5,"2026-08-18T12:17:04.876Z"
"594414","Dragonite Dragons Tin (Walgreens Exclusive)","Miscellaneous Cards & Products","2374",54.65,"2026-08-18T12:17:04.876Z"
"218437","Dragonite Dragons Tin","Miscellaneous Cards & Products","2374",67.8,"2026-08-18T12:17:04.876Z"
"272521","Divergent Powers Tin [Set of 3]","Miscellaneous Cards & Products","2374",281,"2026-08-18T12:17:04.876Z"
"271944","Divergent Powers Tin [Hisuian Typhlosion V] (International Version)","Miscellaneous Cards & Products","2374",66.56,"2026-08-18T12:17:04.876Z"
"271940","Divergent Powers Tin [Hisuian Typhlosion V]","Miscellaneous Cards & Products","2374",103.82,"2026-08-18T12:17:04.876Z"
"271943","Divergent Powers Tin [Hisuian Samurott V] (International Version)","Miscellaneous Cards & Products","2374",55.19,"2026-08-18T12:17:04.876Z"
"271939","Divergent Powers Tin [Hisuian Samurott V]","Miscellaneous Cards & Products","2374",100.92,"2026-08-18T12:17:04.876Z"
"271942","Divergent Powers Tin [Hisuian Decidueye V] (International Version)","Miscellaneous Cards & Products","2374",46.81,"2026-08-18T12:17:04.876Z"
"271941","Divergent Powers Tin [Hisuian Decidueye V]","Miscellaneous Cards & Products","2374",102.97,"2026-08-18T12:17:04.876Z"
"282004","Deoxys/Zeraora VMAX & VSTAR Battle Box [Set of 2]","Miscellaneous Cards & Products","2374",143.74,"2026-08-18T12:17:04.876Z"
"282002","Deoxys VMAX & VSTAR Battle Box","Miscellaneous Cards & Products","2374",95.64,"2026-08-18T12:17:04.876Z"
"280859","Deoxys V / Zeraora V Battle Decks [Set of 2]","Miscellaneous Cards & Products","2374",28.89,"2026-08-18T12:17:04.876Z"
"504257","Deluxe Battle Deck: Quaquaval ex/Meowscarada ex [Set of 2]","Miscellaneous Cards & Products","2374",74.69,"2026-08-18T12:17:04.876Z"
"564248","Deluxe Battle Deck: Miraidon ex/Koraidon ex  [Set of 2]","Miscellaneous Cards & Products","2374",57.65,"2026-08-18T12:17:04.875Z"
"539428","Deluxe Battle Deck [Zapdos ex]","Miscellaneous Cards & Products","2374",21.92,"2026-08-18T12:17:04.875Z"
"504252","Deluxe Battle Deck [Quaquaval ex]","Miscellaneous Cards & Products","2374",20.14,"2026-08-18T12:17:04.875Z"
"539429","Deluxe Battle Deck [Ninetales ex]","Miscellaneous Cards & Products","2374",26.3,"2026-08-18T12:17:04.875Z"
"564145","Deluxe Battle Deck [Miraidon ex]","Miscellaneous Cards & Products","2374",21.32,"2026-08-18T12:17:04.875Z"
"504250","Deluxe Battle Deck [Meowscarada ex]","Miscellaneous Cards & Products","2374",35.61,"2026-08-18T12:17:04.875Z"
"564146","Deluxe Battle Deck [Koraidon ex]","Miscellaneous Cards & Products","2374",26.82,"2026-08-18T12:17:04.875Z"
"604493","Decidueye ex Box","Miscellaneous Cards & Products","2374",59.99,"2026-08-18T12:17:04.875Z"
"286618","Darkrai VSTAR Premium Collection","Miscellaneous Cards & Products","2374",147.1,"2026-08-18T12:17:04.875Z"
"558746","Dark Powers ex Special Collection","Miscellaneous Cards & Products","2374",106.25,"2026-08-18T12:17:04.875Z"
"477289","Cyrus/Klara Premium Tournament Collection Display","Miscellaneous Cards & Products","2374",324.94,"2026-08-18T12:17:04.875Z"
"477288","Cyrus/Klara Premium Tournament Collection Box [Set of 2]","Miscellaneous Cards & Products","2374",159.8,"2026-08-18T12:17:04.875Z"
"477286","Cyrus Premium Tournament Collection Box","Miscellaneous Cards & Products","2374",77.51,"2026-08-18T12:17:04.875Z"
"625952","Cynthia's Garchomp ex Premium Collection","Miscellaneous Cards & Products","2374",72.99,"2026-08-18T12:17:04.875Z"
"484372","Cyclizar ex Box","Miscellaneous Cards & Products","2374",40.22,"2026-08-18T12:17:04.875Z"
"653892","Costco Prismatic Evolutions 8-Pack Mini Tins","Miscellaneous Cards & Products","2374",290.72,"2026-08-18T12:17:04.875Z"
"650397","Costco Pokemon Surging Sparks 2-Pack Trainer Box and Booster Bundle","Miscellaneous Cards & Products","2374",176.06,"2026-08-18T12:17:04.875Z"
"594729","Costco Pokemon Scarlet & Violet Paldean Fates Mini Tin 5-pack","Miscellaneous Cards & Products","2374",294.28,"2026-08-18T12:17:04.875Z"
"587746","Costco Pokemon Scarlet & Violet 151 Mini Tin 5-pack (Meowth)","Miscellaneous Cards & Products","2374",279.21,"2026-08-18T12:17:04.875Z"
"587747","Costco Pokemon Scarlet & Violet 151 Mini Tin 5-pack (Magneton)","Miscellaneous Cards & Products","2374",280.34,"2026-08-18T12:17:04.875Z"
"636740","Costco Pokemon Prismatic Evolutions 2-Pack Trainer Box and Booster Bundle","Miscellaneous Cards & Products","2374",292.84,"2026-08-18T12:17:04.875Z"
"650885","Costco Pokemon Pokemon Holiday Calendar and Great Ball Bundle","Miscellaneous Cards & Products","2374",85,"2026-08-18T12:17:04.875Z"
"610741","Costco Pokemon Evolving Skies Elite Trainer Box and Tin","Miscellaneous Cards & Products","2374",596.66,"2026-08-18T12:17:04.875Z"
"587750","Costco Pokemon Collector 3-Pack: Scarlet & Violet 151 ETB + Paldea Legends Tins","Miscellaneous Cards & Products","2374",930.1,"2026-08-18T12:17:04.875Z"
"256408","Costco Pokemon Collector 3-Pack: Eevee Treasure Chest + 2 Poke Ball Tins","Miscellaneous Cards & Products","2374",190.54,"2026-08-18T12:17:04.875Z"
"636312","Costco Pokemon Collector 3-Pack: Crown Zenith ETB + Paldea Legends Tins","Miscellaneous Cards & Products","2374",422.86,"2026-08-18T12:17:04.875Z"
"551456","Costco Galar Pals Mini Tins 5-Pack","Miscellaneous Cards & Products","2374",250.66,"2026-08-18T12:17:04.875Z"
"685924","Costco 6-Pack Poke balls","Miscellaneous Cards & Products","2374",118.23,"2026-08-18T12:17:04.875Z"
"532385","Combined Powers Premium Collection","Miscellaneous Cards & Products","2374",119.26,"2026-08-18T12:17:04.875Z"
"230086","Collector's Pin Two Pack Blisters [Umbreon]","Miscellaneous Cards & Products","2374",50,"2026-01-20T16:12:39.786Z"
"235710","Collector's Pin Two Pack Blisters [Mimikyu]","Miscellaneous Cards & Products","2374",107,"2026-08-18T12:17:04.875Z"
"503300","Collector's Pin Two Pack Blisters [Jirachi]","Miscellaneous Cards & Products","2374",117.5,"2026-08-18T12:17:04.875Z"
"230085","Collector's Pin Two Pack Blisters [Espeon]","Miscellaneous Cards & Products","2374",40,"2026-07-31T00:11:28.285Z"
"235709","Collector's Pin Two Pack Blisters [Charizard]","Miscellaneous Cards & Products","2374",92.25,"2026-08-18T12:17:04.875Z"
"456118","Checklane 2-Pack Pin Blister [Latios]","Miscellaneous Cards & Products","2374",79.97,"2026-08-18T12:17:04.875Z"
"456111","Checklane 2-Pack Pin Blister [Latias]","Miscellaneous Cards & Products","2374",85.69,"2026-08-18T12:17:04.875Z"
"650148","Checklane 2-Pack Pin Blister [Darkrai]","Miscellaneous Cards & Products","2374",39.99,"2026-07-01T05:10:45.186Z"
"489632","Checklane 2-Pack Pin Blister [Celebi]","Miscellaneous Cards & Products","2374",73.27,"2026-08-18T12:17:04.875Z"
"650144","Checklane 2-Pack Pin Blister [Arceus]","Miscellaneous Cards & Products","2374",39.99,"2026-08-02T11:10:47.909Z"
"653625","Checklane 2-Pack Blister [Pawmot] (3-tab)","Miscellaneous Cards & Products","2374",20.48,"2026-08-18T12:17:04.875Z"
"598499","Checklane 2-Pack Blister [Pawmot] (1-tab)","Miscellaneous Cards & Products","2374",14.86,"2026-08-18T12:17:04.875Z"
"654113","Checklane 2-Pack Blister [Archaludon] (3-tab)","Miscellaneous Cards & Products","2374",17,"2026-08-18T12:17:04.875Z"
"237105","Checklane 2 Mini-Pack Blister [Dragonite]","Miscellaneous Cards & Products","2374",24.99,"2026-08-18T12:17:04.875Z"
"649295","Charizard ex Super-Premium Collection Case","Miscellaneous Cards & Products","2374",349.98,"2026-08-11T12:22:54.433Z"
"560625","Charizard ex Super-Premium Collection","Miscellaneous Cards & Products","2374",118.2,"2026-08-18T12:17:04.875Z"
"639446","Charizard ex Special Collection Case","Miscellaneous Cards & Products","2374",283.31,"2026-07-23T12:21:35.401Z"
"616305","Charizard ex Special Collection","Miscellaneous Cards & Products","2374",61.64,"2026-08-18T12:17:04.875Z"
"523954","Charizard ex Premium Collection Case","Miscellaneous Cards & Products","2374",566.95,"2026-08-18T12:17:04.875Z"
"516576","Charizard ex Premium Collection","Miscellaneous Cards & Products","2374",112.45,"2026-08-18T12:17:04.875Z"
"262968","Boltund V Box","Miscellaneous Cards & Products","2374",66.23,"2026-08-18T12:17:04.875Z"
"575897","Bloodmoon Ursaluna ex Box","Miscellaneous Cards & Products","2374",35.81,"2026-08-18T12:17:04.875Z"
"650229","Blaziken ex & Volcanion ex Premium Collection","Miscellaneous Cards & Products","2374",88.42,"2026-08-18T12:17:04.875Z"
"231295","Blastoise VMAX Battle Box","Miscellaneous Cards & Products","2374",104.15,"2026-08-18T12:17:04.875Z"
"239237","Blastoise V/Venusaur V Battle Decks [Set of 2]","Miscellaneous Cards & Products","2374",58.12,"2026-08-18T12:17:04.875Z"
"662745","Black Kyurem ex Box","Miscellaneous Cards & Products","2374",40.36,"2026-08-18T12:17:04.875Z"
"198526","Battle Arena Deck: Rayquaza GX","Miscellaneous Cards & Products","2374",280,"2026-08-18T12:17:04.875Z"
"549454","Back-to-School 2024 Collector Chest","Miscellaneous Cards & Products","2374",47.49,"2026-08-18T12:17:04.875Z"
"633084","Azure Legends Tins [Set of 3] (International Version)","Miscellaneous Cards & Products","2374",111.88,"2026-08-18T12:17:04.875Z"
"619075","Azure Legends Tins [Set of 3]","Miscellaneous Cards & Products","2374",119.7,"2026-08-18T12:17:04.875Z"
"633083","Azure Legends Tin [Xerneas ex] (International Version)","Miscellaneous Cards & Products","2374",33.53,"2026-08-18T12:17:04.875Z"
"616293","Azure Legends Tin [Xerneas ex]","Miscellaneous Cards & Products","2374",37.27,"2026-08-18T12:17:04.875Z"
"633082","Azure Legends Tin [Kyogre ex] (International Version)","Miscellaneous Cards & Products","2374",34.33,"2026-08-18T12:17:04.875Z"
"616292","Azure Legends Tin [Kyogre ex]","Miscellaneous Cards & Products","2374",43.96,"2026-08-18T12:17:04.875Z"
"628094","Azure Legends Tin [Dialga ex] (International Version)","Miscellaneous Cards & Products","2374",33.64,"2026-08-18T12:17:04.875Z"
"616291","Azure Legends Tin [Dialga ex]","Miscellaneous Cards & Products","2374",38.32,"2026-08-18T12:17:04.875Z"
"539305","Armarouge ex Premium Collection","Miscellaneous Cards & Products","2374",59.01,"2026-08-18T12:17:04.875Z"
"656955","Archaludon ex Box","Miscellaneous Cards & Products","2374",37.78,"2026-08-18T12:17:04.875Z"
"497177","Annihilape ex Box","Miscellaneous Cards & Products","2374",51.75,"2026-08-18T12:17:04.875Z"
"205384","Alolan Sandslash GX Box","Miscellaneous Cards & Products","2374",370,"2026-08-18T12:17:04.875Z"
"264259","Alolan Raichu Box","Miscellaneous Cards & Products","2374",144.84,"2026-08-18T12:17:04.875Z"
"706250","2-Pack Blister [Zarude]","Miscellaneous Cards & Products","2374",21.97,"2026-08-18T12:17:04.875Z"
"671271","2-Pack Blister [Raikou] (3-tab)","Miscellaneous Cards & Products","2374",18.91,"2026-08-18T12:17:04.875Z"
"671274","2-Pack Blister [Raikou] (1-tab)","Miscellaneous Cards & Products","2374",17.59,"2026-08-18T12:17:04.875Z"
"656995","2-Pack Blister Pack [Team Rocket's Articuno, Zapdos & Tyranitar]","Miscellaneous Cards & Products","2374",22.37,"2026-08-18T12:17:04.875Z"
"683264","2-Pack Blister Pack [Oddish, Gloom, & Vileplume]","Miscellaneous Cards & Products","2374",18.64,"2026-08-18T12:17:04.875Z"
"482320","2-Pack Blister Pack [Meganium, Typhlosion & Feraligatr]","Miscellaneous Cards & Products","2374",116.74,"2026-08-18T12:17:04.875Z"
"634329","2 Pack Blister [Tornadus, Thundurus & Landorus]","Miscellaneous Cards & Products","2374",26.76,"2026-08-18T12:17:04.875Z"
"248714","2 Pack Blister [Snorlax, Morpeko & Applin Cards]","Miscellaneous Cards & Products","2374",29.16,"2026-08-18T12:17:04.875Z"
"625051","2 Booster Packs & Latios Collector's Pin","Miscellaneous Cards & Products","2374",44.97,"2026-08-18T12:17:04.875Z"
"625050","2 Booster Packs & Latias Collector's Pin","Miscellaneous Cards & Products","2374",35.55,"2026-08-18T12:17:04.875Z"
"625038","2 Booster Packs & Jirachi Collector's Pin","Miscellaneous Cards & Products","2374",36.65,"2026-08-18T12:17:04.875Z"
"625049","2 Booster Packs & Celebi Collector's Pin","Miscellaneous Cards & Products","2374",38.24,"2026-08-18T12:17:04.875Z"
"261803","First Partner Packs [Set of 8] + Binder","First Partner Pack","2776",257.34,"2026-08-18T12:17:04.836Z"
"231302","First Partner Pack (Unova)","First Partner Pack","2776",21.17,"2026-08-18T12:17:04.836Z"
"231303","First Partner Pack (Sinnoh)","First Partner Pack","2776",21.65,"2026-08-18T12:17:04.836Z"
"231306","First Partner Pack (Kanto)","First Partner Pack","2776",67.14,"2026-08-18T12:17:04.836Z"
"231301","First Partner Pack (Kalos)","First Partner Pack","2776",23.98,"2026-08-18T12:17:04.836Z"
"231305","First Partner Pack (Johto)","First Partner Pack","2776",51.7,"2026-08-18T12:17:04.836Z"
"231304","First Partner Pack (Hoenn)","First Partner Pack","2776",23.01,"2026-08-18T12:17:04.836Z"
"231299","First Partner Pack (Galar)","First Partner Pack","2776",30.16,"2026-08-18T12:17:04.836Z"
"231300","First Partner Pack (Alola)","First Partner Pack","2776",22.31,"2026-08-18T12:17:04.836Z"
