id,name,set,price,updated,img
704149,30th Celebration ex Tin [Sylveon ex],ME: 30th Celebration,69.82,2026-08-27,704149
709037,30th Celebration ex Box Case,ME: 30th Celebration,450.16,2026-08-27,709037
704191,30th Celebration Ultra-Premium Collection [Night],ME: 30th Celebration,531.02,2026-08-27,704191
704190,30th Celebration Ultra-Premium Collection [Day],ME: 30th Celebration,432.65,2026-08-27,704190
709029,30th Celebration Ultra-Premium Collection Case,ME: 30th Celebration,2111.69,2026-08-27,709029
704150,30th Celebration Tin [Greninja ex],ME: 30th Celebration,70.07,2026-08-27,704150
704147,30th Celebration Tech Sticker Collection [Set of 2],ME: 30th Celebration,78.23,2026-08-27,704147
704146,30th Celebration Tech Sticker Collection [Lucario],ME: 30th Celebration,39.31,2026-08-27,704146
704145,30th Celebration Tech Sticker Collection [Alolan Exeggutor],ME: 30th Celebration,39.23,2026-08-27,704145
704155,30th Celebration Sylveon ex Box,ME: 30th Celebration,79.67,2026-08-27,704155
704153,30th Celebration Poster Collection,ME: 30th Celebration,58.28,2026-08-27,704153
704144,30th Celebration Pokemon Center Elite Trainer Box,ME: 30th Celebration,490.64,2026-08-27,704144
696613,30th Celebration Pack,ME: 30th Celebration,16.4,2026-08-27,696613
704181,30th Celebration Mini Tin [Zapdos],ME: 30th Celebration,72.63,2026-08-27,704181
704182,30th Celebration Mini Tin [Umbreon],ME: 30th Celebration,74.39,2026-08-27,704182
704184,30th Celebration Mini Tin [Night Pikachu],ME: 30th Celebration,65.22,2026-08-27,704184
704180,30th Celebration Mini Tin [Moltres],ME: 30th Celebration,73.66,2026-08-27,704180
704183,30th Celebration Mini Tin [Mewtwo],ME: 30th Celebration,73.35,2026-08-27,704183
704178,30th Celebration Mini Tin [Mew],ME: 30th Celebration,70.67,2026-08-27,704178
704179,30th Celebration Mini Tin [Lapras],ME: 30th Celebration,71.06,2026-08-27,704179
704185,30th Celebration Mini Tin [Greninja],ME: 30th Celebration,63.4,2026-08-27,704185
704176,30th Celebration Mini Tin [Espeon],ME: 30th Celebration,79.26,2026-08-27,704176
704177,30th Celebration Mini Tin [Day Pikachu],ME: 30th Celebration,73.59,2026-08-27,704177
709030,30th Celebration Mini Tin Display Case,ME: 30th Celebration,1999.99,2026-08-27,709030
704186,30th Celebration Mini Tin Display,ME: 30th Celebration,278.5,2026-08-27,704186
709035,30th Celebration Knock Out Collection Case,ME: 30th Celebration,989.99,2026-08-27,709035
704152,30th Celebration Knock Out Collection,ME: 30th Celebration,28.27,2026-08-27,704152
704168,30th Celebration Greninja ex Box,ME: 30th Celebration,55.81,2026-08-27,704168
704194,30th Celebration Figure Collection [Mewtwo],ME: 30th Celebration,97.68,2026-08-27,704194
704193,30th Celebration Figure Collection [Mew],ME: 30th Celebration,125.96,2026-08-27,704193
709036,30th Celebration Elite Trainer Box Case,ME: 30th Celebration,1799.64,2026-08-27,709036
704143,30th Celebration Elite Trainer Box,ME: 30th Celebration,166.15,2026-08-27,704143
704189,30th Celebration Ditto Premium Collection,ME: 30th Celebration,199.95,2026-08-27,704189
704192,30th Celebration Classic Collection Pack,ME: 30th Celebration,248.99,2026-08-27,704192
709017,30th Celebration Booster Bundle Case,ME: 30th Celebration,2398.37,2026-08-27,709017
704171,30th Celebration Booster Bundle,ME: 30th Celebration,88.3,2026-08-27,704171
709032,30th Celebration Binder Collection Case,ME: 30th Celebration,468.99,2026-08-27,709032
704169,30th Celebration Binder Collection,ME: 30th Celebration,64.56,2026-08-27,704169
704188,30th Celebration Battle Deck [Umbreon ex],ME: 30th Celebration,34.59,2026-08-27,704188
704187,30th Celebration Battle Deck [Espeon ex],ME: 30th Celebration,38.96,2026-08-27,704187
709016,30th Celebration Battle Deck Case,ME: 30th Celebration,279.97,2026-08-27,709016
704148,30th Celebration 2-Pack Blister,ME: 30th Celebration,52.57,2026-08-27,704148
692958,Pitch Black Sleeved Booster Pack Art Bundle [Set of 4],ME05: Pitch Black,27.3,2026-08-27,692958
692957,Pitch Black Sleeved Booster Pack,ME05: Pitch Black,6.97,2026-08-27,692957
692956,Pitch Black Sleeved Booster Case,ME05: Pitch Black,826.17,2026-08-27,692956
692955,Pitch Black Single Pack Blister [Slowpoke],ME05: Pitch Black,8.68,2026-08-27,692955
692953,"Pitch Black Premium Checklane Blister [Tyrunt, Tyrantrum] (Target Exclusive)",ME05: Pitch Black,19.14,2026-08-27,692953
692952,Pitch Black Premium Checklane Blister [Luxray Line],ME05: Pitch Black,17.28,2026-08-27,692952
692951,Pitch Black Premium Checklane Blister [Gengar Line],ME05: Pitch Black,22.28,2026-08-27,692951
692954,"Pitch Black Premium Checklane Blister [Amaura, Aurorus] (Target Exclusive)",ME05: Pitch Black,17.4,2026-08-27,692954
692950,Pitch Black Pokemon Center Elite Trainer Box Case (Exclusive),ME05: Pitch Black,394.9825,2026-07-17,692950
692949,Pitch Black Pokemon Center Elite Trainer Box (Exclusive),ME05: Pitch Black,122.24,2026-08-27,692949
692940,Pitch Black Half Booster Boxes,ME05: Pitch Black,8.99,2026-07-23,692940
692948,Pitch Black Elite Trainer Box Case,ME05: Pitch Black,673.47,2026-08-27,692948
692947,Pitch Black Elite Trainer Box,ME05: Pitch Black,68.4,2026-08-27,692947
693586,Pitch Black Build & Battle Box Display,ME05: Pitch Black,371.29,2026-08-27,693586
692946,Pitch Black Build & Battle Box,ME05: Pitch Black,38.51,2026-08-27,692946
692945,Pitch Black Booster Pack Art Bundle [Set of 4],ME05: Pitch Black,29.75,2026-08-27,692945
692944,Pitch Black Booster Pack,ME05: Pitch Black,5.68,2026-08-27,692944
692943,Pitch Black Booster Bundle Case,ME05: Pitch Black,808.47,2026-08-27,692943
692942,Pitch Black Booster Bundle,ME05: Pitch Black,34.55,2026-08-27,692942
692941,Pitch Black Booster Box Case,ME05: Pitch Black,1054.72,2026-08-27,692941
692939,Pitch Black Booster Box,ME05: Pitch Black,185.76,2026-08-27,692939
692938,Pitch Black 3-Pack Blister [Binacle],ME05: Pitch Black,22.92,2026-08-27,692938
693589,Pitch Black 3-Pack Blister Case,ME05: Pitch Black,588.98,2026-08-27,693589
684449,Chaos Rising Sleeved Booster Pack Art Bundle [Set of 4],ME04: Chaos Rising,27.67,2026-08-27,684449
684448,Chaos Rising Sleeved Booster Pack,ME04: Chaos Rising,7.06,2026-08-27,684448
690684,Chaos Rising Sleeved Booster Case,ME04: Chaos Rising,1007.69,2026-08-27,690684
696144,Chaos Rising Single Pack Blister [Zacian/Mimikyu],ME04: Chaos Rising,25.47,2026-08-27,696144
684457,Chaos Rising Single Pack Blister [Toxel],ME04: Chaos Rising,7.48,2026-08-27,684457
696150,Chaos Rising Single Pack Blister [Reshiram/Moltres],ME04: Chaos Rising,25.6,2026-08-27,696150
684459,Chaos Rising Premium Checklane Blister [Pawmot Line],ME04: Chaos Rising,15.27,2026-08-27,684459
684460,Chaos Rising Premium Checklane Blister [Flygon Line],ME04: Chaos Rising,16.09,2026-08-27,684460
684453,Chaos Rising Pokemon Center Elite Trainer Box Case,ME04: Chaos Rising,840,2026-06-20,684453
684452,Chaos Rising Pokemon Center Elite Trainer Box,ME04: Chaos Rising,134.37,2026-08-27,684452
684451,Chaos Rising Elite Trainer Box Case,ME04: Chaos Rising,719.93,2026-08-27,684451
684450,Chaos Rising Elite Trainer Box,ME04: Chaos Rising,71.52,2026-08-27,684450
684455,Chaos Rising Build & Battle Display,ME04: Chaos Rising,347.05,2026-08-27,684455
684454,Chaos Rising Build & Battle Box,ME04: Chaos Rising,43.79,2026-08-27,684454
684447,Chaos Rising Booster Pack Art Bundle [Set of 4],ME04: Chaos Rising,26.73,2026-08-27,684447
684446,Chaos Rising Booster Pack,ME04: Chaos Rising,5.32,2026-08-27,684446
688949,Chaos Rising Booster Bundle Case,ME04: Chaos Rising,923.2,2026-08-27,688949
684456,Chaos Rising Booster Bundle,ME04: Chaos Rising,37.09,2026-08-27,684456
684445,Chaos Rising Booster Box Case,ME04: Chaos Rising,1070.01,2026-08-27,684445
684444,Chaos Rising Booster Box,ME04: Chaos Rising,186.02,2026-08-27,684444
684458,Chaos Rising 3-Pack Blister [Charmeleon],ME04: Chaos Rising,19.92,2026-08-27,684458
695118,Chaos Rising 3-Pack Blister Case,ME04: Chaos Rising,599.93,2026-08-27,695118
695402,First Partner Illustration Collection Case (Series 3),First Partner Collection 2026,201.98,2026-08-27,695402
688716,First Partner Illustration Collection Case (Series 2),First Partner Collection 2026,182.73,2026-08-27,688716
673439,First Partner Illustration Collection Case (Series 1),First Partner Collection 2026,384.43,2026-08-27,673439
695400,First Partner Illustration Collection (Series 3),First Partner Collection 2026,32.35,2026-08-27,695400
688712,First Partner Illustration Collection (Series 2),First Partner Collection 2026,29.4,2026-08-27,688712
673436,First Partner Illustration Collection (Series 1),First Partner Collection 2026,65.58,2026-08-27,673436
701485,First Partner Collection 2026 Series 3 Booster Pack,First Partner Collection 2026,33.65,2026-08-27,701485
701484,First Partner Collection 2026 Series 2 Booster Pack,First Partner Collection 2026,23.25,2026-08-27,701484
694977,First Partner Collection 2026 Series 1 Booster Pack,First Partner Collection 2026,47.51,2026-08-27,694977
672413,Perfect Order Sleeved Booster Pack Art Bundle [Set of 4],ME03: Perfect Order,29.75,2026-08-27,672413
672412,Perfect Order Sleeved Booster Pack,ME03: Perfect Order,7.29,2026-08-27,672412
672411,Perfect Order Sleeved Booster Case,ME03: Perfect Order,905.19,2026-08-27,672411
672410,Perfect Order Single Pack Blister [Makuhita],ME03: Perfect Order,7.86,2026-08-27,672410
672408,Perfect Order Premium Checklane Blister [Steelix Line],ME03: Perfect Order,15.09,2026-08-27,672408
672406,Perfect Order Premium Checklane Blister [Meganium Line],ME03: Perfect Order,18.02,2026-08-27,672406
672409,Perfect Order Premium Checklane Blister [Clawitzer Line],ME03: Perfect Order,14.78,2026-08-27,672409
672407,Perfect Order Premium Checklane Blister [Cinderace Line],ME03: Perfect Order,16.6,2026-08-27,672407
672404,Perfect Order Pokemon Center Elite Trainer Box,ME03: Perfect Order,121.24,2026-08-27,672404
672402,Perfect Order Elite Trainer Box Case,ME03: Perfect Order,656.61,2026-08-27,672402
672401,Perfect Order Elite Trainer Box,ME03: Perfect Order,71.81,2026-08-27,672401
690172,Perfect Order Build & Battle Box Display,ME03: Perfect Order,315.37,2026-08-27,690172
672400,Perfect Order Build & Battle Box,ME03: Perfect Order,37.67,2026-08-27,672400
672399,Perfect Order Booster Pack Art Bundle [Set of 4],ME03: Perfect Order,26.42,2026-08-27,672399
672398,Perfect Order Booster Pack,ME03: Perfect Order,5.5,2026-08-27,672398
672397,Perfect Order Booster Bundle Case,ME03: Perfect Order,918.86,2026-08-27,672397
672396,Perfect Order Booster Bundle,ME03: Perfect Order,41.18,2026-08-27,672396
672395,Perfect Order Booster Box Case,ME03: Perfect Order,976.06,2026-08-27,672395
672394,Perfect Order Booster Box,ME03: Perfect Order,171.4,2026-08-27,672394
672393,Perfect Order 3 Pack Blister [Chikorita],ME03: Perfect Order,20.27,2026-08-27,672393
668536,Premium Poster Collection: Mega Lucario,ME: Ascended Heroes,157.31,2026-08-27,668536
668537,Premium Poster Collection: Mega Gardevoir,ME: Ascended Heroes,148.12,2026-08-27,668537
685000,Premium Poster Collection Case,ME: Ascended Heroes,973.25,2026-08-27,685000
681333,Mega Evolution: Ascended Heroes Tech Sticker Collection Case,ME: Ascended Heroes,634.33,2026-08-27,681333
666909,Mega Evolution: Ascended Heroes Tech Sticker Collection - Gastly,ME: Ascended Heroes,45.32,2026-08-27,666909
666908,Mega Evolution: Ascended Heroes Tech Sticker Collection - Charmander,ME: Ascended Heroes,45.56,2026-08-27,666908
685195,Mega Evolution: Ascended Heroes Collection case,ME: Ascended Heroes,694.6,2026-08-27,685195
691923,Mega Evolution: Ascended Heroes Collection [Set of 2],ME: Ascended Heroes,59.87,2026-08-27,691923
666907,Mega Evolution: Ascended Heroes Collection - Larry (3-Tab),ME: Ascended Heroes,28.73,2026-08-27,666907
709097,Mega Evolution: Ascended Heroes Collection - Larry (1-Tab),ME: Ascended Heroes,24.59,2026-08-27,709097
666906,Mega Evolution: Ascended Heroes Collection - Erika (3-Tab),ME: Ascended Heroes,30.69,2026-08-27,666906
709095,Mega Evolution: Ascended Heroes Collection - Erika (1-Tab),ME: Ascended Heroes,24.9,2026-08-27,709095
692541,Costco Ascended Heroes Mega ex Box Bundle,ME: Ascended Heroes,197.29,2026-08-27,692541
702500,Ascended Heroes Tin [Set of 3],ME: Ascended Heroes,224.64,2026-08-27,702500
702498,Ascended Heroes Tin [Mega Meganium ex],ME: Ascended Heroes,70.84,2026-08-27,702498
702497,Ascended Heroes Tin [Mega Feraligatr ex],ME: Ascended Heroes,70.36,2026-08-27,702497
702496,Ascended Heroes Tin [Mega Emboar ex],ME: Ascended Heroes,69.13,2026-08-27,702496
702501,Ascended Heroes Tin Case,ME: Ascended Heroes,378.47,2026-08-27,702501
668497,Ascended Heroes Pokemon Center Elite Trainer Box (Exclusive),ME: Ascended Heroes,413.1,2026-08-27,668497
668530,Ascended Heroes Mini Tins 5-Pack,ME: Ascended Heroes,166.78,2026-08-27,668530
668533,Ascended Heroes Mini Tin [Zorua & Cramorant],ME: Ascended Heroes,31.18,2026-08-27,668533
668534,Ascended Heroes Mini Tin [Togepi & Totodile],ME: Ascended Heroes,34.9,2026-08-27,668534
668532,Ascended Heroes Mini Tin [Riolu & Darumaka],ME: Ascended Heroes,32.29,2026-08-27,668532
668531,Ascended Heroes Mini Tin [Pikachu & Tepig],ME: Ascended Heroes,34.51,2026-08-27,668531
668535,Ascended Heroes Mini Tin [Clefairy & Chikorita],ME: Ascended Heroes,35.93,2026-08-27,668535
689031,Ascended Heroes Mini Tin Display Case,ME: Ascended Heroes,1269.74,2026-08-27,689031
679556,Ascended Heroes Mini Tin Display,ME: Ascended Heroes,298.29,2026-08-27,679556
672737,Ascended Heroes Mega ex Boxes Case,ME: Ascended Heroes,362.05,2026-08-27,672737
672733,Ascended Heroes Mega Meganium ex Box,ME: Ascended Heroes,58.94,2026-08-27,672733
672735,Ascended Heroes Mega Feraligatr ex Box,ME: Ascended Heroes,59.09,2026-08-27,672735
672734,Ascended Heroes Mega Emboar ex Box,ME: Ascended Heroes,58.01,2026-08-27,672734
706959,Ascended Heroes Focused Fighters Premium Collection (Sam's Club),ME: Ascended Heroes,236.19,2026-08-27,706959
672392,Ascended Heroes First Partners Deluxe Pin Collection Case,ME: Ascended Heroes,434.92,2026-08-27,672392
672391,Ascended Heroes First Partners Deluxe Pin Collection,ME: Ascended Heroes,65.93,2026-08-27,672391
679558,Ascended Heroes Elite Trainer Box Case,ME: Ascended Heroes,1680.75,2026-08-27,679558
668496,Ascended Heroes Elite Trainer Box,ME: Ascended Heroes,162.81,2026-08-27,668496
672434,Ascended Heroes Booster Pack,ME: Ascended Heroes,13.85,2026-08-27,672434
692362,Ascended Heroes Booster Bundle Display,ME: Ascended Heroes,2254.99,2026-08-27,692362
681339,Ascended Heroes Booster Bundle Case,ME: Ascended Heroes,2173.71,2026-08-27,681339
668541,Ascended Heroes Booster Bundle,ME: Ascended Heroes,86.0056,2026-08-27,668541
664903,Phantasmal Flames Sleeved Booster Pack Art Bundle [Set of 4],ME02: Phantasmal Flames,53.71,2026-08-27,664903
654145,Phantasmal Flames Sleeved Booster Pack,ME02: Phantasmal Flames,13.54,2026-08-27,654145
655282,Phantasmal Flames Sleeved Booster Case,ME02: Phantasmal Flames,1504.18,2026-08-27,655282
654150,Phantasmal Flames Single Pack Blister [Whimsicott],ME02: Phantasmal Flames,13.14,2026-08-27,654150
654151,Phantasmal Flames Single Pack Blister [Cottonee],ME02: Phantasmal Flames,13.05,2026-08-27,654151
654146,Phantasmal Flames Premium Checklane Blister [Hydrapple],ME02: Phantasmal Flames,31.72,2026-08-27,654146
672588,Phantasmal Flames Premium Checklane Blister [Ethan's Magcargo],ME02: Phantasmal Flames,16.2,2026-08-27,672588
654147,Phantasmal Flames Premium Checklane Blister [Blaziken],ME02: Phantasmal Flames,30.46,2026-08-27,654147
668931,Phantasmal Flames Premium Checklane Blister [Arven's Greedent],ME02: Phantasmal Flames,14.66,2026-08-27,668931
654135,Phantasmal Flames Pokemon Center Elite Trainer Box (Exclusive),ME02: Phantasmal Flames,288.09,2026-08-27,654135
654170,Phantasmal Flames Elite Trainer Box Case,ME02: Phantasmal Flames,1434.08,2026-08-27,654170
654136,Phantasmal Flames Elite Trainer Box,ME02: Phantasmal Flames,152.7,2026-08-27,654136
654164,Phantasmal Flames Build & Battle Box Display,ME02: Phantasmal Flames,482.8,2026-08-27,654164
662725,Phantasmal Flames Build & Battle Box,ME02: Phantasmal Flames,64.35,2026-08-27,662725
654174,Phantasmal Flames Booster Pack Art Bundle [Set of 4],ME02: Phantasmal Flames,47.35,2026-08-27,654174
654144,Phantasmal Flames Booster Pack,ME02: Phantasmal Flames,11.6,2026-08-27,654144
654162,Phantasmal Flames Booster Bundle Case,ME02: Phantasmal Flames,1550,2026-08-27,654162
654160,Phantasmal Flames Booster Bundle,ME02: Phantasmal Flames,81.97,2026-08-27,654160
655281,Phantasmal Flames Booster Box Case,ME02: Phantasmal Flames,2578.03,2026-08-27,655281
654137,Phantasmal Flames Booster Box,ME02: Phantasmal Flames,394.54,2026-08-27,654137
654156,Phantasmal Flames 3 Pack Blister [Weavile],ME02: Phantasmal Flames,42.37,2026-08-27,654156
654154,Phantasmal Flames 3 Pack Blister [Sneasel],ME02: Phantasmal Flames,41.87,2026-08-27,654154
649401,Mega Heroes Mini Tin [Mega Venusaur],ME01: Mega Evolution,20.97,2026-08-27,649401
649400,Mega Heroes Mini Tin [Mega Lucario],ME01: Mega Evolution,22.03,2026-08-27,649400
649397,Mega Heroes Mini Tin [Mega Latias],ME01: Mega Evolution,21.21,2026-08-27,649397
649395,Mega Heroes Mini Tin [Mega Kangaskhan],ME01: Mega Evolution,19.58,2026-08-27,649395
649394,Mega Heroes Mini Tin [Mega Gardevoir],ME01: Mega Evolution,19.27,2026-08-27,649394
649392,Mega Heroes Mini Tin Display,ME01: Mega Evolution,256.48,2026-08-27,649392
644355,Mega Evolution Sleeved Booster Pack Art Bundle [Set of 4],ME01: Mega Evolution,45.05,2026-08-27,644355
644354,Mega Evolution Sleeved Booster Pack,ME01: Mega Evolution,9.17,2026-08-27,644354
650766,Mega Evolution Sleeved Booster Case,ME01: Mega Evolution,1216.78,2026-08-27,650766
657489,Mega Evolution Single Pack Blister [Wailord],ME01: Mega Evolution,15.32,2026-08-27,657489
657490,Mega Evolution Single Pack Blister [Lycanroc],ME01: Mega Evolution,13.89,2026-08-27,657490
644358,Mega Evolution Single Pack Blister [Drifloon],ME01: Mega Evolution,13.11,2026-08-27,644358
644359,Mega Evolution Single Pack Blister [Drifblim,ME01: Mega Evolution,13.02,2026-08-27,644359
644360,Mega Evolution Premium Checklane Blister [Tyranitar],ME01: Mega Evolution,30.38,2026-08-27,644360
644361,Mega Evolution Premium Checklane Blister [Meowscarada],ME01: Mega Evolution,26.25,2026-08-27,644361
644282,Mega Evolution Pokemon Center Elite Trainer Box (Exclusive) [Mega Lucario],ME01: Mega Evolution,231.85,2026-08-27,644282
648415,Mega Evolution Pokemon Center Elite Trainer Box (Exclusive) [Mega Gardevoir],ME01: Mega Evolution,207.53,2026-08-27,648415
644351,Mega Evolution Half Booster Box,ME01: Mega Evolution,250,2026-08-27,644351
646173,Mega Evolution Enhanced Booster Case,ME01: Mega Evolution,1838.76,2026-08-27,646173
644300,Mega Evolution Enhanced Booster Box,ME01: Mega Evolution,303.83,2026-08-27,644300
648394,Mega Evolution Elite Trainer Box [Mega Lucario],ME01: Mega Evolution,122.61,2026-08-27,648394
644279,Mega Evolution Elite Trainer Box [Mega Gardevoir],ME01: Mega Evolution,115.84,2026-08-27,644279
644727,Mega Evolution Elite Trainer Box Case,ME01: Mega Evolution,1034.1,2026-08-27,644727
644733,Mega Evolution Build & Battle Box Display,ME01: Mega Evolution,483.07,2026-08-27,644733
644363,Mega Evolution Build & Battle Box,ME01: Mega Evolution,60.29,2026-08-27,644363
657875,Mega Evolution Booster Pack Art Bundle [Set of 4],ME01: Mega Evolution,34.94,2026-08-27,657875
644352,Mega Evolution Booster Pack,ME01: Mega Evolution,7.89,2026-08-27,644352
644730,Mega Evolution Booster Bundle Case,ME01: Mega Evolution,1175.42,2026-08-27,644730
644362,Mega Evolution Booster Bundle,ME01: Mega Evolution,63.62,2026-08-27,644362
644731,Mega Evolution Booster Box Case,ME01: Mega Evolution,1853.37,2026-08-27,644731
644298,Mega Evolution Booster Box,ME01: Mega Evolution,326.28,2026-08-27,644298
644357,Mega Evolution 3 Pack Blister [Psyduck],ME01: Mega Evolution,45.58,2026-08-27,644357
644356,Mega Evolution 3 Pack Blister [Golduck],ME01: Mega Evolution,32.34,2026-08-27,644356
649220,Unova Victini Illustration Collection Case,SV: Black Bolt,505.74,2026-08-27,649220
630615,Unova Victini Illustration Collection,SV: Black Bolt,71.61,2026-08-27,630615
630613,Unova Poster Collection Case,SV: Black Bolt,263.79,2026-08-27,630613
630612,Unova Poster Collection,SV: Black Bolt,43.03,2026-08-27,630612
630441,Unova Mini Tin [Volcarona & Emolga],SV: Black Bolt,23.33,2026-08-27,630441
630443,Unova Mini Tin [Mienshao & Klinklang],SV: Black Bolt,23.63,2026-08-27,630443
630442,Unova Mini Tin [Lilligant & Whimsicot],SV: Black Bolt,24.16,2026-08-27,630442
630440,Unova Mini Tin [Krookodile & Excadrill],SV: Black Bolt,27.26,2026-08-27,630440
630438,Unova Mini Tin [Garbodor & Amoonguss],SV: Black Bolt,24.42,2026-08-27,630438
630445,Unova Mini Tin [Elektross & Galvantula],SV: Black Bolt,22.66,2026-08-27,630445
630439,Unova Mini Tin [Chandelure & Zorua],SV: Black Bolt,29.51,2026-08-27,630439
630444,Unova Mini Tin [Alomomola & Axew],SV: Black Bolt,23.96,2026-08-27,630444
630447,Unova Mini Tin Display Case,SV: Black Bolt,1043.3,2026-08-27,630447
630446,Unova Mini Tin Display,SV: Black Bolt,249.05,2026-08-27,630446
668632,Unova Heavy Hitters Premium Collection,SV: Black Bolt,183.13,2026-08-27,668632
630614,Black Bolt Tech Sticker Collection,SV: Black Bolt,49.28,2026-08-27,630614
630687,Black Bolt Pokemon Center Elite Trainer Box (Exclusive),SV: Black Bolt,276.53,2026-08-27,630687
630690,Black Bolt Elite Trainer Box Case,SV: Black Bolt,1748.51,2026-08-27,630690
630686,Black Bolt Elite Trainer Box,SV: Black Bolt,164.75,2026-08-27,630686
630434,Black Bolt Booster Pack,SV: Black Bolt,14.68,2026-08-27,630434
630433,Black Bolt Booster Bundle Display,SV: Black Bolt,1685.98,2026-08-27,630433
630432,Black Bolt Booster Bundle Case,SV: Black Bolt,2514.85,2026-08-27,630432
630431,Black Bolt Booster Bundle,SV: Black Bolt,96.43,2026-08-27,630431
630430,Black Bolt Binder Collection,SV: Black Bolt,79.82,2026-08-27,630430
685926,Black Bolt Binder & Unova Poster Collection (Sam's Club),SV: Black Bolt,122.35,2026-08-27,685926
630429,Black Bolt  Binder Collection Case,SV: Black Bolt,351.4,2026-08-27,630429
630700,White Flare Tech Sticker Collection,SV: White Flare,46.86,2026-08-27,630700
630688,White Flare Pokemon Center Elite Trainer Box (Exclusive),SV: White Flare,244.46,2026-08-27,630688
630693,White Flare Elite Trainer Box Case,SV: White Flare,1482.38,2026-08-27,630693
630689,White Flare Elite Trainer Box,SV: White Flare,154.01,2026-08-27,630689
630699,White Flare Booster Pack,SV: White Flare,13.52,2026-08-27,630699
630698,White Flare Booster Bundle Display,SV: White Flare,1518.16,2026-08-27,630698
630697,White Flare Booster Bundle Case,SV: White Flare,2163.56,2026-08-27,630697
630696,White Flare Booster Bundle,SV: White Flare,85.26,2026-08-27,630696
630695,White Flare Binder Collection,SV: White Flare,73.29,2026-08-27,630695
685927,White Flare Binder & Unova Poster Collection (Sam's Club),SV: White Flare,120.79,2026-08-27,685927
630694,White Flare  Binder Collection Case,SV: White Flare,325,2026-08-27,630694
635053,Destined Rivals Sleeved Booster Pack Art Bundle [Set of 4],SV10: Destined Rivals,47,2026-08-27,635053
624684,Destined Rivals Sleeved Booster Pack,SV10: Destined Rivals,10.82,2026-08-27,624684
628413,Destined Rivals Sleeved Booster Case,SV10: Destined Rivals,1603.63,2026-08-27,628413
633106,Destined Rivals Single Pack Blister [Zarude],SV10: Destined Rivals,13.58,2026-08-27,633106
633105,Destined Rivals Single Pack Blister [Eevee],SV10: Destined Rivals,19.08,2026-08-27,633105
625688,Destined Rivals Premium Checklane Blister [Togekiss],SV10: Destined Rivals,39.66,2026-08-27,625688
625687,Destined Rivals Premium Checklane Blister [Skeledirge],SV10: Destined Rivals,42.27,2026-08-27,625687
628396,Destined Rivals Premium Checklane Blister [Rabsca],SV10: Destined Rivals,16.97,2026-08-27,628396
628395,Destined Rivals Premium Checklane Blister [Gastrodon],SV10: Destined Rivals,18.8,2026-08-27,628395
624675,Destined Rivals Pokemon Center Elite Trainer Box (Exclusive),SV10: Destined Rivals,489.92,2026-08-27,624675
624681,Destined Rivals Half Booster Box,SV10: Destined Rivals,298,2026-08-27,624681
650765,Destined Rivals Fun Pack,SV10: Destined Rivals,5.44,2026-08-27,650765
628398,Destined Rivals Elite Trainer Box Case,SV10: Destined Rivals,1193.7,2026-08-27,628398
624676,Destined Rivals Elite Trainer Box,SV10: Destined Rivals,115.59,2026-08-27,624676
634383,Destined Rivals Build & Battle Box Display,SV10: Destined Rivals,535.51,2026-08-27,634383
625677,Destined Rivals Build & Battle Box,SV10: Destined Rivals,66.68,2026-08-27,625677
649711,Destined Rivals Booster Pack Art Bundle [Set of 4],SV10: Destined Rivals,38.29,2026-08-27,649711
624683,Destined Rivals Booster Pack,SV10: Destined Rivals,8.98,2026-08-27,624683
628428,Destined Rivals Booster Bundle Case,SV10: Destined Rivals,1809.56,2026-08-27,628428
625670,Destined Rivals Booster Bundle,SV10: Destined Rivals,70.11,2026-08-27,625670
624678,Destined Rivals Booster Box Case,SV10: Destined Rivals,2419.94,2026-08-27,624678
624679,Destined Rivals Booster Box,SV10: Destined Rivals,401.42,2026-08-27,624679
625684,Destined Rivals 3 Pack Blister [Zebstrika],SV10: Destined Rivals,44.46,2026-08-27,625684
635328,Destined Rivals 3 Pack Blister [Set of 2],SV10: Destined Rivals,77.74,2026-08-27,635328
625683,Destined Rivals 3 Pack Blister [Kangaskhan],SV10: Destined Rivals,49.11,2026-08-27,625683
626659,Journey Together Sleeved Booster Pack Art Bundle [Set of 4],SV09: Journey Together,29.82,2026-08-27,626659
610934,Journey Together Sleeved Booster Pack,SV09: Journey Together,9.27,2026-08-27,610934
624925,Journey Together Sleeved Booster Case,SV09: Journey Together,1049.84,2026-08-27,624925
610950,Journey Together Single Pack Blister [Yanma],SV09: Journey Together,11.03,2026-08-27,610950
610949,Journey Together Single Pack Blister [Scraggy],SV09: Journey Together,9.9,2026-08-27,610949
626630,Journey Together Single Pack Blister [Melmetal],SV09: Journey Together,25.33,2026-08-27,626630
626562,Journey Together Single Pack Blister [Archaludon],SV09: Journey Together,13.04,2026-08-27,626562
610951,Journey Together Premium Checklane Blister [Rhyperior],SV09: Journey Together,41.99,2026-08-27,610951
610952,Journey Together Premium Checklane Blister [Klinklang],SV09: Journey Together,35.31,2026-08-27,610952
610929,Journey Together Pokemon Center Elite Trainer Box (Exclusive),SV09: Journey Together,202.06,2026-08-27,610929
649492,Journey Together Half Booster Box,SV09: Journey Together,333.33,2026-08-27,649492
647762,Journey Together Fun Pack,SV09: Journey Together,3.82,2026-08-27,647762
625583,Journey Together Enhanced Booster Box Case,SV09: Journey Together,1590.23,2026-08-27,625583
623628,Journey Together Enhanced Booster Box,SV09: Journey Together,246.31,2026-08-27,623628
614450,Journey Together Elite Trainer Box Case,SV09: Journey Together,1245.21,2026-08-27,614450
610930,Journey Together Elite Trainer Box,SV09: Journey Together,137.49,2026-08-27,610930
629568,Journey Together Build & Battle Box Display,SV09: Journey Together,293.89,2026-08-27,629568
610954,Journey Together Build & Battle Box,SV09: Journey Together,39.16,2026-08-27,610954
626660,Journey Together Booster Pack Art Bundle [Set of 4],SV09: Journey Together,24.9,2026-08-27,626660
610935,Journey Together Booster Pack,SV09: Journey Together,6.52,2026-08-27,610935
625584,Journey Together Booster Bundle Case,SV09: Journey Together,939.6,2026-08-27,625584
610953,Journey Together Booster Bundle,SV09: Journey Together,46.4,2026-08-27,610953
614449,Journey Together Booster Box Case,SV09: Journey Together,1811.08,2026-08-27,614449
610931,Journey Together Booster Box,SV09: Journey Together,252.41,2026-08-27,610931
610940,Journey Together 3 Pack Blister [Yanmega],SV09: Journey Together,24.81,2026-08-27,610940
631972,Journey Together 3 Pack Blister [Set of 2],SV09: Journey Together,41.76,2026-08-27,631972
610948,Journey Together 3 Pack Blister [Scrafty],SV09: Journey Together,26.72,2026-08-27,610948
615609,McDonald's 2024 Match & Battle Pack,McDonald's Promos 2024,8.85,2026-08-27,615609
593450,Prismatic Evolutions Tech Sticker Collection [Sylveon],SV: Prismatic Evolutions,43.68,2026-08-27,593450
598490,Prismatic Evolutions Tech Sticker Collection [Set of 3],SV: Prismatic Evolutions,124.23,2026-08-27,598490
593453,Prismatic Evolutions Tech Sticker Collection [Leafeon],SV: Prismatic Evolutions,41.11,2026-08-27,593453
593451,Prismatic Evolutions Tech Sticker Collection [Glaceon],SV: Prismatic Evolutions,42.87,2026-08-27,593451
598489,Prismatic Evolutions Tech Sticker Collection Case,SV: Prismatic Evolutions,462.63,2026-08-27,598489
598470,Prismatic Evolutions Surprise Box Case,SV: Prismatic Evolutions,404.72,2026-08-27,598470
593466,Prismatic Evolutions Surprise Box,SV: Prismatic Evolutions,66.6,2026-08-27,593466
638058,Prismatic Evolutions Super-Premium Collection Case,SV: Prismatic Evolutions,1287.01,2026-08-27,638058
622770,Prismatic Evolutions Super-Premium Collection,SV: Prismatic Evolutions,257.62,2026-08-27,622770
650804,Prismatic Evolutions Premium Figure Collection Case,SV: Prismatic Evolutions,1314.96,2026-08-27,650804
650799,Prismatic Evolutions Premium Figure Collection,SV: Prismatic Evolutions,220.94,2026-08-27,650799
598486,Prismatic Evolutions Poster Collection Case,SV: Prismatic Evolutions,248.54,2026-08-27,598486
593359,Prismatic Evolutions Poster Collection,SV: Prismatic Evolutions,41.42,2026-08-27,593359
600697,Prismatic Evolutions Pokemon Center Elite Trainer Box (Exclusive) Case,SV: Prismatic Evolutions,2718.46,2026-08-27,600697
593324,Prismatic Evolutions Pokemon Center Elite Trainer Box (Exclusive),SV: Prismatic Evolutions,441.46,2026-08-27,593324
593455,Prismatic Evolutions Mini Tin [Vaporeon],SV: Prismatic Evolutions,38.15,2026-08-27,593455
593459,Prismatic Evolutions Mini Tin [Umbreon],SV: Prismatic Evolutions,40.97,2026-08-27,593459
593462,Prismatic Evolutions Mini Tin [Sylveon],SV: Prismatic Evolutions,40.31,2026-08-27,593462
593460,Prismatic Evolutions Mini Tin [Leafeon],SV: Prismatic Evolutions,34.9,2026-08-27,593460
593456,Prismatic Evolutions Mini Tin [Jolteon],SV: Prismatic Evolutions,34.25,2026-08-27,593456
593461,Prismatic Evolutions Mini Tin [Glaceon],SV: Prismatic Evolutions,35.71,2026-08-27,593461
593457,Prismatic Evolutions Mini Tin [Flareon],SV: Prismatic Evolutions,32.45,2026-08-27,593457
593458,Prismatic Evolutions Mini Tin [Espeon],SV: Prismatic Evolutions,38.78,2026-08-27,593458
614356,Prismatic Evolutions Mini Tin Display Case,SV: Prismatic Evolutions,909.31,2026-08-27,614356
593463,Prismatic Evolutions Mini Tin Display,SV: Prismatic Evolutions,251.12,2026-08-27,593463
598487,Prismatic Evolutions Elite Trainer Box Case,SV: Prismatic Evolutions,1881.76,2026-08-27,598487
670607,Prismatic Evolutions Elite Trainer Box (Dollar General Exclusive),SV: Prismatic Evolutions,200.65,2026-08-27,670607
593355,Prismatic Evolutions Elite Trainer Box,SV: Prismatic Evolutions,159.44,2026-08-27,593355
617823,Prismatic Evolutions Booster Pack Art Bundle [Set of 4],SV: Prismatic Evolutions,59.6,2026-08-27,617823
593294,Prismatic Evolutions Booster Pack,SV: Prismatic Evolutions,14.93,2026-08-27,593294
610317,Prismatic Evolutions Booster Bundle Display,SV: Prismatic Evolutions,1760.22,2026-08-27,610317
615027,Prismatic Evolutions Booster Bundle Case,SV: Prismatic Evolutions,2321.6,2026-08-27,615027
678555,Prismatic Evolutions Booster Bundle + Surprise Box Bundle (Sam's Club),SV: Prismatic Evolutions,148.97,2026-08-27,678555
600518,Prismatic Evolutions Booster Bundle,SV: Prismatic Evolutions,90.2,2026-08-27,600518
593356,Prismatic Evolutions Binder Collection,SV: Prismatic Evolutions,110.81,2026-08-27,593356
629828,Prismatic Evolutions Accessory Pouch Special Collection Case,SV: Prismatic Evolutions,328,2026-08-27,629828
606881,Prismatic Evolutions Accessory Pouch Special Collection,SV: Prismatic Evolutions,76.52,2026-08-27,606881
609716,Prismatic Evolutions 2-Pack Blister [Eevee],SV: Prismatic Evolutions,36.95,2026-08-27,609716
620024,Prismatic Evolutions 2-Pack Blister Case,SV: Prismatic Evolutions,830.79,2026-08-27,620024
598488,Prismatic Evolutions  Binder Collection Case,SV: Prismatic Evolutions,530,2026-08-27,598488
635011,Prismatic Evolution Booster Bundle Display Case,SV: Prismatic Evolutions,7000,2026-02-12,635011
593687,Surging Sparks Sleeved Booster Pack Case,SV08: Surging Sparks,1392.89,2026-08-27,593687
565603,Surging Sparks Sleeved Booster Pack Bundle [Set of 4],SV08: Surging Sparks,43.44,2026-08-27,565603
565602,Surging Sparks Sleeved Booster Pack,SV08: Surging Sparks,11.98,2026-08-27,565602
565636,Surging Sparks Single Pack Blister [Wooper],SV08: Surging Sparks,13.04,2026-08-27,565636
606614,Surging Sparks Single Pack Blister [Sinistcha],SV08: Surging Sparks,15.17,2026-08-27,606614
565637,Surging Sparks Single Pack Blister [Pachirisu],SV08: Surging Sparks,11.8,2026-08-27,565637
606613,Surging Sparks Single Pack Blister [Hisuian Arcanine],SV08: Surging Sparks,19.7,2026-08-27,606613
565639,Surging Sparks Premium Checklane Blister [Chandelure],SV08: Surging Sparks,38.25,2026-08-27,565639
565638,Surging Sparks Premium Checklane Blister [Alakazam],SV08: Surging Sparks,31.22,2026-08-27,565638
565633,Surging Sparks Pokemon Center Elite Trainer Box (Exclusive) Case,SV08: Surging Sparks,1121.49,2026-08-27,565633
565632,Surging Sparks Pokemon Center Elite Trainer Box (Exclusive),SV08: Surging Sparks,272.4,2026-08-27,565632
646039,Surging Sparks Half Booster Box,SV08: Surging Sparks,189.81,2026-08-27,646039
565631,Surging Sparks Elite Trainer Box Case,SV08: Surging Sparks,1270.15,2026-08-27,565631
565630,Surging Sparks Elite Trainer Box,SV08: Surging Sparks,129.82,2026-08-27,565630
565600,Surging Sparks Build & Battle Box Display,SV08: Surging Sparks,414.71,2026-08-27,565600
565599,Surging Sparks Build & Battle Box,SV08: Surging Sparks,61.46,2026-08-27,565599
565605,Surging Sparks Booster Pack Art Bundle [Set of 4],SV08: Surging Sparks,34.96,2026-08-27,565605
565604,Surging Sparks Booster Pack,SV08: Surging Sparks,7.75,2026-08-27,565604
594269,Surging Sparks Booster Bundle Case (LGS),SV08: Surging Sparks,1105.5,2026-08-27,594269
679564,Surging Sparks Booster Bundle (Retail),SV08: Surging Sparks,60.84,2026-08-27,679564
565629,Surging Sparks Booster Bundle (LGS),SV08: Surging Sparks,64.59,2026-08-27,565629
580708,Surging Sparks Booster Box Case,SV08: Surging Sparks,2102.72,2026-08-27,580708
565606,Surging Sparks Booster Box,SV08: Surging Sparks,306.1,2026-08-27,565606
565634,Surging Sparks 3 Pack Blisters [Zapdos],SV08: Surging Sparks,46.05,2026-08-27,565634
565635,Surging Sparks 3 Pack Blisters [Quagsire],SV08: Surging Sparks,41,2026-08-27,565635
557361,Stellar Crown Sleeved Booster Pack Art Bundle [Set of 4],SV07: Stellar Crown,43.15,2026-08-27,557361
557352,Stellar Crown Sleeved Booster Pack,SV07: Stellar Crown,10.53,2026-08-27,557352
559530,Stellar Crown Sleeved Booster Master Carton,SV07: Stellar Crown,1146.91,2026-08-27,559530
557341,Stellar Crown Single Pack Blister [Porygon2],SV07: Stellar Crown,11.89,2026-08-27,557341
557338,Stellar Crown Single Pack Blister [Horsea],SV07: Stellar Crown,12.6,2026-08-27,557338
599942,Stellar Crown Premium Checklane Blister [Roaring Moon],SV07: Stellar Crown,13.95,2026-08-27,599942
616947,Stellar Crown Premium Checklane Blister [Miraidon],SV07: Stellar Crown,17.5,2026-08-27,616947
616948,Stellar Crown Premium Checklane Blister [Koraidon],SV07: Stellar Crown,20,2026-08-27,616948
599943,Stellar Crown Premium Checklane Blister [Iron Thorns],SV07: Stellar Crown,15.42,2026-08-27,599943
557363,Stellar Crown Pokemon Center Elite Trainer Box (Exclusive) Case,SV07: Stellar Crown,848.24,2026-08-18,557363
557340,Stellar Crown Pokemon Center Elite Trainer Box (Exclusive),SV07: Stellar Crown,177.51,2026-08-27,557340
649420,Stellar Crown Half Booster Box,SV07: Stellar Crown,246.17,2026-08-27,649420
559102,Stellar Crown Elite Trainer Box Case,SV07: Stellar Crown,1489.98,2026-08-27,559102
557350,Stellar Crown Elite Trainer Box,SV07: Stellar Crown,156.21,2026-08-27,557350
557366,Stellar Crown Build & Battle Box [Set of 10],SV07: Stellar Crown,383.32,2026-08-27,557366
557330,Stellar Crown Build & Battle Box,SV07: Stellar Crown,49.07,2026-08-27,557330
557357,Stellar Crown Booster Pack Art Bundle [Set of 4],SV07: Stellar Crown,45.02,2026-08-27,557357
557331,Stellar Crown Booster Pack,SV07: Stellar Crown,10.59,2026-08-27,557331
557345,Stellar Crown Booster Bundle,SV07: Stellar Crown,73.43,2026-08-27,557345
557365,Stellar Crown Booster Box Case,SV07: Stellar Crown,1725.16,2026-08-27,557365
557354,Stellar Crown Booster Box,SV07: Stellar Crown,313.96,2026-08-27,557354
557337,Stellar Crown 3 Pack Blisters [Tinkaton],SV07: Stellar Crown,36.23,2026-08-27,557337
557334,Stellar Crown 3 Pack Blisters [Latias],SV07: Stellar Crown,35.81,2026-08-27,557334
558714,Trick or Trade BOOster Bundle 2024 Case,Trick or Trade BOOster Bundle 2024,538,2026-08-27,558714
579930,Trick or Trade BOOster Bundle 2024 - Mini Booster Pack,Trick or Trade BOOster Bundle 2024,2.13,2026-08-27,579930
566954,Trick or Trade BOOster Bundle 2024 (80 mini packs),Trick or Trade BOOster Bundle 2024,105.99,2026-08-27,566954
558713,Trick or Trade BOOster Bundle 2024 (35 mini packs),Trick or Trade BOOster Bundle 2024,55.92,2026-08-27,558713
591211,Trick or Trade BOOster Bundle 2024 (120 ct),Trick or Trade BOOster Bundle 2024,151.88,2026-08-27,591211
553075,Shrouded Fable Special Illustration Collection Case,SV: Shrouded Fable,1027.11,2026-08-27,553075
553102,Shrouded Fable Pokemon Center Elite Trainer Box (Exclusive) Case,SV: Shrouded Fable,635.98,2026-08-27,553102
552998,Shrouded Fable Pokemon Center Elite Trainer Box (Exclusive),SV: Shrouded Fable,167.07,2026-08-27,552998
553009,Shrouded Fable Mini Tin [Set of 5],SV: Shrouded Fable,106.92,2026-08-27,553009
553008,Shrouded Fable Mini Tin Display,SV: Shrouded Fable,198.29,2026-08-27,553008
553010,Shrouded Fable Mini Tin (Zoroark),SV: Shrouded Fable,29.66,2026-08-27,553010
553012,Shrouded Fable Mini Tin (Okidogi),SV: Shrouded Fable,22.99,2026-08-27,553012
553011,Shrouded Fable Mini Tin (Munkidori),SV: Shrouded Fable,18.47,2026-08-27,553011
553018,Shrouded Fable Mini Tin (Fezandipiti),SV: Shrouded Fable,25.31,2026-08-27,553018
553023,Shrouded Fable Mini Tin (Dusknoir),SV: Shrouded Fable,22.46,2026-08-27,553023
553099,Shrouded Fable Elite Trainer Box Case,SV: Shrouded Fable,1075.35,2026-08-27,553099
552999,Shrouded Fable Elite Trainer Box,SV: Shrouded Fable,113.96,2026-08-27,552999
552997,Shrouded Fable Booster Pack,SV: Shrouded Fable,14.81,2026-08-27,552997
618355,Shrouded Fable Booster Bundle Display,SV: Shrouded Fable,789.99,2026-04-12,618355
635736,Shrouded Fable Booster Bundle Case,SV: Shrouded Fable,1149.95,2026-08-27,635736
553031,Shrouded Fable Booster Bundle,SV: Shrouded Fable,53.4,2026-08-27,553031
553007,Shrouded Fable 3 Pack Blister [Pecharunt],SV: Shrouded Fable,33.78,2026-08-27,553007
553001,Kingdra ex Special Illustration Collection,SV: Shrouded Fable,176.13,2026-08-27,553001
553094,Kingambit Illustration Collection Case,SV: Shrouded Fable,287.23,2026-08-27,553094
553000,Kingambit Illustration Collection,SV: Shrouded Fable,52.35,2026-08-27,553000
553002,Greninja ex Special Illustration Collection,SV: Shrouded Fable,212.23,2026-08-27,553002
551930,Pokemon TCG: Battle Academy 2024,Battle Academy 2024,67.91,2026-08-27,551930
593672,Twilight Masquerade Sleeved Booster Pack Case,SV06: Twilight Masquerade,1402.84,2026-08-27,593672
549494,Twilight Masquerade Sleeved Booster Pack Art Bundle [Set of 4],SV06: Twilight Masquerade,44.66,2026-08-27,549494
544170,Twilight Masquerade Sleeved Booster Pack,SV06: Twilight Masquerade,10.35,2026-08-27,544170
544179,Twilight Masquerade Single Pack Blister [Toxel],SV06: Twilight Masquerade,9.59,2026-08-27,544179
544177,Twilight Masquerade Single Pack Blister [Pupitar],SV06: Twilight Masquerade,10.8,2026-08-27,544177
617189,Twilight Masquerade Premium Checklane Blister [Steelix],SV06: Twilight Masquerade,30.5,2026-08-27,617189
544180,Twilight Masquerade Premium Checklane Blister [Porygon],SV06: Twilight Masquerade,24.99,2026-08-27,544180
617190,Twilight Masquerade Premium Checklane Blister [Lokix],SV06: Twilight Masquerade,22.07,2026-08-27,617190
544182,Twilight Masquerade Premium Checklane Blister [Horsea],SV06: Twilight Masquerade,27.5,2026-08-27,544182
549491,Twilight Masquerade Pokemon Center Elite Trainer Box (Exclusive) Case,SV06: Twilight Masquerade,744.22,2026-08-27,549491
543844,Twilight Masquerade Pokemon Center Elite Trainer Box (Exclusive),SV06: Twilight Masquerade,190.71,2026-08-27,543844
607501,Twilight Masquerade Fun Pack,SV06: Twilight Masquerade,8.22,2026-08-27,607501
544385,Twilight Masquerade Elite Trainer Box Case,SV06: Twilight Masquerade,1146.88,2026-08-27,544385
543845,Twilight Masquerade Elite Trainer Box,SV06: Twilight Masquerade,106.92,2026-08-27,543845
549489,Twilight Masquerade Build & Battle Box Display,SV06: Twilight Masquerade,398.97,2026-08-27,549489
544386,Twilight Masquerade Build & Battle Box,SV06: Twilight Masquerade,61.53,2026-08-27,544386
549487,Twilight Masquerade Booster Pack Art Bundle [Set of 4],SV06: Twilight Masquerade,36.81,2026-08-27,549487
543843,Twilight Masquerade Booster Pack,SV06: Twilight Masquerade,8.75,2026-08-27,543843
543852,Twilight Masquerade Booster Bundle,SV06: Twilight Masquerade,76.88,2026-08-27,543852
544384,Twilight Masquerade Booster Box Case,SV06: Twilight Masquerade,2161.52,2026-08-27,544384
543846,Twilight Masquerade Booster Box,SV06: Twilight Masquerade,351.39,2026-08-27,543846
544171,Twilight Masquerade 3 Pack Blister [Snorlax],SV06: Twilight Masquerade,42.6,2026-08-27,544171
544172,Twilight Masquerade 3 Pack Blister [Revavroom],SV06: Twilight Masquerade,34.66,2026-08-27,544172
649421,Twilight Masqueade Half Booster Box,SV06: Twilight Masquerade,196.88,2026-08-27,649421
538807,Temporal Forces Sleeved Booster Pack Bundle [Set of 8],SV05: Temporal Forces,85.9,2026-08-27,538807
538789,Temporal Forces Sleeved Booster Pack Art Bundle [Set of 4],SV05: Temporal Forces,40.63,2026-08-27,538789
538787,Temporal Forces Sleeved Booster Pack,SV05: Temporal Forces,11.85,2026-08-27,538787
604248,Temporal Forces Sleeved Booster Case,SV05: Temporal Forces,1203.8,2026-08-27,604248
670916,Temporal Forces Single Pack Blister [Set of 2],SV05: Temporal Forces,23.33,2026-08-27,670916
617011,Temporal Forces Single Pack Blister [Scovillain],SV05: Temporal Forces,10,2026-08-27,617011
617012,Temporal Forces Single Pack Blister [Palafin],SV05: Temporal Forces,16.53,2026-03-10,617012
536284,Temporal Forces Single Pack Blister [Carvanha],SV05: Temporal Forces,10.24,2026-08-27,536284
536594,Temporal Forces Single Pack Blister [Bellibolt],SV05: Temporal Forces,10.46,2026-08-27,536594
544687,Temporal Forces Premium Checklane Blister [Togekiss],SV05: Temporal Forces,20.42,2026-08-27,544687
544679,Temporal Forces Premium Checklane Blister [Baxcalibur],SV05: Temporal Forces,16.5,2026-08-27,544679
550823,Temporal Forces Pokemon Center Elite Trainer Box Case (Exclusive) [Walking Wake],SV05: Temporal Forces,1199.99,2026-03-10,550823
550822,Temporal Forces Pokemon Center Elite Trainer Box Case (Exclusive) [Iron Leaves],SV05: Temporal Forces,699.95,2026-02-23,550822
538775,Temporal Forces Pokemon Center Elite Trainer Box (Exclusive) [Walking Wake],SV05: Temporal Forces,206.11,2026-08-27,538775
532853,Temporal Forces Pokemon Center Elite Trainer Box (Exclusive) [Iron Leaves],SV05: Temporal Forces,195.35,2026-08-27,532853
649416,Temporal Forces Half Booster Box,SV05: Temporal Forces,189.71,2026-08-27,649416
607502,Temporal Forces Fun Pack,SV05: Temporal Forces,10.38,2026-08-27,607502
532845,Temporal Forces Elite Trainer Box [Walking Wake],SV05: Temporal Forces,136.96,2026-08-27,532845
532849,Temporal Forces Elite Trainer Box [Set of 2],SV05: Temporal Forces,224.19,2026-08-27,532849
532848,Temporal Forces Elite Trainer Box [Iron Leaves ex],SV05: Temporal Forces,125.91,2026-08-27,532848
537418,Temporal Forces Elite Trainer Box Case,SV05: Temporal Forces,1950,2026-08-27,537418
537409,Temporal Forces Build & Battle Box Display,SV05: Temporal Forces,359.91,2026-08-27,537409
537411,Temporal Forces Build & Battle Box,SV05: Temporal Forces,43.46,2026-08-27,537411
538786,Temporal Forces Booster Pack Art Bundle [Set of 4],SV05: Temporal Forces,36.34,2026-08-27,538786
532841,Temporal Forces Booster Pack,SV05: Temporal Forces,11.25,2026-08-27,532841
541017,Temporal Forces Booster Bundle,SV05: Temporal Forces,90.35,2026-08-27,541017
537417,Temporal Forces Booster Box Case,SV05: Temporal Forces,2235.99,2026-08-27,537417
536225,Temporal Forces Booster Box,SV05: Temporal Forces,308.98,2026-08-27,536225
536227,Temporal Forces 3 Pack Blister [Cyclizar],SV05: Temporal Forces,29.41,2026-08-27,536227
536229,Temporal Forces 3 Pack Blister [Cleffa],SV05: Temporal Forces,29.48,2026-08-27,536229
528228,Paldean Fates Tins [Set of 3],SV: Paldean Fates,381.97,2026-08-27,528228
528058,Paldean Fates Tin [Iron Treads ex],SV: Paldean Fates,117.78,2026-08-27,528058
528057,Paldean Fates Tin [Great Tusk ex],SV: Paldean Fates,104.72,2026-08-27,528057
528056,Paldean Fates Tin [Charizard ex],SV: Paldean Fates,207.43,2026-08-27,528056
528229,Paldean Fates Tech Sticker Collections [Set of 3],SV: Paldean Fates,212.3,2026-08-27,528229
528044,Paldean Fates Tech Sticker Collection [Maschiff],SV: Paldean Fates,72.7,2026-08-27,528044
528045,Paldean Fates Tech Sticker Collection [Greavard],SV: Paldean Fates,70.19,2026-08-27,528045
528043,Paldean Fates Tech Sticker Collection [Fidough],SV: Paldean Fates,72.56,2026-08-27,528043
654599,Paldean Fates Tech Sticker Collection Case,SV: Paldean Fates,602.05,2026-08-27,654599
528080,Paldean Fates Premium Collection [Skeledirge ex],SV: Paldean Fates,230.56,2026-08-27,528080
528324,Paldean Fates Premium Collection [Set of 3],SV: Paldean Fates,741.8,2026-08-27,528324
528082,Paldean Fates Premium Collection [Quaquaval ex],SV: Paldean Fates,217.85,2026-08-27,528082
528079,Paldean Fates Premium Collection [Meowscarada ex],SV: Paldean Fates,218.43,2026-08-27,528079
536266,Paldean Fates Pokemon Center Elite Trainer Box (Exclusive) Case,SV: Paldean Fates,2381.08,2026-08-27,536266
528039,Paldean Fates Pokemon Center Elite Trainer Box (Exclusive),SV: Paldean Fates,610.8,2026-08-27,528039
528052,Paldean Fates Mini Tin [Tinkatink],SV: Paldean Fates,48.87,2026-08-27,528052
528049,Paldean Fates Mini Tin [Smoliv],SV: Paldean Fates,53.94,2026-08-27,528049
529039,Paldean Fates Mini Tin [Set of 5],SV: Paldean Fates,232,2026-08-27,529039
528051,Paldean Fates Mini Tin [Maushold],SV: Paldean Fates,75.05,2026-08-27,528051
528050,Paldean Fates Mini Tin [Flamigo],SV: Paldean Fates,45.31,2026-08-27,528050
528055,Paldean Fates Mini Tin [Finizen],SV: Paldean Fates,48.74,2026-08-27,528055
528047,Paldean Fates Mini Tin Display,SV: Paldean Fates,454.65,2026-08-27,528047
528227,Paldean Fates International Tins [Set of 3],SV: Paldean Fates,404.37,2026-08-27,528227
528059,Paldean Fates International Tin [Iron Treads ex],SV: Paldean Fates,97.68,2026-08-27,528059
528060,Paldean Fates International Tin [Great Tusk ex],SV: Paldean Fates,95.25,2026-08-27,528060
528063,Paldean Fates International Tin [Charizard ex],SV: Paldean Fates,146.73,2026-08-27,528063
665113,Paldean Fates Great Tusk ex & Iron Treads ex Premium Collection,SV: Paldean Fates,239.07,2026-08-27,665113
530700,Paldean Fates Elite Trainer Box Case,SV: Paldean Fates,3576.66,2026-08-27,530700
528040,Paldean Fates Elite Trainer Box,SV: Paldean Fates,447.74,2026-08-27,528040
668624,Paldean Fates Booster Pack Art Bundle [Set of 4],SV: Paldean Fates,94.97,2026-08-27,668624
528038,Paldean Fates Booster Pack,SV: Paldean Fates,23.18,2026-08-27,528038
635609,Paldean Fates Booster Bundle Display Case,SV: Paldean Fates,8441.24,2026-08-27,635609
530704,Paldean Fates Booster Bundle Display,SV: Paldean Fates,1585.45,2026-08-27,530704
528771,Paldean Fates Booster Bundle,SV: Paldean Fates,172.45,2026-08-27,528771
518886,Pokemon Trading Card Game Classic,Trading Card Game Classic,545.36,2026-08-27,518886
526674,Paradox Rift Sleeved Booster Pack Art Bundle [Set of 4],SV04: Paradox Rift,41.21,2026-08-27,526674
517210,Paradox Rift Sleeved Booster Pack,SV04: Paradox Rift,11.67,2026-08-27,517210
641808,Paradox Rift Sleeved Booster Case,SV04: Paradox Rift,1238.26,2026-08-27,641808
514223,Paradox Rift Single Pack Blister [Sinistea],SV04: Paradox Rift,10.67,2026-08-27,514223
514224,Paradox Rift Single Pack Blister [Pineco],SV04: Paradox Rift,11.14,2026-08-27,514224
625581,Paradox Rift Single Pack Blister [Glimmora],SV04: Paradox Rift,10.91,2026-08-27,625581
625582,Paradox Rift Single Pack Blister [Ceruledge],SV04: Paradox Rift,28,2026-08-27,625582
546606,Paradox Rift Premium Checklane Blister [Tinkaton],SV04: Paradox Rift,10,2026-08-27,546606
546605,Paradox Rift Premium Checklane Blister [Hydreigon],SV04: Paradox Rift,27.5,2026-08-27,546605
524394,Paradox Rift Pokemon Center Elite Trainer Box (Exclusive) [Set of 2],SV04: Paradox Rift,393.67,2026-08-27,524394
512809,Paradox Rift Pokemon Center Elite Trainer Box (Exclusive) [Roaring Moon],SV04: Paradox Rift,216.64,2026-08-27,512809
512801,Paradox Rift Pokemon Center Elite Trainer Box (Exclusive) [Iron Valiant],SV04: Paradox Rift,189.74,2026-08-27,512801
607504,Paradox Rift Fun Pack,SV04: Paradox Rift,10.86,2026-08-27,607504
512834,Paradox Rift Elite Trainer Boxes [Set of 2],SV04: Paradox Rift,297.22,2026-08-27,512834
512815,Paradox Rift Elite Trainer Box [Roaring Moon],SV04: Paradox Rift,144.55,2026-08-27,512815
512813,Paradox Rift Elite Trainer Box [Iron Valiant],SV04: Paradox Rift,136.23,2026-08-27,512813
513511,Paradox Rift Elite Trainer Box Case,SV04: Paradox Rift,1299,2026-07-13,513511
514071,Paradox Rift Build & Battle Stadium Case,SV04: Paradox Rift,499.99,2026-02-01,514071
514070,Paradox Rift Build & Battle Stadium,SV04: Paradox Rift,94.12,2026-08-27,514070
514069,Paradox Rift Build & Battle Box Display,SV04: Paradox Rift,374.69,2026-08-27,514069
514068,Paradox Rift Build & Battle Box,SV04: Paradox Rift,43.39,2026-08-27,514068
512831,Paradox Rift Booster Pack Art Bundle [Set of 4],SV04: Paradox Rift,40.96,2026-08-27,512831
512822,Paradox Rift Booster Pack,SV04: Paradox Rift,8.24,2026-08-27,512822
512820,Paradox Rift Booster Bundle,SV04: Paradox Rift,87.53,2026-08-27,512820
512828,Paradox Rift Booster Box Case,SV04: Paradox Rift,1845.81,2026-08-27,512828
512821,Paradox Rift Booster Box,SV04: Paradox Rift,272.12,2026-08-27,512821
513437,Paradox Rift 3 Pack Blister [Set of 2],SV04: Paradox Rift,51.02,2026-08-27,513437
513434,Paradox Rift 3 Pack Blister [Cetitan],SV04: Paradox Rift,29.61,2026-08-27,513434
513433,Paradox Rift 3 Pack Blister [Arctibax],SV04: Paradox Rift,30.47,2026-08-27,513433
520781,My First Battle [Pikachu & Bulbasaur],My First Battle,73.88,2026-08-27,520781
520782,My First Battle [Charmander & Squirtle],My First Battle,67.8,2026-08-27,520782
662302,Sam's Club 151 (4 Mini Tins + 4 Promo Cards Bundle),SV: Scarlet & Violet 151,219.9,2026-08-27,662302
609597,Blooming Waters Premium Collection,SV: Scarlet & Violet 151,332.14,2026-08-27,609597
502007,151: Zapdos ex Collection,SV: Scarlet & Violet 151,121.45,2026-08-27,502007
502006,151: Alakazam ex Collection,SV: Scarlet & Violet 151,113.31,2026-08-27,502006
515970,151 Ultra-Premium Collection Case,SV: Scarlet & Violet 151,3569.82,2026-08-27,515970
502005,151 Ultra-Premium Collection,SV: Scarlet & Violet 151,934.05,2026-08-27,502005
502002,151 Poster Collection Case,SV: Scarlet & Violet 151,501.65,2026-08-27,502002
502001,151 Poster Collection,SV: Scarlet & Violet 151,85.21,2026-08-27,502001
528030,151 Pokemon Center Elite Trainer Box (Exclusive) Case,SV: Scarlet & Violet 151,5427.5,2026-08-27,528030
501999,151 Pokemon Center Elite Trainer Box (Exclusive),SV: Scarlet & Violet 151,1320.91,2026-08-27,501999
522707,151 Mini Tin [Weezing & Scyther],SV: Scarlet & Violet 151,52.41,2026-08-27,522707
522708,151 Mini Tin [Slowpoke & Sandshrew],SV: Scarlet & Violet 151,51.81,2026-08-27,522708
522705,151 Mini Tin [Magneton & Ekans],SV: Scarlet & Violet 151,50.62,2026-08-27,522705
522704,151 Mini Tin [Machamp & Cubone],SV: Scarlet & Violet 151,52.31,2026-08-27,522704
522703,151 Mini Tin [Hitmonlee & Kadabra],SV: Scarlet & Violet 151,51.25,2026-08-27,522703
522706,151 Mini Tin [Hitmonchan & Meowth],SV: Scarlet & Violet 151,52.27,2026-08-27,522706
522702,151 Mini Tin [Gengar & Poliwag],SV: Scarlet & Violet 151,61.1,2026-08-27,522702
522701,151 Mini Tin [Electabuzz & Magnemites],SV: Scarlet & Violet 151,51.2,2026-08-27,522701
522700,151 Mini Tin [Dragonite & Vileplume],SV: Scarlet & Violet 151,57.52,2026-08-27,522700
522699,151 Mini Tin [Arcanine & Omanyte],SV: Scarlet & Violet 151,53.98,2026-08-27,522699
668357,151 Mini Tin Display Case,SV: Scarlet & Violet 151,2265.93,2026-08-27,668357
502008,151 Mini Tin Display,SV: Scarlet & Violet 151,541.94,2026-08-27,502008
506640,151 Elite Trainer Box Case,SV: Scarlet & Violet 151,5749.86,2026-08-27,506640
503313,151 Elite Trainer Box,SV: Scarlet & Violet 151,569.54,2026-08-27,503313
518782,151 Collection Zapdos ex Case,SV: Scarlet & Violet 151,838.7,2026-08-27,518782
518781,151 Collection Alakazam ex Case,SV: Scarlet & Violet 151,609.5,2026-08-27,518781
504467,151 Booster Pack,SV: Scarlet & Violet 151,29.69,2026-08-27,504467
513409,151 Booster Bundle Display Case,SV: Scarlet & Violet 151,11900,2026-08-27,513409
513405,151 Booster Bundle Display,SV: Scarlet & Violet 151,1941.92,2026-08-27,513405
530105,151 Booster Bundle Bulk Case,SV: Scarlet & Violet 151,4510,2026-08-27,530105
502000,151 Booster Bundle,SV: Scarlet & Violet 151,179.19,2026-08-27,502000
502003,151 Binder Collection Case,SV: Scarlet & Violet 151,895.01,2026-08-03,502003
502004,151 Binder Collection,SV: Scarlet & Violet 151,235.3,2026-08-27,502004
516527,McDonald's 2023 Match & Battle Pack,McDonald's Promos 2023,6.38,2026-08-27,516527
505943,Trick or Trade BOOster Bundle 2023 Case,Trick or Trade BOOster Bundle 2023,278.98,2026-03-28,505943
505945,Trick or Trade BOOster Bundle 2023 - Mini Booster Pack,Trick or Trade BOOster Bundle 2023,2.05,2026-08-27,505945
505942,Trick or Trade BOOster Bundle 2023 (50 ct),Trick or Trade BOOster Bundle 2023,73.92,2026-08-27,505942
564134,Trick or Trade BOOster Bundle 2023 (120 ct),Trick or Trade BOOster Bundle 2023,133.33,2026-08-27,564134
606743,Obsidian Flames Sleeved Booster Pack Case,SV03: Obsidian Flames,1505.57,2026-08-27,606743
513422,Obsidian Flames Sleeved Booster Pack Art Bundle [Set of 4],SV03: Obsidian Flames,56.26,2026-08-27,513422
534087,Obsidian Flames Sleeved Booster Pack,SV03: Obsidian Flames,11.95,2026-08-27,534087
501262,Obsidian Flames Single Pack Blister [Pawmi],SV03: Obsidian Flames,12.75,2026-08-27,501262
512047,Obsidian Flames Single Pack Blister [Paldean Wooper],SV03: Obsidian Flames,13,2026-08-27,512047
557087,Obsidian Flames Single Blister Pack [Revavroom],SV03: Obsidian Flames,17.6,2026-08-27,557087
557085,Obsidian Flames Single Blister Pack [Kingambit],SV03: Obsidian Flames,49.99,2026-08-27,557085
557086,Obsidian Flames Single Blister Pack [Houndstone],SV03: Obsidian Flames,20.99,2026-08-27,557086
557084,Obsidian Flames Single Blister Pack [Annihilape],SV03: Obsidian Flames,63.99,2026-08-27,557084
618341,Obsidian Flames Pokemon Center Elite Trainer Box Case (Exclusive),SV03: Obsidian Flames,3595.89,2026-02-20,618341
501266,Obsidian Flames Pokemon Center Elite Trainer Box (Exclusive),SV03: Obsidian Flames,690.7,2026-08-27,501266
501265,Obsidian Flames Elite Trainer Box Case,SV03: Obsidian Flames,2313.86,2026-08-27,501265
501264,Obsidian Flames Elite Trainer Box,SV03: Obsidian Flames,278.58,2026-08-27,501264
501267,Obsidian Flames Build & Battle Stadium,SV03: Obsidian Flames,161.4,2026-08-27,501267
514193,Obsidian Flames Build & Battle Box Display,SV03: Obsidian Flames,391.56,2026-08-27,514193
501268,Obsidian Flames Build & Battle Box,SV03: Obsidian Flames,57.75,2026-08-27,501268
515079,Obsidian Flames Booster Pack Art Bundle [Set of 4],SV03: Obsidian Flames,51.06,2026-08-27,515079
501256,Obsidian Flames Booster Pack,SV03: Obsidian Flames,12.98,2026-08-27,501256
501263,Obsidian Flames Booster Bundle,SV03: Obsidian Flames,119.6,2026-08-27,501263
501258,Obsidian Flames Booster Box Case,SV03: Obsidian Flames,2395.2,2026-08-27,501258
501257,Obsidian Flames Booster Box,SV03: Obsidian Flames,365.73,2026-08-27,501257
501261,Obsidian Flames 3 Pack Blister [Set of 2],SV03: Obsidian Flames,47.66,2026-08-27,501261
501260,Obsidian Flames 3 Pack Blister [Houndstone],SV03: Obsidian Flames,37.55,2026-08-27,501260
501259,Obsidian Flames 3 Pack Blister [Eevee],SV03: Obsidian Flames,39.51,2026-08-27,501259
502480,Paldea Evolved Sleeved Booster Pack Art Bundle [Set of 5],SV02: Paldea Evolved,79.38,2026-08-27,502480
496927,Paldea Evolved Sleeved Booster Pack,SV02: Paldea Evolved,16.85,2026-08-27,496927
609027,Paldea Evolved Sleeved Booster Case,SV02: Paldea Evolved,1937.36,2026-08-27,609027
493999,Paldea Evolved Single Pack Blister [Smoliv],SV02: Paldea Evolved,14.41,2026-08-27,493999
494001,Paldea Evolved Single Pack Blister [Growlithe],SV02: Paldea Evolved,17.85,2026-08-27,494001
617015,Paldea Evolved Single Pack Blister [Dondonzo],SV02: Paldea Evolved,29.97,2026-08-27,617015
618829,Paldea Evolved Single Pack Blister [Armarouge],SV02: Paldea Evolved,36.54,2026-08-27,618829
622967,Paldea Evolved Premium Checklane Blister [Pawmot],SV02: Paldea Evolved,24.95,2026-08-27,622967
622968,Paldea Evolved Premium Checklane Blister [Arboliva],SV02: Paldea Evolved,29.99,2026-08-27,622968
537410,Paldea Evolved Pokemon Center Elite Trainer Box (Exclusive) Case,SV02: Paldea Evolved,3000,2026-03-04,537410
493973,Paldea Evolved Pokemon Center Elite Trainer Box (Exclusive),SV02: Paldea Evolved,601.37,2026-08-27,493973
649413,Paldea Evolved Half Booster Box,SV02: Paldea Evolved,252.5,2026-08-27,649413
530106,Paldea Evolved Fun Pack,SV02: Paldea Evolved,7.71,2026-08-27,530106
496911,Paldea Evolved Elite Trainer Box Case,SV02: Paldea Evolved,1670.43,2026-08-27,496911
493974,Paldea Evolved Elite Trainer Box,SV02: Paldea Evolved,218.08,2026-08-27,493974
496935,Paldea Evolved Build & Battle Stadium,SV02: Paldea Evolved,177.68,2026-08-27,496935
496931,Paldea Evolved Build & Battle Box Display,SV02: Paldea Evolved,537.17,2026-08-27,496931
496929,Paldea Evolved Build & Battle Box,SV02: Paldea Evolved,62.31,2026-08-27,496929
496913,Paldea Evolved Booster Pack Art Bundle [Set of 5],SV02: Paldea Evolved,74.63,2026-08-27,496913
493976,Paldea Evolved Booster Pack,SV02: Paldea Evolved,16.25,2026-08-27,493976
496914,Paldea Evolved Booster Bundle,SV02: Paldea Evolved,124.4,2026-08-27,496914
496905,Paldea Evolved Booster Box Case,SV02: Paldea Evolved,2815.14,2026-08-27,496905
493975,Paldea Evolved Booster Box,SV02: Paldea Evolved,469.15,2026-08-27,493975
493998,Paldea Evolved 3 Pack Blister [Varoom],SV02: Paldea Evolved,38.93,2026-08-27,493998
493997,Paldea Evolved 3 Pack Blister [Tinkatink],SV02: Paldea Evolved,44.56,2026-08-27,493997
496908,Paldea Evolved 3 Pack Blister [Set of 2],SV02: Paldea Evolved,95.24,2026-08-27,496908
478275,Scarlet & Violet Sleeved Booster Pack Bundle [Set of 8],SV01: Scarlet & Violet Base Set,82.49,2026-08-27,478275
478274,Scarlet & Violet Sleeved Booster Pack Art Bundle [Set of 4],SV01: Scarlet & Violet Base Set,42.56,2026-08-27,478274
478273,Scarlet & Violet Sleeved Booster Pack,SV01: Scarlet & Violet Base Set,11.02,2026-08-27,478273
600076,Scarlet & Violet Sleeved Booster Case,SV01: Scarlet & Violet Base Set,1473,2026-08-27,600076
478765,Scarlet & Violet Single Pack Blister [Spidops],SV01: Scarlet & Violet Base Set,11.32,2026-08-27,478765
478767,Scarlet & Violet Single Pack Blister [Set of 2],SV01: Scarlet & Violet Base Set,21.29,2026-08-27,478767
478766,Scarlet & Violet Single Pack Blister [Espathra],SV01: Scarlet & Violet Base Set,13,2026-08-27,478766
497167,Scarlet & Violet Premium Checklane Blister [Hisuian Zoroark],SV01: Scarlet & Violet Base Set,12,2026-08-27,497167
497166,Scarlet & Violet Premium Checklane Blister [Hisuian Arcanine],SV01: Scarlet & Violet Base Set,15,2026-07-11,497166
479328,Scarlet & Violet Premium Checklane Blister [Gengar],SV01: Scarlet & Violet Base Set,30,2026-08-27,479328
478756,Scarlet & Violet Pokemon Center Elite Trainer Box (Exclusive) [Miraidon],SV01: Scarlet & Violet Base Set,315.62,2026-08-27,478756
478758,Scarlet & Violet Pokemon Center Elite Trainer Box (Exclusive) [Koraidon],SV01: Scarlet & Violet Base Set,292.61,2026-08-27,478758
530121,Scarlet & Violet Fun Pack,SV01: Scarlet & Violet Base Set,7.19,2026-08-27,530121
489369,Scarlet & Violet Elite Trainer Boxes [Set of 2],SV01: Scarlet & Violet Base Set,250.29,2026-08-27,489369
478336,Scarlet & Violet Elite Trainer Box [Miraidon],SV01: Scarlet & Violet Base Set,148.26,2026-08-27,478336
478335,Scarlet & Violet Elite Trainer Box [Koraidon],SV01: Scarlet & Violet Base Set,136.58,2026-08-27,478335
488776,Scarlet & Violet Elite Trainer Box Case,SV01: Scarlet & Violet Base Set,1305,2026-08-27,488776
478257,Scarlet & Violet Build & Battle Stadium,SV01: Scarlet & Violet Base Set,87.6,2026-08-27,478257
478254,Scarlet & Violet Build & Battle Box Display,SV01: Scarlet & Violet Base Set,389.9,2026-08-27,478254
478253,Scarlet & Violet Build & Battle Box,SV01: Scarlet & Violet Base Set,41.22,2026-08-27,478253
478759,Scarlet & Violet Booster Pack Art Bundle [Set of 4],SV01: Scarlet & Violet Base Set,38.94,2026-08-27,478759
476451,Scarlet & Violet Booster Pack,SV01: Scarlet & Violet Base Set,9.21,2026-08-27,476451
478258,Scarlet & Violet Booster Bundle,SV01: Scarlet & Violet Base Set,106.07,2026-08-27,478258
476453,Scarlet & Violet Booster Box Case,SV01: Scarlet & Violet Base Set,1692.38,2026-08-27,476453
476452,Scarlet & Violet Booster Box,SV01: Scarlet & Violet Base Set,296.26,2026-08-27,476452
478763,Scarlet & Violet 3 Pack Blister [Set of 2],SV01: Scarlet & Violet Base Set,56.83,2026-08-27,478763
478762,Scarlet & Violet 3 Pack Blister [Dondozo],SV01: Scarlet & Violet Base Set,29.81,2026-08-27,478762
478761,Scarlet & Violet 3 Pack Blister [Arcanine],SV01: Scarlet & Violet Base Set,34.5,2026-08-27,478761
563307,Sea & Sky Premium Collection,SWSH: Crown Zenith,386.11,2026-08-27,563307
485423,Pikachu VMAX Special Collection Case,SWSH: Crown Zenith,1268.1,2026-08-27,485423
454452,Pikachu VMAX Special Collection,SWSH: Crown Zenith,157.83,2026-08-27,454452
527796,Pikachu VMAX Premium Collection,SWSH: Crown Zenith,215.83,2026-08-27,527796
516939,Morpeko V-UNION Premium Treasures Collection,SWSH: Crown Zenith,206.37,2026-08-27,516939
475644,Morpeko V-UNION Playmat Premium Collection,SWSH: Crown Zenith,143.36,2026-08-27,475644
475635,Crown Zenith Tin [Set of 3] (International Version),SWSH: Crown Zenith,319.81,2026-08-27,475635
475634,Crown Zenith Tin [Set of 3],SWSH: Crown Zenith,376.51,2026-08-27,475634
475633,Crown Zenith Tin [Galarian Zapdos] (International Version),SWSH: Crown Zenith,111.05,2026-08-27,475633
475630,Crown Zenith Tin [Galarian Zapdos],SWSH: Crown Zenith,133.15,2026-08-27,475630
475632,Crown Zenith Tin [Galarian Moltres] (International Version),SWSH: Crown Zenith,114.57,2026-08-27,475632
475629,Crown Zenith Tin [Galarian Moltres],SWSH: Crown Zenith,156.91,2026-08-27,475629
475631,Crown Zenith Tin [Galarian Articuno] (International Version),SWSH: Crown Zenith,100.8,2026-08-27,475631
475628,Crown Zenith Tin [Galarian Articuno],SWSH: Crown Zenith,149.07,2026-08-27,475628
616290,Crown Zenith Tin Case,SWSH: Crown Zenith,1028.14,2026-08-27,616290
505916,Crown Zenith Special Collection [Unown V & Lugia V],SWSH: Crown Zenith,175.68,2026-08-27,505916
475646,Crown Zenith Premium Figure Collection [Shiny Zamazenta],SWSH: Crown Zenith,332.06,2026-08-27,475646
475647,Crown Zenith Premium Figure Collection [Shiny Zacian],SWSH: Crown Zenith,345.66,2026-08-27,475647
475648,Crown Zenith Premium Figure Collection [Set of 2],SWSH: Crown Zenith,635.7,2026-08-27,475648
454247,Crown Zenith Pokemon Center Elite Trainer Box Plus Case,SWSH: Crown Zenith,2295,2026-08-27,454247
454246,Crown Zenith Pokemon Center Elite Trainer Box Plus,SWSH: Crown Zenith,570.62,2026-08-27,454246
475620,Crown Zenith Pin Collection [Set of 3],SWSH: Crown Zenith,235.42,2026-08-27,475620
475619,Crown Zenith Pin Collection [Rillaboom],SWSH: Crown Zenith,82.77,2026-08-27,475619
475618,Crown Zenith Pin Collection [Inteleon],SWSH: Crown Zenith,81.61,2026-08-27,475618
475617,Crown Zenith Pin Collection [Cinderace],SWSH: Crown Zenith,80.6,2026-08-27,475617
453492,Crown Zenith Mini Tin [Sonia & Yamper],SWSH: Crown Zenith,51.87,2026-08-27,453492
453494,Crown Zenith Mini Tin [Set of 5],SWSH: Crown Zenith,231.04,2026-08-27,453494
453488,Crown Zenith Mini Tin [Marnie & Morpeko],SWSH: Crown Zenith,54.45,2026-08-27,453488
453489,Crown Zenith Mini Tin [Leon & Charizard],SWSH: Crown Zenith,55.29,2026-08-27,453489
453490,Crown Zenith Mini Tin [Hop & Wooloo],SWSH: Crown Zenith,44.75,2026-08-27,453490
453491,Crown Zenith Mini Tin [Bede & Hatenna],SWSH: Crown Zenith,49.32,2026-08-27,453491
631791,Crown Zenith Mini Tin Display Case,SWSH: Crown Zenith,1999.99,2026-08-27,631791
453493,Crown Zenith Mini Tin Display,SWSH: Crown Zenith,513.98,2026-08-27,453493
453471,Crown Zenith Elite Trainer Box Case,SWSH: Crown Zenith,3574.12,2026-08-27,453471
453470,Crown Zenith Elite Trainer Box,SWSH: Crown Zenith,327.54,2026-08-27,453470
453474,Crown Zenith Collection [Set of 2],SWSH: Crown Zenith,217.07,2026-08-27,453474
453467,Crown Zenith Collection [Regieleki V],SWSH: Crown Zenith,106.63,2026-08-27,453467
453468,Crown Zenith Collection [Regidrago V],SWSH: Crown Zenith,98.98,2026-08-27,453468
490542,Crown Zenith Collection Case,Crown Zenith,359.99,2026-02-26,490542
453466,Crown Zenith Booster Pack,SWSH: Crown Zenith,25.94,2026-08-27,453466
609238,Crown Zenith Booster Bundle Case,SWSH: Crown Zenith,5549,2026-08-27,609238
527562,Crown Zenith Booster Bundle,SWSH: Crown Zenith,219.55,2026-08-27,527562
550837,Silver Tempest Sleeved Booster Pack Case,SWSH12: Silver Tempest,1941.99,2026-08-27,550837
454484,Silver Tempest Sleeved Booster Pack Bundle [Set of 8],SWSH12: Silver Tempest,118.66,2026-08-27,454484
283400,Silver Tempest Sleeved Booster Pack Art Bundle [Set of 4],SWSH12: Silver Tempest,59.33,2026-08-27,283400
283397,Silver Tempest Sleeved Booster Pack,SWSH12: Silver Tempest,17.6,2026-08-27,283397
285782,Silver Tempest Single Pack Blister [Set of 2],SWSH12: Silver Tempest,20,2026-07-06,285782
285781,Silver Tempest Single Pack Blister [Cranidos],SWSH12: Silver Tempest,13.18,2026-08-27,285781
285780,Silver Tempest Single Pack Blister [Basculin],SWSH12: Silver Tempest,14.49,2026-08-27,285780
285783,Silver Tempest Premium Checklane Blister [Magnezone],SWSH12: Silver Tempest,17,2026-08-27,285783
486325,Silver Tempest Premium Checklane Blister [Hisuian Sneasler],SWSH12: Silver Tempest,13.59,2026-06-13,486325
285784,Silver Tempest Premium Checklane Blister [Gallade],SWSH12: Silver Tempest,22.99,2026-08-27,285784
285860,Silver Tempest Pokemon Center Elite Trainer Box (Exclusive),SWSH12: Silver Tempest,360.89,2026-08-27,285860
285777,Silver Tempest Elite Trainer Box Case,SWSH12: Silver Tempest,1386.98,2026-08-27,285777
283401,Silver Tempest Elite Trainer Box,SWSH12: Silver Tempest,155.55,2026-08-27,283401
285042,Silver Tempest Build & Battle Stadium,SWSH12: Silver Tempest,142.12,2026-08-27,285042
285775,Silver Tempest Build & Battle Box Display,SWSH12: Silver Tempest,487.58,2026-08-27,285775
285776,Silver Tempest Build & Battle Box,SWSH12: Silver Tempest,57.24,2026-08-27,285776
285778,Silver Tempest Booster Pack Art Bundle [Set of 4],SWSH12: Silver Tempest,54.99,2026-08-27,285778
283388,Silver Tempest Booster Pack,SWSH12: Silver Tempest,14.75,2026-08-27,283388
562366,Silver Tempest Booster Bundle Case,SWSH12: Silver Tempest,1799.97,2026-08-27,562366
283396,Silver Tempest Booster Bundle,SWSH12: Silver Tempest,115.47,2026-08-27,283396
283391,Silver Tempest Booster Box Case,SWSH12: Silver Tempest,3420,2026-08-27,283391
283389,Silver Tempest Booster Box,SWSH12: Silver Tempest,504.64,2026-08-27,283389
283393,Silver Tempest 3 Pack Blister [Togetic],SWSH12: Silver Tempest,49.13,2026-08-27,283393
285779,Silver Tempest 3 Pack Blister [Set of 2],SWSH12: Silver Tempest,102.47,2026-08-27,285779
283394,Silver Tempest 3 Pack Blister [Manaphy],SWSH12: Silver Tempest,47.1,2026-08-27,283394
284930,Fall 2022 Collector Chest,SWSH12: Silver Tempest,71.06,2026-08-27,284930
454377,Sword & Shield Ultra-Premium Collection: Charizard Case,SWSH11: Lost Origin,2395.23,2026-08-27,454377
282401,Sword & Shield Ultra-Premium Collection: Charizard,SWSH11: Lost Origin,589.03,2026-08-27,282401
282406,Pokemon Stacking Tins: Fighting-Fire-Darkness [Set of 3],SWSH11: Lost Origin,110,2026-08-27,282406
282404,Pokemon Stacking Tin: Fire,SWSH11: Lost Origin,52.29,2026-08-27,282404
282403,Pokemon Stacking Tin: Fighting,SWSH11: Lost Origin,59.99,2026-08-27,282403
282405,Pokemon Stacking Tin: Darkness,SWSH11: Lost Origin,51.59,2026-08-27,282405
282001,Origin Forme Palkia VSTAR Premium Collection,SWSH11: Lost Origin,114.65,2026-08-27,282001
282005,Origin Forme Dialga/Palkia VSTAR Premium Collection [Set of 2],SWSH11: Lost Origin,212.71,2026-08-27,282005
282000,Origin Forme Dialga VSTAR Premium Collection,SWSH11: Lost Origin,116.23,2026-08-27,282000
496131,Lost Origin Sleeved Booster Pack Case,SWSH11: Lost Origin,2813.85,2026-08-27,496131
278804,Lost Origin Sleeved Booster Pack Bundle [Set of 8],SWSH11: Lost Origin,154.71,2026-08-27,278804
278801,Lost Origin Sleeved Booster Pack Art Bundle [Set of 4],SWSH11: Lost Origin,80.58,2026-08-27,278801
277326,Lost Origin Sleeved Booster Pack,SWSH11: Lost Origin,21.69,2026-08-27,277326
278797,Lost Origin Single Pack Blister [Set of 2],SWSH11: Lost Origin,40.83,2026-08-27,278797
277328,Lost Origin Single Pack Blister [Scorbunny],SWSH11: Lost Origin,18.91,2026-08-27,277328
277327,Lost Origin Single Pack Blister [Croagunk],SWSH11: Lost Origin,16.63,2026-08-27,277327
277334,Lost Origin Premium Checklane Blister [Torterra],SWSH11: Lost Origin,27.66,2026-08-27,277334
277331,Lost Origin Premium Checklane Blister [Infernape],SWSH11: Lost Origin,22.22,2026-08-27,277331
277336,Lost Origin Pokemon Center Elite Trainer Box (Exclusive),SWSH11: Lost Origin,392.61,2026-08-27,277336
278796,Lost Origin Elite Trainer Box Case,SWSH11: Lost Origin,1891.93,2026-08-27,278796
277335,Lost Origin Elite Trainer Box,SWSH11: Lost Origin,201.85,2026-08-27,277335
648474,Lost Origin Build & Battle Stadium Case,SWSH11: Lost Origin,950,2026-02-22,648474
277346,Lost Origin Build & Battle Stadium,SWSH11: Lost Origin,222.13,2026-08-27,277346
278795,Lost Origin Build & Battle Box Display,SWSH11: Lost Origin,892.71,2026-08-27,278795
277345,Lost Origin Build & Battle Box,SWSH11: Lost Origin,79.62,2026-08-27,277345
278794,Lost Origin Booster Pack Art Bundle [Set of 4],SWSH11: Lost Origin,73.69,2026-08-27,278794
277325,Lost Origin Booster Pack,SWSH11: Lost Origin,16.95,2026-08-27,277325
278819,Lost Origin Booster Bundle,SWSH11: Lost Origin,202.15,2026-08-27,278819
278793,Lost Origin Booster Box Case,SWSH11: Lost Origin,4542.83,2026-08-27,278793
277324,Lost Origin Booster Box,SWSH11: Lost Origin,726.45,2026-08-27,277324
277330,Lost Origin 3 Pack Blister [Weavile],SWSH11: Lost Origin,64.77,2026-08-27,277330
278792,Lost Origin 3 Pack Blister [Set of 2],SWSH11: Lost Origin,146.69,2026-08-27,278792
277329,Lost Origin 3 Pack Blister [Regigigas],SWSH11: Lost Origin,53.96,2026-08-27,277329
637417,Hisuian Zoroark VSTAR Premium Collection (International Version),SWSH11: Lost Origin,98.22,2026-08-27,637417
282402,Hisuian Zoroark VSTAR Premium Collection,SWSH11: Lost Origin,189.1,2026-08-27,282402
285674,Arceus VSTAR Ultra-Premium Collection,SWSH11: Lost Origin,381.49,2026-08-27,285674
283325,Arceus VSTAR Premium Collection,SWSH11: Lost Origin,280.85,2026-08-27,283325
280301,Trick or Trade BOOster Bundle - Mini Booster Pack,Trick or Trade BOOster Bundle,2.58,2026-08-27,280301
280302,Trick or Trade BOOster Bundle (40 ct),Trick or Trade BOOster Bundle,63.63,2026-08-27,280302
659627,Trick or Trade BOOster Bundle (120 ct),Trick or Trade BOOster Bundle,143.32,2026-08-27,659627
282530,McDonald's 2022 Match & Battle Pack,McDonald's Promos 2022,7.88,2026-08-27,282530
270710,V Battle Deck [Mewtwo V],Pokemon GO,26.93,2026-08-27,270710
270711,V Battle Deck [Melmetal V],Pokemon GO,13.85,2026-08-27,270711
630089,Pokemon Go Pokemon Center Elite Trainer Box Plus Case (Exclusive),Pokemon GO,824.99,2026-08-27,630089
270712,Pokemon GO V Battle Deck Bundle [Mewtwo V/Melmetal V],Pokemon GO,42.46,2026-08-27,270712
270727,Pokemon GO Tin [Snorlax],Pokemon GO,66.15,2026-08-27,270727
271503,Pokemon GO Tin [Set of 3],Pokemon GO,155.94,2026-08-27,271503
270726,Pokemon GO Tin [Pikachu],Pokemon GO,67.78,2026-08-27,270726
270725,Pokemon GO Tin [Blissey],Pokemon GO,49.25,2026-08-27,270725
271502,Pokemon GO Special Collection [Set of 3],Pokemon GO,213.23,2026-08-27,271502
270715,Pokemon GO Special Collection - Team Valor,Pokemon GO,93.75,2026-08-27,270715
270714,Pokemon GO Special Collection - Team Mystic,Pokemon GO,108.47,2026-08-27,270714
270713,Pokemon GO Special Collection - Team Instinct,Pokemon GO,76.62,2026-08-27,270713
270717,Pokemon GO Premium Collection [Radiant Eevee],Pokemon GO,168.09,2026-08-27,270717
275842,Pokemon GO Premier Deck Holder Collection [Dragonite VSTAR],Pokemon GO,103.63,2026-08-27,275842
270709,Pokemon GO Pokemon Center Elite Trainer Box Plus (Exclusive),Pokemon GO,232,2026-08-27,270709
271501,Pokemon GO Poke Ball Tin [Set of 3],Pokemon GO,96.21,2026-08-27,271501
271511,Pokemon GO Poke Ball Tin Display,Pokemon GO,250,2026-08-27,271511
270735,Pokemon GO Poke Ball Tin - Ultra Ball,Pokemon GO,27.96,2026-08-03,270735
270734,Pokemon GO Poke Ball Tin - Poke Ball,Pokemon GO,35,2026-08-27,270734
270733,Pokemon GO Poke Ball Tin - Great Ball,Pokemon GO,40.73,2026-08-27,270733
275827,Pokemon GO Pin Collection [Squirtle],Pokemon GO,55.69,2026-08-27,275827
275845,Pokemon GO Pin Collection [Set of 3],Pokemon GO,131.74,2026-08-27,275845
275826,Pokemon GO Pin Collection [Charmander],Pokemon GO,67.55,2026-08-27,275826
275825,Pokemon GO Pin Collection [Bulbasaur],Pokemon GO,50.27,2026-08-27,275825
270732,Pokemon GO Mini Tin [Snorlax],Pokemon GO,43.31,2026-08-27,270732
271500,Pokemon GO Mini Tin [Set of 5],Pokemon GO,139.99,2026-08-27,271500
270730,Pokemon GO Mini Tin [Pikachu],Pokemon GO,23.92,2026-08-27,270730
270728,Pokemon GO Mini Tin [Magikarp],Pokemon GO,42.47,2026-08-27,270728
270731,Pokemon GO Mini Tin [Eevee],Pokemon GO,34.77,2026-08-27,270731
270729,Pokemon GO Mini Tin [Blissey],Pokemon GO,27.83,2026-08-27,270729
271512,Pokemon GO Mini Tin Display,Pokemon GO,253.23,2026-08-27,271512
271504,Pokemon GO Melmetal V/Mewtwo V Battle Decks [Set of 2],Pokemon GO,31.54,2026-08-27,271504
271513,Pokemon GO Elite Trainer Box Case,Pokemon GO,1418.29,2026-08-27,271513
270708,Pokemon GO Elite Trainer Box,Pokemon GO,169.3,2026-08-27,270708
270716,Pokemon GO Collection [Alolan Exeggutor V],Pokemon GO,48.02,2026-08-27,270716
274421,Pokemon GO Booster Pack,Pokemon GO,11.56,2026-08-27,274421
279598,Heavy Hitters Premium Collection,SWSH10: Astral Radiance,263.31,2026-08-27,279598
496130,Astral Radiance Sleeved Booster Pack Case,SWSH10: Astral Radiance,1376.42,2026-08-27,496130
265543,Astral Radiance Sleeved Booster Pack Art Bundle [Set of 5],SWSH10: Astral Radiance,57.49,2026-08-27,265543
265526,Astral Radiance Sleeved Booster Pack,SWSH10: Astral Radiance,12.66,2026-08-27,265526
265522,Astral Radiance Single Pack Blister [Toxel],SWSH10: Astral Radiance,14.47,2026-08-27,265522
265558,Astral Radiance Single Pack Blister [Set of 2],SWSH10: Astral Radiance,31.12,2026-08-27,265558
265523,Astral Radiance Single Pack Blister [Oricorio],SWSH10: Astral Radiance,12.4,2026-08-27,265523
489339,Astral Radiance Premium Checklane Blister [Swampert],SWSH10: Astral Radiance,26.63,2026-08-27,489339
489341,Astral Radiance Premium Checklane Blister [Steelix],SWSH10: Astral Radiance,22.04,2026-05-08,489341
489340,Astral Radiance Premium Checklane Blister [Feraligatr],SWSH10: Astral Radiance,19.66,2026-08-27,489340
279424,Astral Radiance Pokemon Center Elite Trainer Box Case (Exclusive),SWSH10: Astral Radiance,991.83,2026-08-27,279424
265528,Astral Radiance Pokemon Center Elite Trainer Box (Exclusive),SWSH10: Astral Radiance,225.52,2026-08-27,265528
509895,Astral Radiance Fun Pack,SWSH10: Astral Radiance,6.78,2026-08-27,509895
265545,Astral Radiance Elite Trainer Box Case,SWSH10: Astral Radiance,1789.97,2026-08-27,265545
265527,Astral Radiance Elite Trainer Box,SWSH10: Astral Radiance,145.23,2026-08-27,265527
265515,Astral Radiance Build & Battle Stadium,SWSH10: Astral Radiance,122.19,2026-08-27,265515
272137,Astral Radiance Build & Battle Box Display,SWSH10: Astral Radiance,430.27,2026-08-27,272137
265529,Astral Radiance Build & Battle Box,SWSH10: Astral Radiance,46.19,2026-08-27,265529
265542,Astral Radiance Booster Pack Art Bundle [Set of 5],SWSH10: Astral Radiance,51.55,2026-08-27,265542
265521,Astral Radiance Booster Pack,SWSH10: Astral Radiance,10.33,2026-08-27,265521
265520,Astral Radiance Booster Box Case,SWSH10: Astral Radiance,2488.69,2026-08-27,265520
265519,Astral Radiance Booster Box,SWSH10: Astral Radiance,411.18,2026-08-27,265519
523959,Astral Radiance 3 Pack Hanger Box,SWSH10: Astral Radiance,42.5,2026-08-27,523959
265525,Astral Radiance 3 Pack Blister [Sylveon],SWSH10: Astral Radiance,37.86,2026-08-27,265525
265546,Astral Radiance 3 Pack Blister [Set of 2],SWSH10: Astral Radiance,71.66,2026-08-27,265546
265524,Astral Radiance 3 Pack Blister [Eevee],SWSH10: Astral Radiance,40.49,2026-08-27,265524
679043,Astral Radiance 3 Pack Blister Case,SWSH10: Astral Radiance,956.99,2026-08-27,679043
265253,Pokemon TCG: Battle Academy 2022,Battle Academy 2022,26.57,2026-08-27,265253
256147,Leafeon VSTAR Special Collection,SWSH09: Brilliant Stars,115.36,2026-08-27,256147
256146,Glaceon VSTAR Special Collection,SWSH09: Brilliant Stars,129.09,2026-08-27,256146
257375,Glaceon / Leafeon VSTAR Special Collection [Set of 2],SWSH09: Brilliant Stars,238.31,2026-08-27,257375
599964,Brilliant Stars Sleeved Booster Pack Case,SWSH09: Brilliant Stars,2089.97,2026-08-27,599964
256136,Brilliant Stars Sleeved Booster Pack Bundle [Set of 8],SWSH09: Brilliant Stars,136.62,2026-08-27,256136
256135,Brilliant Stars Sleeved Booster Pack Art Bundle [Set of 4],SWSH09: Brilliant Stars,73.65,2026-08-27,256135
256125,Brilliant Stars Sleeved Booster Pack,SWSH09: Brilliant Stars,19.8,2026-08-27,256125
256128,Brilliant Stars Single Pack Blister [Flapple],SWSH09: Brilliant Stars,15.5,2026-08-27,256128
256129,Brilliant Stars Single Pack Blister [Eevee],SWSH09: Brilliant Stars,23.28,2026-08-27,256129
684658,Brilliant Stars Premium Checklane Blister [Zoroark],SWSH09: Brilliant Stars,34.69,2026-08-27,684658
639337,Brilliant Stars Pokemon Center Elite Trainer Box (Exclusive) Case,SWSH09: Brilliant Stars,875,2026-08-27,639337
256140,Brilliant Stars Pokemon Center Elite Trainer Box (Exclusive),SWSH09: Brilliant Stars,259.13,2026-08-27,256140
509881,Brilliant Stars Fun Pack,SWSH09: Brilliant Stars,7.19,2026-08-27,509881
264269,Brilliant Stars Elite Trainer Box Case,SWSH09: Brilliant Stars,1682.98,2026-08-27,264269
256138,Brilliant Stars Elite Trainer Box,SWSH09: Brilliant Stars,161.21,2026-08-27,256138
256139,Brilliant Stars Build & Battle Stadium,SWSH09: Brilliant Stars,168.81,2026-08-27,256139
256144,Brilliant Stars Build & Battle Box Display,SWSH09: Brilliant Stars,561.31,2026-08-27,256144
256137,Brilliant Stars Build & Battle Box,SWSH09: Brilliant Stars,64.45,2026-08-27,256137
256134,Brilliant Stars Booster Pack Art Bundle [Set of 4],SWSH09: Brilliant Stars,59.43,2026-08-27,256134
256124,Brilliant Stars Booster Pack,SWSH09: Brilliant Stars,16.94,2026-08-27,256124
256145,Brilliant Stars Booster Box Case,SWSH09: Brilliant Stars,3833.62,2026-08-27,256145
256141,Brilliant Stars Booster Box,SWSH09: Brilliant Stars,585.87,2026-08-27,256141
256130,Brilliant Stars 3 Pack Blister [Leafeon],SWSH09: Brilliant Stars,50.12,2026-08-27,256130
256132,Brilliant Stars 3 Pack Blister [Glaceon],SWSH09: Brilliant Stars,51.87,2026-08-27,256132
651285,Arceus V Figure Collection Case,SWSH09: Brilliant Stars,894,2026-08-27,651285
265251,Arceus V Figure Collection,SWSH09: Brilliant Stars,149.25,2026-08-27,265251
283851,Urshifu VMAX Premium Collection [Set of 2],SWSH08: Fusion Strike,184,2026-08-27,283851
263545,Unova Two Pack Blister [Forces of Nature Trio],SWSH08: Fusion Strike,29.19,2026-08-27,263545
253455,Single Strike Urshifu VMAX Premium Collection,SWSH08: Fusion Strike,131.91,2026-08-27,253455
253454,Rapid Strike Urshifu VMAX Premium Collection,SWSH08: Fusion Strike,126.29,2026-08-27,253454
283599,League Battle Deck [Mew VMAX],SWSH08: Fusion Strike,58.73,2026-08-27,283599
249619,Hoopa V Box / Dragonite V Box [Set of 2],SWSH08: Fusion Strike,221,2026-08-27,249619
247817,Hoopa V Box,SWSH08: Fusion Strike,88.87,2026-08-27,247817
282721,Hisuian Electrode V Box,SWSH08: Fusion Strike,51.07,2026-08-27,282721
247658,Fusion Strike Sleeved Booster Pack Bundle [Set of 8],SWSH08: Fusion Strike,199.99,2026-08-01,247658
247657,Fusion Strike Sleeved Booster Pack Art Bundle [Set of 4],SWSH08: Fusion Strike,83.28,2026-08-27,247657
247656,Fusion Strike Sleeved Booster Pack,SWSH08: Fusion Strike,28.21,2026-08-27,247656
547703,Fusion Strike Sleeved Booster Case,SWSH08: Fusion Strike,3080.82,2026-08-27,547703
247669,Fusion Strike Single Pack Blister [Tepig],SWSH08: Fusion Strike,28.22,2026-08-27,247669
247670,Fusion Strike Single Pack Blister [Blitzle],SWSH08: Fusion Strike,29.17,2026-08-27,247670
247676,Fusion Strike Premium Checklane Blister [Rillaboom],SWSH08: Fusion Strike,24.99,2026-02-05,247676
247675,Fusion Strike Premium Checklane Blister [Cinderace],SWSH08: Fusion Strike,24.99,2026-02-05,247675
557076,Fusion Strike Pokemon Center Elite Trainer Box Case (Exclusive),SWSH08: Fusion Strike,2475.72,2026-08-27,557076
247673,Fusion Strike Pokemon Center Elite Trainer Box (Exclusive),SWSH08: Fusion Strike,493.8,2026-08-27,247673
509886,Fusion Strike Fun Pack,SWSH08: Fusion Strike,6.53,2026-08-27,509886
256271,Fusion Strike Elite Trainer Box Case,SWSH08: Fusion Strike,3284.98,2026-08-27,256271
247671,Fusion Strike Elite Trainer Box,SWSH08: Fusion Strike,336.78,2026-08-27,247671
247666,Fusion Strike Build & Battle Stadium,SWSH08: Fusion Strike,273.06,2026-08-27,247666
247660,Fusion Strike Build & Battle Box Display,SWSH08: Fusion Strike,955.72,2026-08-27,247660
247659,Fusion Strike Build & Battle Box,SWSH08: Fusion Strike,103.38,2026-08-27,247659
247651,Fusion Strike Booster Pack Art Bundle [Set of 4],SWSH08: Fusion Strike,71.23,2026-08-27,247651
247646,Fusion Strike Booster Pack,SWSH08: Fusion Strike,19.05,2026-08-27,247646
247655,Fusion Strike Booster Box Case,SWSH08: Fusion Strike,6538.79,2026-08-27,247655
247654,Fusion Strike Booster Box,SWSH08: Fusion Strike,969.06,2026-08-27,247654
247668,Fusion Strike 3 Pack Blister [Espeon],SWSH08: Fusion Strike,76.91,2026-08-27,247668
247667,Fusion Strike 3 Pack Blister [Eevee],SWSH08: Fusion Strike,78.85,2026-08-27,247667
245876,Dragonite V Box,SWSH08: Fusion Strike,160.19,2026-08-27,245876
251986,Pokemon Celebrations Tin [Lance's Charizard V],Celebrations,189.58,2026-08-27,251986
251989,Pokemon Celebrations Tin [Dark Sylveon V],Celebrations,174.99,2026-08-27,251989
252739,Pokemon Celebrations International Tin [Set of 2],Celebrations,250.58,2026-08-27,252739
251987,Pokemon Celebrations International Tin [Lance's Charizard V],Celebrations,105.74,2026-08-27,251987
251988,Pokemon Celebrations International Tin [Dark Sylveon V],Celebrations,127.71,2026-08-27,251988
518638,Celebrations Ultra-Premium Collection Case,Celebrations,5888.88,2026-08-27,518638
245140,Celebrations Ultra-Premium Collection,Celebrations,1245.53,2026-08-27,245140
247470,Celebrations Special Collection - V Memories,Celebrations,193.04,2026-08-27,247470
252416,Celebrations Prime Collection,Celebrations,320.38,2026-08-27,252416
251217,Celebrations Premium Playmat Collection [Pikachu V-UNION],Celebrations,241.57,2026-08-27,251217
245139,Celebrations Premium Figure Collection [Pikachu VMAX],Celebrations,296.97,2026-08-27,245139
261802,Celebrations Pokemon Center Elite Trainer Box Case (Exclusive),Celebrations,1856.11,2026-08-27,261802
251199,Celebrations Pokemon Center Elite Trainer Box (Exclusive),Celebrations,518.63,2026-08-27,251199
242817,Celebrations Mini Tin [Unova],Celebrations,49.89,2026-08-27,242817
242816,Celebrations Mini Tin [Sinnoh],Celebrations,53.95,2026-08-27,242816
242813,Celebrations Mini Tin [Kanto],Celebrations,55.76,2026-08-27,242813
242818,Celebrations Mini Tin [Kalos],Celebrations,54.77,2026-08-27,242818
242814,Celebrations Mini Tin [Johto],Celebrations,57.9,2026-08-27,242814
242815,Celebrations Mini Tin [Hoenn],Celebrations,58.22,2026-08-27,242815
242820,Celebrations Mini Tin [Galar],Celebrations,49.62,2026-08-27,242820
242819,Celebrations Mini Tin [Alola],Celebrations,49.75,2026-08-27,242819
242812,Celebrations Mini Tin Display,Celebrations,514.03,2026-08-27,242812
251895,Celebrations Elite Trainer Box Case,Celebrations,4023.6,2026-08-27,251895
242811,Celebrations Elite Trainer Box,Celebrations,359.36,2026-08-27,242811
242810,Celebrations Deluxe Pin Collection [Zacian LV. X],Celebrations,136.32,2026-08-27,242810
256970,Celebrations Deluxe Pin Collection Case [Zacian LV. X],Celebrations,425,2026-01-29,256970
282156,Celebrations Collector Chest Case,Celebrations,1375,2026-08-27,282156
244727,Celebrations Collector Chest,Celebrations,205.8,2026-08-27,244727
244726,Celebrations Collection [Pikachu V-UNION],Celebrations,215.75,2026-08-27,244726
242808,Celebrations Collection [Lance's Charizard V],Celebrations,153.65,2026-08-27,242808
242807,Celebrations Collection [Dragapult Prime],Celebrations,78.62,2026-08-27,242807
242809,Celebrations Collection [Dark Sylveon V],Celebrations,163.65,2026-08-27,242809
251880,Celebrations Collection Case [Dragapult Prime],Celebrations,599.95,2026-08-27,251880
455796,Celebrations Collection Case,Celebrations,774.99,2026-08-27,455796
248577,Celebrations Booster Pack,Celebrations,37.3,2026-08-27,248577
245879,Zacian V-UNION Special Collection,SWSH07: Evolving Skies,111.25,2026-08-27,245879
245880,V-UNION Special Collection [Set of 3],SWSH07: Evolving Skies,368.18,2026-08-27,245880
245877,Mewtwo V-UNION Special Collection,SWSH07: Evolving Skies,179.6,2026-08-27,245877
245878,Greninja V-UNION Special Collection,SWSH07: Evolving Skies,126.8,2026-08-27,245878
246274,Evolving Skies Sleeved Booster Pack Bundle [Set of 8],SWSH07: Evolving Skies,498.44,2026-08-27,246274
247498,Evolving Skies Sleeved Booster Pack Art Bundle [Set of 4],SWSH07: Evolving Skies,240.09,2026-08-27,247498
242438,Evolving Skies Sleeved Booster Pack,SWSH07: Evolving Skies,62.6,2026-08-27,242438
247604,Evolving Skies Single Pack Blister [Octillery],SWSH07: Evolving Skies,59,2026-08-27,247604
242448,Evolving Skies Single Pack Blister [Galarian Slowpoke],SWSH07: Evolving Skies,75.34,2026-08-27,242448
242447,Evolving Skies Single Pack Blister [Eevee],SWSH07: Evolving Skies,77.06,2026-08-27,242447
242437,Evolving Skies Premium Checklane Blister [Luxray],SWSH07: Evolving Skies,49.99,2026-04-15,242437
247603,Evolving Skies Premium Checklane Blister [Houndoom],SWSH07: Evolving Skies,102.98,2026-08-27,247603
242445,Evolving Skies Premium Checklane Blister [Emboar],SWSH07: Evolving Skies,54.95,2026-08-27,242445
245855,Evolving Skies Pokemon Center Elite Trainer Box [Set of 2] (Exclusive),SWSH07: Evolving Skies,2196.82,2026-08-27,245855
245376,Evolving Skies Pokemon Center Elite Trainer Box [Jolteon/Flareon/Umbreon/Leafeon] (Exclusive),SWSH07: Evolving Skies,1086.53,2026-08-27,245376
245352,Evolving Skies Pokemon Center Elite Trainer Box [Glaceon/Vaporeon/Sylveon/Espeon] (Exclusive),SWSH07: Evolving Skies,1047.92,2026-08-27,245352
641794,Evolving Skies Half Booster Box,SWSH07: Evolving Skies,1595,2026-08-27,641794
243721,Evolving Skies Elite Trainer Box [Set of 2],SWSH07: Evolving Skies,1059.57,2026-08-27,243721
242443,Evolving Skies Elite Trainer Box [Glaceon/Vaporeon/Sylveon/Espeon],SWSH07: Evolving Skies,511.07,2026-08-27,242443
242434,Evolving Skies Elite Trainer Box [Flareon/Jolteon/Umbreon/Leafeon],SWSH07: Evolving Skies,575.85,2026-08-27,242434
243722,Evolving Skies Elite Trainer Box Case,SWSH07: Evolving Skies,3950,2026-08-19,243722
243425,Evolving Skies Build & Battle Stadium,SWSH07: Evolving Skies,591.67,2026-08-27,243425
242450,Evolving Skies Build & Battle Box Display,SWSH07: Evolving Skies,2750,2026-06-23,242450
242449,Evolving Skies Build & Battle Box,SWSH07: Evolving Skies,316.04,2026-08-27,242449
247497,Evolving Skies Booster Pack Art Bundle [Set of 4],SWSH07: Evolving Skies,179.87,2026-08-27,247497
244337,Evolving Skies Booster Pack,SWSH07: Evolving Skies,43.16,2026-08-27,244337
248124,Evolving Skies Booster Box Case,SWSH07: Evolving Skies,16800,2026-07-14,248124
242436,Evolving Skies Booster Box,SWSH07: Evolving Skies,2474.88,2026-08-27,242436
650863,Evolving Skies 3 Pack Hanger Box,SWSH07: Evolving Skies,166.63,2026-08-27,650863
242444,Evolving Skies 3 Pack Blister [Umbreon],SWSH07: Evolving Skies,236.89,2026-08-27,242444
242435,Evolving Skies 3 Pack Blister [Eiscue],SWSH07: Evolving Skies,190.52,2026-08-27,242435
240977,Shadow Rider Calyrex V Box,SWSH06: Chilling Reign,49.76,2026-08-27,240977
256972,Ice Rider/ Shadow Rider Calyrex V Box Case,SWSH06: Chilling Reign,345,2026-08-27,256972
240975,Ice Rider Calyrex V Box,SWSH06: Chilling Reign,46.88,2026-08-27,240975
256275,Chilling Reign Sleeved Booster Pack Bundle [Set of 10],SWSH06: Chilling Reign,165,2026-07-26,256275
256274,Chilling Reign Sleeved Booster Pack Art Bundle [Set of 5],SWSH06: Chilling Reign,99.99,2026-08-27,256274
242013,Chilling Reign Sleeved Booster Pack,SWSH06: Chilling Reign,19.64,2026-08-27,242013
236272,Chilling Reign Single Pack Blister [Phanpy],SWSH06: Chilling Reign,20.67,2026-08-27,236272
236273,Chilling Reign Single Pack Blister [Morpeko],SWSH06: Chilling Reign,22.44,2026-08-27,236273
236278,Chilling Reign Premium Checklane Blister [Decidueye],SWSH06: Chilling Reign,14.33,2026-08-27,236278
236276,Chilling Reign Premium Checklane Blister [Blaziken],SWSH06: Chilling Reign,33.98,2026-08-27,236276
247282,Chilling Reign Pokemon Center Elite Trainer Box [Shadow Rider Calyrex] (Exclusive),SWSH06: Chilling Reign,191.21,2026-08-27,247282
247281,Chilling Reign Pokemon Center Elite Trainer Box [Ice Rider Calyrex] (Exclusive),SWSH06: Chilling Reign,199.59,2026-08-27,247281
702296,Chilling Reign Fun Pack,SWSH06: Chilling Reign,11.99,2026-08-27,702296
236261,Chilling Reign Elite Trainer Box [Shadow Rider Calyrex],SWSH06: Chilling Reign,151.88,2026-08-27,236261
244410,Chilling Reign Elite Trainer Box [Set of 2],SWSH06: Chilling Reign,285.35,2026-08-27,244410
236260,Chilling Reign Elite Trainer Box [Ice Rider Calyrex],SWSH06: Chilling Reign,141.85,2026-08-27,236260
236263,Chilling Reign Elite Trainer Box Case,SWSH06: Chilling Reign,1999.95,2026-02-22,236263
236266,Chilling Reign Build & Battle Box Display,SWSH06: Chilling Reign,512.67,2026-08-27,236266
236265,Chilling Reign Build & Battle Box,SWSH06: Chilling Reign,58.09,2026-08-27,236265
492290,Chilling Reign Booster Pack Art Bundle [Set of 5],SWSH06: Chilling Reign,58.16,2026-08-27,492290
236257,Chilling Reign Booster Pack,SWSH06: Chilling Reign,11.61,2026-08-27,236257
236259,Chilling Reign Booster Box Case,SWSH06: Chilling Reign,3438.51,2026-08-27,236259
236258,Chilling Reign Booster Box,SWSH06: Chilling Reign,497.98,2026-08-27,236258
236269,Chilling Reign 3 Pack Blister [Snorlax],SWSH06: Chilling Reign,56.61,2026-08-27,236269
236268,Chilling Reign 3 Pack Blister [Eevee],SWSH06: Chilling Reign,50.74,2026-08-27,236268
245856,"Chilling Reign 2 Pack Blister [Galarian Zapdos V, Articuno V, Moltres V]",SWSH06: Chilling Reign,42.17,2026-08-27,245856
238638,V Strikers Tin [Tyranitar V] (International Version),SWSH05: Battle Styles,52,2026-08-27,238638
236377,V Strikers Tin [Tyranitar V],SWSH05: Battle Styles,98.69,2026-08-27,236377
257189,V Strikers Tin [Set of 2],SWSH05: Battle Styles,133.3,2026-08-27,257189
236378,V Strikers Tin [Empoleon V],SWSH05: Battle Styles,88.4,2026-08-27,236378
231293,Spring 2021 Collector's Chest Tin,SWSH05: Battle Styles,57.18,2026-08-27,231293
231297,Single Strike Urshifu V Box,SWSH05: Battle Styles,40.07,2026-08-27,231297
231296,Rapid Strike Urshifu V Box,SWSH05: Battle Styles,41.69,2026-08-27,231296
233359,Galarian Rapidash V Box,SWSH05: Battle Styles,86.85,2026-08-27,233359
487794,Battle Styles Sleeved Booster Pack Art Bundle [Set of 4],SWSH05: Battle Styles,42.85,2026-08-27,487794
251879,Battle Styles Sleeved Booster Pack,SWSH05: Battle Styles,10.13,2026-08-27,251879
680964,Battle Styles Sleeved Booster Case,SWSH05: Battle Styles,1199.99,2026-08-27,680964
229280,Battle Styles Single Pack Blister [Charmander],SWSH05: Battle Styles,25.81,2026-08-27,229280
229281,Battle Styles Single Pack Blister [Arrokuda],SWSH05: Battle Styles,10.87,2026-08-27,229281
236458,Battle Styles Premium Checklane Blister [Toxtricity],SWSH05: Battle Styles,20,2026-07-17,236458
236457,Battle Styles Premium Checklane Blister [Golisopod],SWSH05: Battle Styles,19,2026-08-27,236457
229284,Battle Styles Elite Trainer Box [Single Strike Urshifu] (Red),SWSH05: Battle Styles,126.94,2026-08-27,229284
244414,Battle Styles Elite Trainer Box [Set of 2],SWSH05: Battle Styles,245,2026-08-27,244414
229285,Battle Styles Elite Trainer Box [Rapid Strike Urshifu] (Blue),SWSH05: Battle Styles,134.3,2026-08-27,229285
235284,Battle Styles Elite Trainer Box Case,SWSH05: Battle Styles,1131.73,2026-08-27,235284
229279,Battle Styles Build & Battle Box Display,SWSH05: Battle Styles,398.95,2026-08-27,229279
229278,Battle Styles Build & Battle Box,SWSH05: Battle Styles,49.52,2026-08-27,229278
265321,Battle Styles Booster Pack Art Bundle [Set of 4],SWSH05: Battle Styles,35.76,2026-08-27,265321
229276,Battle Styles Booster Pack,SWSH05: Battle Styles,9.46,2026-08-27,229276
233335,Battle Styles Booster Box Case,SWSH05: Battle Styles,1763.96,2026-08-27,233335
229277,Battle Styles Booster Box,SWSH05: Battle Styles,295.31,2026-08-27,229277
229282,Battle Styles 3 Pack Blister [Jolteon],SWSH05: Battle Styles,38.48,2026-08-27,229282
229283,Battle Styles 3 Pack Blister [Eevee],SWSH05: Battle Styles,27.2,2026-08-27,229283
228822,Shining Fates V Tin [Eldegoss V],Shining Fates,65.49,2026-08-27,228822
228824,Shining Fates V Tin [Cramorant V],Shining Fates,71.13,2026-08-27,228824
228823,Shining Fates V Tin [Boltund V],Shining Fates,71.04,2026-08-27,228823
268482,Shining Fates V Tin Case,Shining Fates,322.51,2026-07-20,268482
230392,Shining Fates Premium Collection [Shiny Dragapult],Shining Fates,123.41,2026-08-27,230392
230391,Shining Fates Premium Collection [Shiny Crobat],Shining Fates,106.74,2026-08-27,230391
284772,Shining Fates Premium Collection [Set of 2],Shining Fates,214.89,2026-08-27,284772
230957,Shining Fates Mini Tin [Zarude],Shining Fates,29.76,2026-08-27,230957
230956,Shining Fates Mini Tin [Reshiram],Shining Fates,34.28,2026-08-27,230956
230959,Shining Fates Mini Tin [Manaphy],Shining Fates,28.2,2026-08-27,230959
230960,Shining Fates Mini Tin [Kyogre],Shining Fates,29.74,2026-08-27,230960
230958,Shining Fates Mini Tin [Celebi],Shining Fates,31.68,2026-08-27,230958
230961,Shining Fates Mini Tin Display,Shining Fates,290.56,2026-08-27,230961
238606,Shining Fates Mad Party Pin Collection [Set of 4],Shining Fates,183.16,2026-08-27,238606
228829,Shining Fates Mad Party Pin Collection [Polteageist],Shining Fates,46.43,2026-08-27,228829
228828,Shining Fates Mad Party Pin Collection [Galarian Mr. Rime],Shining Fates,48.75,2026-08-27,228828
228827,Shining Fates Mad Party Pin Collection [Dedenne],Shining Fates,50.59,2026-08-27,228827
228826,Shining Fates Mad Party Pin Collection [Bunnelby],Shining Fates,42.33,2026-08-27,228826
233315,Shining Fates Mad Party Pin Collection Display,Shining Fates,375.31,2026-08-27,233315
266962,Shining Fates Elite Trainer Box Case,Shining Fates,1393.73,2026-08-27,266962
228821,Shining Fates Elite Trainer Box,Shining Fates,144.38,2026-08-27,228821
240192,Shining Fates Collection [Shiny Eldegoss V],Shining Fates,60.61,2026-08-27,240192
240190,Shining Fates Collection [Shiny Cramorant V],Shining Fates,63.62,2026-08-27,240190
240191,Shining Fates Collection [Shiny Boltund V],Shining Fates,60.15,2026-08-27,240191
228825,Shining Fates Collection [Pikachu V],Shining Fates,57.35,2026-08-27,228825
268484,Shining Fates Collection Pikachu V Case,Shining Fates,372.72,2026-08-27,268484
265320,Shining Fates Booster Pack Art Bundle [Set of 4],Shining Fates,58.55,2026-08-27,265320
232636,Shining Fates Booster Pack,Shining Fates,14.84,2026-08-27,232636
232748,McDonald's 25th Anniversary Booster Pack,McDonald's 25th Anniversary Promos,8.4,2026-08-27,232748
221751,Vivid Voltage Theme Deck [Drednaw],SWSH04: Vivid Voltage,10.86,2026-08-27,221751
221750,Vivid Voltage Theme Deck [Charizard],SWSH04: Vivid Voltage,25.24,2026-08-27,221750
231693,Vivid Voltage Theme Deck Display,SWSH04: Vivid Voltage,150.73,2026-08-27,231693
487798,Vivid Voltage Sleeved Booster Pack Art Bundle [Set of 4],SWSH04: Vivid Voltage,39.95,2026-08-27,487798
245143,Vivid Voltage Sleeved Booster Pack,SWSH04: Vivid Voltage,11.05,2026-08-27,245143
653200,Vivid Voltage Sleeved Booster Case,SWSH04: Vivid Voltage,1411.55,2026-08-27,653200
221747,Vivid Voltage Single Pack Blister [Scorbunny],SWSH04: Vivid Voltage,14.33,2026-08-27,221747
221746,Vivid Voltage Single Pack Blister [Grookey],SWSH04: Vivid Voltage,12.63,2026-08-27,221746
230087,Vivid Voltage Premium Checklane Blister [Appletun],SWSH04: Vivid Voltage,10,2026-08-27,230087
278642,Vivid Voltage Elite Trainer Box Case,SWSH04: Vivid Voltage,1497,2026-08-27,278642
221752,Vivid Voltage Elite Trainer Box,SWSH04: Vivid Voltage,136.5,2026-08-27,221752
221749,Vivid Voltage Build & Battle Box Display,SWSH04: Vivid Voltage,591.71,2026-08-27,221749
221748,Vivid Voltage Build & Battle Box,SWSH04: Vivid Voltage,58.15,2026-08-27,221748
265319,Vivid Voltage Booster Pack Art Bundle [Set of 4],SWSH04: Vivid Voltage,37.19,2026-08-27,265319
221312,Vivid Voltage Booster Pack,SWSH04: Vivid Voltage,10.47,2026-08-27,221312
243051,Vivid Voltage Booster Box Case,SWSH04: Vivid Voltage,1836.06,2026-08-27,243051
221313,Vivid Voltage Booster Box,SWSH04: Vivid Voltage,317.54,2026-08-27,221313
221745,Vivid Voltage 3 Pack Blister [Vaporeon],SWSH04: Vivid Voltage,39.49,2026-08-27,221745
221744,Vivid Voltage 3 Pack Blister [Sobble],SWSH04: Vivid Voltage,39.24,2026-08-27,221744
222986,Sword & Shield Elite Trainer Box Plus [Zamazenta],SWSH04: Vivid Voltage,224.08,2026-08-27,222986
222987,Sword & Shield Elite Trainer Box Plus [Zacian],SWSH04: Vivid Voltage,258.82,2026-08-27,222987
226137,Orbeetle V Box,SWSH04: Vivid Voltage,65.67,2026-08-27,226137
228978,Galar Sidekicks Premium Collection,SWSH04: Vivid Voltage,264,2026-08-27,228978
222985,Fall 2020 Collector's Chest Tin,SWSH04: Vivid Voltage,85.84,2026-08-27,222985
228979,Alakazam V Box,SWSH04: Vivid Voltage,59.39,2026-08-27,228979
218802,Champion's Path Special Pin Collection [Stow-on-Side],Champion's Path,283.34,2026-08-27,218802
218803,Champion's Path Special Pin Collection [Circhester],Champion's Path,69.24,2026-08-27,218803
218807,Champion's Path Premium Collection [Marnie],Champion's Path,135.84,2026-08-27,218807
218797,Champion's Path Pin Collection [Turffield Gym],Champion's Path,59.94,2026-08-27,218797
218800,Champion's Path Pin Collection [Spikemuth Gym],Champion's Path,51.49,2026-08-27,218800
218796,Champion's Path Pin Collection [Motostoke Gym],Champion's Path,62.75,2026-08-27,218796
218794,Champion's Path Pin Collection [Hulbury Gym],Champion's Path,58.65,2026-08-27,218794
218798,Champion's Path Pin Collection [Hammerlocke Gym],Champion's Path,45.33,2026-08-27,218798
218799,Champion's Path Pin Collection [Ballonlea Gym],Champion's Path,46.98,2026-08-27,218799
218792,"Champion's Path Pin Collection Display: Turffield, Hulbury, & Motostoke Gyms",Champion's Path,357.36,2026-04-23,218792
218852,"Champion's Path Pin Collection Display: Ballonlea, Spikemuth, & Hammerlocke Gyms",Champion's Path,203.74,2026-07-01,218852
247385,Champion's Path Elite Trainer Box Case,Champion's Path,1599.95,2026-08-25,247385
218791,Champion's Path Elite Trainer Box,Champion's Path,219.33,2026-08-27,218791
218804,Champion's Path Collection [Hatterene V],Champion's Path,54.17,2026-08-27,218804
218806,Champion's Path Collection [Dubwool V],Champion's Path,63.04,2026-08-27,218806
265318,Champion's Path Booster Pack Art Bundle [Set of 4],Champion's Path,83.45,2026-08-27,265318
218789,Champion's Path Booster Pack,Champion's Path,18.97,2026-08-27,218789
218839,True Steel Premium Collection [Zacian],SWSH03: Darkness Ablaze,323.32,2026-08-27,218839
668526,Sword & Shield Single Blister Pack [Cufant & Copperajah],SWSH03: Darkness Ablaze,10,2026-08-27,668526
220272,Galarian Sirfetch'd V Box,SWSH03: Darkness Ablaze,90.46,2026-08-27,220272
220277,Eternatus VMAX Premium Collection,SWSH03: Darkness Ablaze,205.2,2026-08-27,220277
216866,Darkness Ablaze Theme Deck [Galarian Sirfetch'd],SWSH03: Darkness Ablaze,20.47,2026-08-27,216866
216865,Darkness Ablaze Theme Deck [Galarian Darmanitan],SWSH03: Darkness Ablaze,23.5,2026-04-02,216865
487797,Darkness Ablaze Sleeved Booster Pack Art Bundle [Set of 4],SWSH03: Darkness Ablaze,43.71,2026-08-27,487797
257320,Darkness Ablaze Sleeved Booster Pack,SWSH03: Darkness Ablaze,11.96,2026-08-27,257320
216860,Darkness Ablaze Single Pack Blister [Pikachu],SWSH03: Darkness Ablaze,33.5,2026-08-27,216860
216859,Darkness Ablaze Single Pack Blister [Hatenna],SWSH03: Darkness Ablaze,13.31,2026-08-27,216859
220109,Darkness Ablaze Premium Checklane Blister [Grimmsnarl],SWSH03: Darkness Ablaze,20,2026-08-27,220109
220108,Darkness Ablaze Premium Checklane Blister [Dragapult],SWSH03: Darkness Ablaze,20,2026-08-27,220108
216863,Darkness Ablaze Premium Checklane Blister,SWSH03: Darkness Ablaze,22.84,2026-08-27,216863
653206,Darkness Ablaze Fun Pack,SWSH03: Darkness Ablaze,3.53,2026-08-27,653206
266951,Darkness Ablaze Elite Trainer Box Case,SWSH03: Darkness Ablaze,1087.5,2026-08-27,266951
216856,Darkness Ablaze Elite Trainer Box,SWSH03: Darkness Ablaze,117.28,2026-08-27,216856
216862,Darkness Ablaze Build & Battle Box Display,SWSH03: Darkness Ablaze,595,2026-08-27,216862
216861,Darkness Ablaze Build & Battle Box,SWSH03: Darkness Ablaze,59.96,2026-08-27,216861
265317,Darkness Ablaze Booster Pack Art Bundle [Set of 4],SWSH03: Darkness Ablaze,43.17,2026-08-27,265317
216852,Darkness Ablaze Booster Pack,SWSH03: Darkness Ablaze,10.17,2026-08-27,216852
256971,Darkness Ablaze Booster Box Case,SWSH03: Darkness Ablaze,2249.99,2026-08-27,256971
216853,Darkness Ablaze Booster Box,SWSH03: Darkness Ablaze,371.83,2026-08-27,216853
216858,Darkness Ablaze 3 Pack Blister [Flareon],SWSH03: Darkness Ablaze,45.97,2026-08-27,216858
216857,Darkness Ablaze 3 Pack Blister [Eevee],SWSH03: Darkness Ablaze,41.49,2026-08-27,216857
218626,Pokemon TCG: Battle Academy,Battle Academy,64.66,2026-08-27,218626
210566,Sword & Shield Figure Collection,SWSH02: Rebel Clash,239.5,2026-08-27,210566
210570,Rebel Clash Theme Deck [Zamazenta],SWSH02: Rebel Clash,30.67,2026-08-27,210570
210571,Rebel Clash Theme Deck [Zacian],SWSH02: Rebel Clash,24.55,2026-08-27,210571
487796,Rebel Clash Sleeved Booster Pack Art Bundle [Set of 4],SWSH02: Rebel Clash,51.82,2026-08-27,487796
264421,Rebel Clash Sleeved Booster Pack,SWSH02: Rebel Clash,12.59,2026-08-27,264421
210565,Rebel Clash Single Pack Blister [Noctowl],SWSH02: Rebel Clash,19.5,2026-08-27,210565
210564,Rebel Clash Single Pack Blister [Mantine],SWSH02: Rebel Clash,19.35,2026-08-27,210564
276575,Rebel Clash Premium Checklane Blister [Gengar],SWSH02: Rebel Clash,77.16,2026-08-27,276575
276576,Rebel Clash Premium Checklane Blister [Galarian Obstagoon],SWSH02: Rebel Clash,32,2026-08-27,276576
210572,Rebel Clash Elite Trainer Box,SWSH02: Rebel Clash,323.78,2026-08-27,210572
212820,Rebel Clash Build & Battle Display,SWSH02: Rebel Clash,400,2026-02-28,212820
212821,Rebel Clash Build & Battle Box,SWSH02: Rebel Clash,74.97,2026-08-27,212821
265316,Rebel Clash Booster Pack Art Bundle [Set of 4],SWSH02: Rebel Clash,38.84,2026-08-27,265316
210562,Rebel Clash Booster Pack,SWSH02: Rebel Clash,10.27,2026-08-27,210562
210561,Rebel Clash Booster Box,SWSH02: Rebel Clash,493.07,2026-08-27,210561
210568,Rebel Clash 3 Pack Blister [Rayquaza],SWSH02: Rebel Clash,45.44,2026-08-27,210568
210567,Rebel Clash 3 Pack Blister [Duraludon],SWSH02: Rebel Clash,59,2026-08-27,210567
210563,Polteageist V Box,SWSH02: Rebel Clash,110,2026-08-27,210563
214231,Legends of Galar Tin [Zamazenta V],SWSH02: Rebel Clash,66.53,2026-08-27,214231
214230,Legends of Galar Tin [Zacian V],SWSH02: Rebel Clash,62.36,2026-08-27,214230
214232,Legends of Galar Tin [Set of 2],SWSH02: Rebel Clash,100,2026-01-27,214232
214227,Copperajah V Box,SWSH02: Rebel Clash,102.95,2026-08-27,214227
206424,Toxtricity V Box,SWSH01: Sword & Shield Base Set,145,2026-08-27,206424
263544,Sword and Shield Base Set Sleeved Booster Pack,SWSH01: Sword & Shield Base Set,15.54,2026-08-27,263544
265314,Sword and Shield Base Set Booster Pack Art Bundle [Set of 4],SWSH01: Sword & Shield Base Set,50.32,2026-08-27,265314
487795,Sword And Shield Base Set Sleeved Booster Pack Art Bundle [Set of 4],SWSH01: Sword & Shield Base Set,51.99,2026-08-27,487795
206037,Sword & Shield Theme Deck [Rillaboom],SWSH01: Sword & Shield Base Set,16.18,2026-08-27,206037
206036,Sword & Shield Theme Deck [Inteleon],SWSH01: Sword & Shield Base Set,13.34,2026-08-27,206036
206035,Sword & Shield Theme Deck [Cinderace],SWSH01: Sword & Shield Base Set,18.6,2026-08-27,206035
206031,Sword & Shield Single Blister Pack [Wooloo],SWSH01: Sword & Shield Base Set,14.99,2026-08-27,206031
206032,Sword & Shield Single Blister Pack [Gossifleur],SWSH01: Sword & Shield Base Set,15.25,2026-08-27,206032
206039,Sword & Shield Elite Trainer Box [Zamazenta],SWSH01: Sword & Shield Base Set,157.93,2026-08-27,206039
206038,Sword & Shield Elite Trainer Box [Zacian],SWSH01: Sword & Shield Base Set,164.58,2026-08-27,206038
244411,Sword & Shield Elite Trainer Box [Set of 2],SWSH01: Sword & Shield Base Set,328.93,2026-08-27,244411
206033,Sword & Shield Build & Battle Display,SWSH01: Sword & Shield Base Set,750,2026-02-28,206033
206040,Sword & Shield Build & Battle Box,SWSH01: Sword & Shield Base Set,90.97,2026-08-27,206040
206028,Sword & Shield Booster Pack,SWSH01: Sword & Shield Base Set,10.84,2026-08-27,206028
530142,Sword & Shield Booster Box Case,SWSH01: Sword & Shield Base Set,4458.98,2026-07-07,530142
206027,Sword & Shield Booster Box,SWSH01: Sword & Shield Base Set,694.29,2026-08-27,206027
206029,Sword & Shield 3 Pack Blister [Morpeko],SWSH01: Sword & Shield Base Set,64.99,2026-08-27,206029
206030,Sword & Shield 3 Pack Blister [Galarian Ponyta],SWSH01: Sword & Shield Base Set,59.97,2026-08-27,206030
209531,Spring 2020 Collector's Chest Tin,SWSH01: Sword & Shield Base Set,139.2,2026-08-27,209531
210576,Snorlax Pin Collection,SWSH01: Sword & Shield Base Set,160,2026-08-27,210576
210577,Morpeko Pin Collection,SWSH01: Sword & Shield Base Set,59.49,2026-08-27,210577
287507,Legends of Galar Tin + Galar Partners Tin 2-pack [Zamazenta V/Rillaboom V] (Retail Exclusive),SWSH01: Sword & Shield Base Set,129.99,2026-07-10,287507
287505,Legends of Galar Tin + Galar Partners Tin 2-pack [Zamazenta V/Inteleon V] (Retail Exclusive),SWSH01: Sword & Shield Base Set,179.99,2026-08-27,287505
287504,Legends of Galar Tin + Galar Partners Tin 2-pack [Zamazenta V/Cinderace V] (Retail Exclusive),SWSH01: Sword & Shield Base Set,129.99,2026-07-10,287504
287500,Legends of Galar Tin + Galar Partners Tin 2-pack [Zacian V/Rillaboom V] (Retail Exclusive),SWSH01: Sword & Shield Base Set,179.99,2026-08-27,287500
287502,Legends of Galar Tin + Galar Partners Tin 2-pack [Zacian V/Inteleon V] (Retail Exclusive),SWSH01: Sword & Shield Base Set,124,2026-07-21,287502
287503,Legends of Galar Tin + Galar Partners Tin 2-pack [Zacian V/Cinderace V] (Retail Exclusive),SWSH01: Sword & Shield Base Set,124,2026-07-10,287503
206423,Galar Partners Tin [Set of 3],SWSH01: Sword & Shield Base Set,299.95,2026-01-22,206423
206422,Galar Partners Tin [Rillaboom V],SWSH01: Sword & Shield Base Set,101.99,2026-04-02,206422
206417,Galar Partners Tin [Inteleon V],SWSH01: Sword & Shield Base Set,100,2026-08-27,206417
206420,Galar Partners Tin [Cinderace V],SWSH01: Sword & Shield Base Set,100,2026-08-27,206420
282887,Galar Partners International Tin [Rillaboom V],SWSH01: Sword & Shield Base Set,83,2026-08-27,282887
220751,Galar Partners Box [Rillaboom V],SWSH01: Sword & Shield Base Set,202.99,2026-08-27,220751
220752,Galar Partners Box [Inteleon V],SWSH01: Sword & Shield Base Set,158.67,2026-08-27,220752
220750,Galar Partners Box [Cinderace V],SWSH01: Sword & Shield Base Set,153.67,2026-08-27,220750
546609,SM - Cosmic Eclipse Sleeved Booster Pack,SM - Cosmic Eclipse,125.29,2026-08-27,546609
199772,Pikachu GX & Eevee GX Special Collection,SM - Cosmic Eclipse,499.31,2026-08-27,199772
199304,Cosmic Eclipse Theme Deck [Set of 2],SM - Cosmic Eclipse,71.97,2026-03-12,199304
199305,Cosmic Eclipse Theme Deck [Kyogre],SM - Cosmic Eclipse,48.51,2026-08-27,199305
199306,Cosmic Eclipse Theme Deck [Groudon],SM - Cosmic Eclipse,38.41,2026-08-27,199306
276587,Cosmic Eclipse Sleeved Booster Pack Art Bundle [Set of 4],SM - Cosmic Eclipse,449.18,2026-08-27,276587
199769,Cosmic Eclipse Single Pack Blister [Terrakion],SM - Cosmic Eclipse,130.49,2026-08-27,199769
199768,Cosmic Eclipse Single Pack Blister [Mismagius],SM - Cosmic Eclipse,99.99,2026-02-20,199768
199308,Cosmic Eclipse Elite Trainer Box,SM - Cosmic Eclipse,1874.5,2026-08-27,199308
199310,Cosmic Eclipse Build & Battle Box,SM - Cosmic Eclipse,414.99,2026-08-27,199310
267047,Cosmic Eclipse Booster Pack Art Bundle [Set of 4],SM - Cosmic Eclipse,285.7,2026-08-27,267047
199263,Cosmic Eclipse Booster Pack,SM - Cosmic Eclipse,74.57,2026-08-27,199263
199261,Cosmic Eclipse Booster Box,SM - Cosmic Eclipse,4148.34,2026-08-27,199261
199766,Cosmic Eclipse 3 Pack Blister [Victini],SM - Cosmic Eclipse,170,2026-04-19,199766
199767,Cosmic Eclipse 3 Pack Blister [Celebi],SM - Cosmic Eclipse,349.99,2026-08-27,199767
199466,Hidden Fates Ultra-Premium Collection,Hidden Fates,1275,2026-08-27,199466
213476,Hidden Fates Tin [Set of 3],Hidden Fates,472.65,2026-08-27,213476
193438,Hidden Fates Tin [Raichu GX],Hidden Fates,158,2026-08-27,193438
193436,Hidden Fates Tin [Gyarados GX],Hidden Fates,158.91,2026-08-27,193436
193437,Hidden Fates Tin [Charizard GX],Hidden Fates,166.75,2026-08-27,193437
206302,Hidden Fates Premium Powers Collection,Hidden Fates,721.87,2026-08-27,206302
198523,Hidden Fates Poke Ball Collection [Shiny Zoroark],Hidden Fates,597.97,2026-08-27,198523
198524,Hidden Fates Poke Ball Collection [Shiny Metagross],Hidden Fates,521.82,2026-08-27,198524
198525,Hidden Fates Poke Ball Collection [Set of 2],Hidden Fates,899,2026-08-27,198525
193440,Hidden Fates Pin Collection [Mewtwo],Hidden Fates,240,2026-08-27,193440
193439,Hidden Fates Pin Collection [Mew],Hidden Fates,210,2026-08-27,193439
648466,Hidden Fates Elite Trainer Box Case,Hidden Fates,6500,2026-05-25,648466
194729,Hidden Fates Elite Trainer Box,Hidden Fates,558.67,2026-08-27,194729
205161,Hidden Fates Collection [Raichu GX],Hidden Fates,182.33,2026-08-27,205161
205160,Hidden Fates Collection [Gyarados GX],Hidden Fates,180.77,2026-08-27,205160
205159,Hidden Fates Collection [Charizard GX],Hidden Fates,195.45,2026-08-27,205159
545766,Hidden Fates Booster Pack Art Bundle [Set of 4],Hidden Fates,176.79,2026-08-27,545766
198634,Hidden Fates Booster Pack,Hidden Fates,48.38,2026-08-27,198634
191888,"Unified Minds Theme Deck - ""Soaring Storm"" [Dragonite]",SM - Unified Minds,84.99,2026-08-27,191888
191889,"Unified Minds Theme Deck - ""Laser Focus"" [Necrozma]",SM - Unified Minds,30.67,2026-07-31,191889
191887,Unified Minds Single Pack Blister [Sudowoodo],SM - Unified Minds,99.49,2026-08-27,191887
191886,Unified Minds Single Pack Blister [Pikachu],SM - Unified Minds,97.5,2026-04-23,191886
195612,Unified Minds Prerelease Kit,SM - Unified Minds,349.98,2026-08-27,195612
229579,Unified Minds Premium Checklane Blister [Umbreon],SM - Unified Minds,149.99,2026-08-27,229579
229580,Unified Minds Premium Checklane Blister [Espeon],SM - Unified Minds,115,2026-08-27,229580
686509,Unified Minds Mini Pack,SM - Unified Minds,20.37,2026-08-27,686509
193052,Unified Minds Elite Trainer Box,SM - Unified Minds,1813.25,2026-08-27,193052
267046,Unified Minds Booster Pack Art Bundle [Set of 4],SM - Unified Minds,230,2026-08-27,267046
191883,Unified Minds Booster Pack,SM - Unified Minds,75.02,2026-08-27,191883
191882,Unified Minds Booster Box,SM - Unified Minds,3029.75,2026-08-27,191882
232313,Unified Minds 3 Pack Hanger Box,SM - Unified Minds,246.85,2026-08-27,232313
191885,Unified Minds 3 Pack Blister [Vikavolt],SM - Unified Minds,324.95,2026-07-10,191885
191884,Unified Minds 3 Pack Blister [Stakataka],SM - Unified Minds,150,2026-06-06,191884
194735,Power Partnership Tin [Mewtwo & Mew GX],SM - Unified Minds,857.4,2026-08-27,194735
194736,Power Partnership Tin [Lucario & Melmetal GX],SM - Unified Minds,387.66,2026-08-27,194736
194737,Power Partnership Tin [Garchomp & Giratina GX],SM - Unified Minds,549.99,2026-08-27,194737
198521,Porygon-Z GX Box,SM - Unified Minds,350,2026-05-03,198521
198528,Pale Moon GX Box,SM - Unified Minds,400,2026-08-27,198528
276585,Unbroken Bonds Sleeved Booster Pack Art Bundle [Set of 4],SM - Unbroken Bonds,379,2026-08-27,276585
524331,Unbroken Bonds Sleeved Booster Pack,SM - Unbroken Bonds,87.32,2026-08-27,524331
240189,Unbroken Bonds Single Pack Blister [Wailord],SM - Unbroken Bonds,120,2026-08-27,240189
240188,Unbroken Bonds Single Pack Blister [Steelix],SM - Unbroken Bonds,119.99,2026-08-27,240188
188413,Unbroken Bonds Single Pack Blister [Pikachu],SM - Unbroken Bonds,94.78,2026-08-27,188413
188412,Unbroken Bonds Single Pack Blister [Eevee],SM - Unbroken Bonds,81.36,2026-08-27,188412
189823,Unbroken Bonds Prerelease Kit,SM - Unbroken Bonds,326.24,2026-08-27,189823
188400,Unbroken Bonds Lightning Loop Theme Deck - [Zeraora],SM - Unbroken Bonds,24.74,2026-08-27,188400
267045,Unbroken Bonds Booster Pack Art Bundle [Set of 4],SM - Unbroken Bonds,237,2026-08-27,267045
185718,Unbroken Bonds Booster Pack,SM - Unbroken Bonds,67.63,2026-08-27,185718
185717,Unbroken Bonds Booster Box,SM - Unbroken Bonds,2548.16,2026-08-27,185717
188399,Unbroken Bonds Battle Minds Theme Deck - [Mewtwo],SM - Unbroken Bonds,29.75,2026-08-27,188399
232315,Unbroken Bonds 3 Pack Hanger Box,SM - Unbroken Bonds,249.48,2026-08-27,232315
188411,Unbroken Bonds 3 Pack Blister [Typhlosion],SM - Unbroken Bonds,244.34,2026-08-27,188411
188410,Unbroken Bonds 3 Pack Blister [Sceptile],SM - Unbroken Bonds,246.16,2026-08-27,188410
194597,Reshiram & Charizard GX Figure Collection,SM - Unbroken Bonds,783.33,2026-08-27,194597
192083,Kangaskhan GX Box,SM - Unbroken Bonds,250,2026-02-20,192083
192230,Blastoise GX Premium Collection,SM - Unbroken Bonds,410,2026-08-27,192230
189658,Alolan Marowak GX Box,SM - Unbroken Bonds,587,2026-04-27,189658
190324,Detective Pikachu: Mewtwo GX Case File,Detective Pikachu,168.5,2026-08-27,190324
185243,Detective Pikachu: Greninja GX Case File,Detective Pikachu,163.49,2026-08-27,185243
185244,Detective Pikachu: Collector Chest,Detective Pikachu,372.33,2026-08-27,185244
237678,Detective Pikachu: Charizard GX Special Case File,Detective Pikachu,499.99,2026-08-27,237678
185242,Detective Pikachu: Charizard GX Case File,Detective Pikachu,196.3,2026-08-27,185242
264258,Detective Pikachu Two Pack Blister,Detective Pikachu,38,2026-07-28,264258
502478,Detective Pikachu Tin [Mewtwo],Detective Pikachu,139.46,2026-08-27,502478
502477,Detective Pikachu Tin [Charizard],Detective Pikachu,152.61,2026-08-27,502477
189810,Detective Pikachu Special Promo Booster Pack,Detective Pikachu,19.82,2026-08-27,189810
190325,Detective Pikachu Special Case File - 3 Pack Booster Blister,Detective Pikachu,106.49,2026-08-27,190325
197563,Detective Pikachu On the Case Figure Collection,Detective Pikachu,313.29,2026-08-27,197563
185245,Detective Pikachu Case File,Detective Pikachu,82.92,2026-08-27,185245
187239,Detective Pikachu Booster Pack,Detective Pikachu,23.43,2026-08-27,187239
181693,Towering Splash GX Box,SM - Team Up,1099.99,2026-06-01,181693
181706,"Team Up Theme Deck - ""Torrential Cannon"" [Blastoise]",SM - Team Up,67.55,2026-08-27,181706
181705,"Team Up Theme Deck - ""Relentless Flame"" [Charizard]",SM - Team Up,75.76,2026-08-27,181705
276584,Team Up Sleeved Booster Pack Art Bundle [Set of 4],SM - Team Up,1307.5,2026-08-27,276584
524330,Team Up Sleeved Booster Pack,SM - Team Up,328.72,2026-08-27,524330
181703,Team Up Single Pack Blister [Pikachu],SM - Team Up,459.84,2026-08-27,181703
181702,Team Up Single Pack Blister [Mimikyu],SM - Team Up,366.3,2026-08-27,181702
183975,Team Up Prerelease Kit,SM - Team Up,1174.99,2026-08-27,183975
624522,Team Up Premium Checklane Blister [Raichu],SM - Team Up,750,2026-08-27,624522
624521,Team Up Premium Checklane Blister [Gyarados],SM - Team Up,750,2026-08-27,624521
181704,Team Up Elite Trainer Box,SM - Team Up,4000,2026-08-27,181704
267044,Team Up Booster Pack Art Bundle [Set of 4],SM - Team Up,1000,2026-08-27,267044
181699,Team Up Booster Pack,SM - Team Up,288.49,2026-08-27,181699
181698,Team Up Booster Box,SM - Team Up,11725,2026-08-27,181698
690691,Team Up - Mini Booster Pack,SM - Team Up,52.79,2026-08-27,690691
185259,TAG TEAM Tin [Set of 3],SM - Team Up,2199.95,2026-08-27,185259
185258,TAG TEAM Tin [Pikachu & Zekrom GX],SM - Team Up,701,2026-08-27,185258
185257,TAG TEAM Tin [Eevee & Snorlax GX],SM - Team Up,660.67,2026-08-27,185257
185256,TAG TEAM Tin [Celebi & Venusaur GX],SM - Team Up,600.99,2026-08-27,185256
595411,TAG TEAM Tin Case,SM - Team Up,5399.95,2026-08-27,595411
185246,Melmetal GX Box,SM - Team Up,950,2026-08-27,185246
181710,Vaporeon GX Special Collection,SM - Lost Thunder,330,2026-05-27,181710
177528,"Lost Thunder Theme Deck - ""Storm Caller"" [Raikou]",SM - Lost Thunder,28.99,2026-07-31,177528
177527,"Lost Thunder Theme Deck - ""Blazing Volcano"" [Entei]",SM - Lost Thunder,35,2026-08-27,177527
276583,Lost Thunder Sleeved Booster Pack Art Bundle [Set of 4],SM - Lost Thunder,199.99,2026-07-10,276583
177907,Lost Thunder Single Pack Blister [Rowlett],SM - Lost Thunder,60,2026-07-16,177907
175511,Lost Thunder Elite Trainer Box,SM - Lost Thunder,681.55,2026-08-27,175511
179423,Lost Thunder Build & Battle Box,SM - Lost Thunder,182.31,2026-08-27,179423
267043,Lost Thunder Booster Pack Art Bundle [Set of 4],SM - Lost Thunder,199.48,2026-08-27,267043
175510,Lost Thunder Booster Pack,SM - Lost Thunder,58.47,2026-08-27,175510
175509,Lost Thunder Booster Box,SM - Lost Thunder,1475.46,2026-08-27,175509
177904,Lost Thunder 3 Pack Blister [Altaria],SM - Lost Thunder,210,2026-08-27,177904
181709,Jolteon GX Special Collection,SM - Lost Thunder,240,2026-04-02,181709
181707,Island Guardians GX Premium Pin Collection,SM - Lost Thunder,370,2026-04-27,181707
177864,Island Guardians GX Premium Collection,SM - Lost Thunder,370.96,2026-01-22,177864
180518,Fall 2018 Collector Chest,SM - Lost Thunder,172.99,2026-03-09,180518
179033,Legends of Unova GX Premium Collection,Dragon Majesty,345,2026-03-26,179033
175560,Dragon Majesty Super-Premium Collection,Dragon Majesty,1699.99,2026-08-27,175560
180522,Dragon Majesty Special Collection: Salamence GX,Dragon Majesty,414.98,2026-06-01,180522
175062,Dragon Majesty Pin Collection [Latias],Dragon Majesty,399,2026-08-27,175062
173393,Dragon Majesty Elite Trainer Box,Dragon Majesty,1256.49,2026-08-27,173393
173392,Dragon Majesty Booster Pack,Dragon Majesty,102.93,2026-08-27,173392
175559,Lunala GX Box,SM - Celestial Storm,289.85,2026-08-27,175559
175557,Evolution Celebration Tin [Sylveon GX],SM - Celestial Storm,148.24,2026-08-27,175557
175562,Evolution Celebration Tin [Set of 3],SM - Celestial Storm,324.99,2026-04-02,175562
175556,Evolution Celebration Tin [Leafeon GX],SM - Celestial Storm,148.31,2026-08-27,175556
175555,Evolution Celebration Tin [Glaceon GX],SM - Celestial Storm,144.87,2026-08-27,175555
170278,"Celestial Storm Theme Deck - ""Leaf Charge"" [Sceptile]",SM - Celestial Storm,46.99,2026-08-27,170278
170279,"Celestial Storm Theme Deck - ""Hydro Fury"" [Swampert]",SM - Celestial Storm,50.91,2026-08-27,170279
276582,Celestial Storm Sleeved Booster Pack Art Bundle [Set of 4],SM - Celestial Storm,350,2026-07-21,276582
177899,Celestial Storm Single Pack Blister [Tapu Fini],SM - Celestial Storm,90.98,2026-08-27,177899
177898,Celestial Storm Single Pack Blister [Tapu Bulu],SM - Celestial Storm,89.99,2026-08-27,177898
170277,Celestial Storm Elite Trainer Box,SM - Celestial Storm,2091.3,2026-08-27,170277
170280,Celestial Storm Build & Battle Box,SM - Celestial Storm,258,2026-08-27,170280
267042,Celestial Storm Booster Pack Art Bundle [Set of 4],SM - Celestial Storm,289.5,2026-08-27,267042
170274,Celestial Storm Booster Pack,SM - Celestial Storm,61.04,2026-08-27,170274
170273,Celestial Storm Booster Box,SM - Celestial Storm,2463.87,2026-08-27,170273
170275,Celestial Storm 3 Pack Booster Blister [Tapu Koko],SM - Celestial Storm,159.95,2026-08-27,170275
175553,Battle Arena Deck [Mega Blastoise],SM - Celestial Storm,295.99,2026-08-27,175553
696638,2025 World Championship Deck: Yuyu Okita (JP Raging Bolt),World Championship Decks,23.56,2026-08-27,696638
696636,2025 World Championship Deck: Riley McKay (Flutter Devo Gardevoir),World Championship Decks,27.01,2026-08-27,696636
696637,2025 World Championship Deck: Liao Fu Guan (Joltdengo),World Championship Decks,24.92,2026-08-27,696637
696639,2025 World Championship Deck: Jose Cruz Galindo-Resendiz (Pult Bomb),World Championship Decks,24.52,2026-08-27,696639
696640,2025 World Championship Deck Display,World Championship Decks,114.9,2026-08-27,696640
616301,2024 World Championship Deck: Sakuya Ota (Ancient Toolbox),World Championship Decks,14.24,2026-08-27,616301
616302,2024 World Championship Deck: Jesse Parker (The 'Don),World Championship Decks,20.94,2026-08-27,616302
616299,2024 World Championship Deck: Fernando Cifuentes (Crushing Thorn),World Championship Decks,16.51,2026-08-27,616299
616300,2024 World Championship Deck: Evan Pavelski (Regidrago VSTAR),World Championship Decks,19.96,2026-08-27,616300
532029,2023 World Championship Deck: Vance Kelley (Mew's Revenge),World Championship Decks,35.71,2026-08-27,532029
532030,2023 World Championship Deck: Tord Reklev (Psychic Elegance),World Championship Decks,18.65,2026-08-27,532030
532031,2023 World Championship Deck: Shao Tong Yen (Lost Box Kyogre),World Championship Decks,22.93,2026-08-27,532031
532028,2023 World Championship Deck: Gabriel Fernandez (Colorless Lugia),World Championship Decks,33.83,2026-08-27,532028
532027,2023 World Championship Deck [Set of 4],World Championship Decks,78.94,2026-08-27,532027
475659,2022 World Championship Deck: Sebastian Lashmet (Cheryl Again),World Championship Decks,18.43,2026-08-27,475659
475658,2022 World Championship Deck: Rikuto Ohashi (Ice Rider Palkia),World Championship Decks,18.65,2026-08-27,475658
475657,2022 World Championship Deck: Ondrej Skubal (ADP),World Championship Decks,34.01,2026-08-27,475657
475656,2022 World Championship Deck: Andre Chiasson (The Shape of Mew),World Championship Decks,29.05,2026-08-27,475656
477232,2022 World Championship Deck [Set of 4],World Championship Decks,98.13,2026-08-27,477232
200136,2019 World Championship Deck: Shintaro Ito (Mind Blown),World Championship Decks,78.99,2026-03-30,200136
200137,2019 World Championship Deck: Kaya Lichtleitner (Fire Box),World Championship Decks,94.95,2026-08-27,200137
200138,2019 World Championship Deck: Haruki Miyamoto (Pikarom Judge),World Championship Decks,99.97,2026-08-27,200138
175266,2017 World Championship Deck: Zachary Bokhari (Ice Path FTW),World Championship Decks,56.99,2026-08-27,175266
175265,2017 World Championship Deck: Naoto Suzuki (Golisodor),World Championship Decks,37,2026-08-27,175265
175268,2017 World Championship Deck: Kabu Fukase (Samurai Sniper),World Championship Decks,32.36,2026-08-27,175268
175267,2017 World Championship Deck: Diego Cassiraga (Infinite Force),World Championship Decks,61.96,2026-08-27,175267
170459,2016 World Championship Deck: Shunto Sadahiro (Black Dragon),World Championship Decks,69.95,2026-02-13,170459
170456,2016 World Championship Deck: Shintaro Ito (Magical Symphony),World Championship Decks,79.95,2026-02-15,170456
170458,2016 World Championship Deck: Jesper Eriksen (Bebe Deck),World Championship Decks,25,2026-03-30,170458
170457,2016 World Championship Deck: Cody Walinski (Ninja Blitz),World Championship Decks,99.99,2026-08-27,170457
169414,Forces of Nature GX Premium Collection,SM - Forbidden Light,265,2026-08-27,169414
164306,"Forbidden Light Theme Deck - ""Twilight Rogue"" [Lycanroc]",SM - Forbidden Light,24.95,2026-08-27,164306
164305,"Forbidden Light Theme Deck - ""Tropical Takedown"" [Alolan Exeggutor]",SM - Forbidden Light,22.75,2026-08-27,164305
164300,Forbidden Light Sleeved Booster Pack,SM - Forbidden Light,59.99,2026-01-25,164300
164302,Forbidden Light Single Pack Blister [Rockruff],SM - Forbidden Light,65,2026-08-27,164302
164301,Forbidden Light Single Pack Blister [Exeggcute],SM - Forbidden Light,72,2026-08-27,164301
166413,Forbidden Light Prerelease Kit,SM - Forbidden Light,159.32,2026-08-27,166413
164303,Forbidden Light Elite Trainer Box,SM - Forbidden Light,685.41,2026-08-27,164303
267041,Forbidden Light Booster Pack Art Bundle [Set of 4],SM - Forbidden Light,139.68,2026-08-27,267041
164297,Forbidden Light Booster Pack,SM - Forbidden Light,45.62,2026-08-27,164297
164296,Forbidden Light Booster Box,SM - Forbidden Light,1647.98,2026-08-27,164296
641117,Forbidden Light 3-Card Booster Pack,SM - Forbidden Light,10.3,2026-08-27,641117
164315,Dusk Mane Necrozma Premium Collection,SM - Forbidden Light,289.99,2026-08-27,164315
246415,Dusk Mane Necrozma Box,SM - Forbidden Light,169,2026-08-27,246415
164314,Dawn Wings Necrozma Premium Collection,SM - Forbidden Light,239.99,2026-08-27,164314
246414,Dawn Wings Necrozma Box,SM - Forbidden Light,167.5,2026-08-27,246414
253837,Sun & Moon Trainer Kit: Alolan Sandslash & Alolan Ninetales Display,SM Trainer Kit: Alolan Sandslash & Alolan Ninetales,220,2026-08-27,253837
162111,Sun & Moon Trainer Kit: Alolan Sandslash & Alolan Ninetales,SM Trainer Kit: Alolan Sandslash & Alolan Ninetales,60.72,2026-08-27,162111
155665,"Ultra Prism Theme Deck - ""Mach Strike"" [Garchomp]",SM - Ultra Prism,39.33,2026-08-27,155665
155666,"Ultra Prism Theme Deck - ""Imperial Command"" [Empoleon]",SM - Ultra Prism,39.95,2026-08-27,155666
162040,Ultra Prism Single Pack Blister [Kirlia],SM - Ultra Prism,86.48,2026-08-27,162040
162039,Ultra Prism Single Pack Blister [Alolan Sandshrew],SM - Ultra Prism,80,2026-08-27,162039
158254,Ultra Prism Prerelease Kit,SM - Ultra Prism,344.99,2026-08-27,158254
155664,Ultra Prism Elite Trainer Box [Dusk Mane Necrozma],SM - Ultra Prism,728.97,2026-08-27,155664
155663,Ultra Prism Elite Trainer Box [Dawn Wings Necrozma],SM - Ultra Prism,711.99,2026-08-27,155663
267040,Ultra Prism Booster Pack Art Bundle [Set of 4],SM - Ultra Prism,199.99,2026-08-27,267040
155662,Ultra Prism Booster Pack,SM - Ultra Prism,46.87,2026-08-27,155662
155661,Ultra Prism Booster Box,SM - Ultra Prism,1462.5,2026-08-27,155661
232314,Ultra Prism 3 Pack Hanger Box,SM - Ultra Prism,139.98,2026-08-27,232314
162038,Ultra Prism 3 Pack Blister [Porygon-Z],SM - Ultra Prism,141.46,2026-08-27,162038
162037,Ultra Prism 3 Pack Blister [Alolan Vulpix],SM - Ultra Prism,152.49,2026-08-27,162037
162044,Spring 2018 Collector's Chest Tin,SM - Ultra Prism,250,2026-06-26,162044
162045,Necrozma Prism Tin [Dusk Mane Necrozma GX],SM - Ultra Prism,224.99,2026-08-27,162045
164232,Legends of Johto GX Premium Collection Box,SM - Ultra Prism,324.93,2026-08-27,164232
186105,Charmander Sidekick Collection,SM - Ultra Prism,250,2026-08-27,186105
149375,Ultra Beasts GX Premium Collection [Pheromosa GX & Celesteela GX],SM - Crimson Invasion,389.49,2026-08-27,149375
149376,Ultra Beasts GX Premium Collection [Buzzwole GX & Xurkitree GX],SM - Crimson Invasion,275,2026-08-27,149376
152601,Silvally Figure Collection,SM - Crimson Invasion,265.99,2026-08-27,152601
152598,Shiny Silvally GX Box,SM - Crimson Invasion,68,2026-08-19,152598
166409,Pikachu Sidekick Collection,SM - Crimson Invasion,201.25,2026-08-27,166409
166410,Mimikyu Sidekick Collection,SM - Crimson Invasion,166.15,2026-08-27,166410
152602,Marshadow Figure Collection,SM - Crimson Invasion,249.98,2026-06-03,152602
149380,"Crimson Invasion Theme Deck - ""Destruction Fang"" [Hydreigon]",SM - Crimson Invasion,29.73,2026-08-27,149380
149379,"Crimson Invasion Theme Deck - ""Clanging Thunder"" [Kommo-o]",SM - Crimson Invasion,31.97,2026-08-27,149379
276580,Crimson Invasion Sleeved Booster Pack Art Bundle [Set of 4],SM - Crimson Invasion,70.33,2026-08-27,276580
177874,Crimson Invasion Single Pack Blister [Golisopod],SM - Crimson Invasion,33.16,2026-08-27,177874
177875,Crimson Invasion Single Pack Blister [Dhelmise],SM - Crimson Invasion,34.13,2026-08-27,177875
153081,Crimson Invasion Prerelease Kit,SM - Crimson Invasion,95.98,2026-08-27,153081
149377,Crimson Invasion Elite Trainer Box,SM - Crimson Invasion,218.27,2026-08-27,149377
267039,Crimson Invasion Booster Pack Art Bundle [Set of 4],SM - Crimson Invasion,149.95,2026-08-27,267039
146996,Crimson Invasion Booster Pack,SM - Crimson Invasion,18.91,2026-08-27,146996
146995,Crimson Invasion Booster Box,SM - Crimson Invasion,669.64,2026-08-27,146995
177873,Crimson Invasion 3 Pack Blister [Lucario],SM - Crimson Invasion,54.7,2026-08-27,177873
177872,Crimson Invasion 3 Pack Blister [Decidueye],SM - Crimson Invasion,55.74,2026-08-27,177872
148412,Shining Legends Super-Premium Collection [Ho-Oh GX],Shining Legends,1280,2026-08-27,148412
149378,Shining Legends Special Collection: Zoroark GX,Shining Legends,499.99,2026-08-27,149378
155062,Shining Legends Special Collection: Raichu GX,Shining Legends,442.98,2026-08-27,155062
209439,Shining Legends Premium Powers Collection,Shining Legends,999.99,2026-08-27,209439
154717,Shining Legends Pin Collection: Zoroark,Shining Legends,380,2026-08-27,154717
145849,Shining Legends Pin Collection: Pikachu,Shining Legends,309.46,2026-08-27,145849
145848,Shining Legends Pin Collection: Mewtwo,Shining Legends,407.97,2026-08-27,145848
155596,Shining Legends Pin Collection: Marshadow,Shining Legends,327.49,2026-08-27,155596
161257,Shining Legends Figure Collection: Shiny Darkrai GX,Shining Legends,385.99,2026-06-01,161257
145847,Shining Legends Elite Trainer Box,Shining Legends,1016.29,2026-08-27,145847
152603,Shining Legends Collector Chest,Shining Legends,684.99,2026-08-27,152603
600514,Shining Legends Collection: Shiny Darkrai GX,Shining Legends,399.99,2026-08-27,600514
155880,Shining Legends Booster Pack,Shining Legends,107.59,2026-08-27,155880
141243,Tsareena GX Box,SM - Burning Shadows,199.98,2026-08-27,141243
148417,Team Skull Pin Collection,SM - Burning Shadows,210,2026-08-27,148417
133775,Tapu Lele Pin Collection,SM - Burning Shadows,48.59,2026-02-22,133775
148419,Mysterious Powers Tin [Necrozma GX],SM - Burning Shadows,126.74,2026-08-27,148419
148420,Mysterious Powers Tin [Marshadow GX],SM - Burning Shadows,99.9,2026-07-24,148420
148418,Mysterious Powers Tin [Ho-Oh GX],SM - Burning Shadows,115.71,2026-08-27,148418
218321,Lycanroc GX Challenge Box,SM - Burning Shadows,80,2026-06-28,218321
153454,Kommo-o GX Box,SM - Burning Shadows,121.98,2026-08-27,153454
133777,"Burning Shadows Theme Deck - ""Rock Steady"" [Lycanroc]",SM - Burning Shadows,13.28,2026-08-27,133777
133778,"Burning Shadows Theme Deck - ""Luminous Frost"" [Alolan Ninetales]",SM - Burning Shadows,21.29,2026-08-27,133778
276579,Burning Shadows Sleeved Booster Pack Art Bundle [Set of 4],SM - Burning Shadows,120,2026-08-10,276579
550677,Burning Shadows Sleeved Booster Pack,SM - Burning Shadows,36,2026-08-27,550677
136598,Burning Shadows Single Pack Blister [Komala],SM - Burning Shadows,42,2026-08-27,136598
136597,Burning Shadows Single Pack Blister [Jangmo-o],SM - Burning Shadows,40,2026-08-27,136597
139888,Burning Shadows Prerelease Kit,SM - Burning Shadows,299.97,2026-08-27,139888
133776,Burning Shadows Elite Trainer Box,SM - Burning Shadows,323.35,2026-08-27,133776
267038,Burning Shadows Booster Pack Art Bundle [Set of 4],SM - Burning Shadows,132.48,2026-08-27,267038
133774,Burning Shadows Booster Pack,SM - Burning Shadows,32.63,2026-08-27,133774
133773,Burning Shadows Booster Box,SM - Burning Shadows,1225.99,2026-08-27,133773
136600,Burning Shadows 3 Pack Blister [Cosmog],SM - Burning Shadows,120,2026-08-27,136600
136599,Burning Shadows 3 Pack Blister [Alolan Meowth],SM - Burning Shadows,120,2026-08-27,136599
155504,Alolan Raichu Figure Collection,SM - Burning Shadows,160.99,2026-03-10,155504
218320,Alolan Ninetales GX Challenge Box,SM - Burning Shadows,97,2026-08-27,218320
137524,Umbreon GX Premium Collection,SM - Guardians Rising,812.5,2026-08-27,137524
177870,Triple Effect Tin [Vaporeon],SM - Guardians Rising,245,2026-08-08,177870
177869,Triple Effect Tin [Jolteon],SM - Guardians Rising,300,2026-08-27,177869
177868,Triple Effect Tin [Flareon],SM - Guardians Rising,300,2026-08-27,177868
132237,Tapu Koko Pin Collection,SM - Guardians Rising,73.5,2026-08-27,132237
131734,Tapu Koko Figure Collection,SM - Guardians Rising,109,2026-08-27,131734
218327,Solgaleo GX Challenge Box,SM - Guardians Rising,133.9,2026-03-13,218327
137872,Shiny Tapu Koko GX Box,SM - Guardians Rising,120,2026-06-06,137872
133805,Primarina GX Premium Collection,SM - Guardians Rising,337.99,2026-08-27,133805
133808,Mega Tyranitar EX Premium Collection,SM - Guardians Rising,249.99,2026-02-10,133808
131693,Mega Powers Collection,SM - Guardians Rising,1098.79,2026-08-24,131693
133812,Legendary Battle Decks [Lugia],SM - Guardians Rising,46.38,2026-08-27,133812
133811,Legendary Battle Decks [Ho-Oh],SM - Guardians Rising,38.83,2026-08-27,133811
131725,Island Guardians Tin [Tapu Koko GX],SM - Guardians Rising,175,2026-08-27,131725
131726,Island Guardians Tin [Tapu Bulu GX],SM - Guardians Rising,115,2026-08-27,131726
133807,Incineroar GX Premium Collection,SM - Guardians Rising,230,2026-03-06,133807
129892,"Guardians Rising Theme Deck - ""Steel Sun"" [Solgaleo]",SM - Guardians Rising,19.46,2026-08-27,129892
129891,"Guardians Rising Theme Deck - ""Hidden Moon"" [Lunala]",SM - Guardians Rising,26.76,2026-08-27,129891
276578,Guardians Rising Sleeved Booster Pack Art Bundle [Set of 4],SM - Guardians Rising,136,2026-08-27,276578
616825,Guardians Rising Sleeved Booster Pack,SM - Guardians Rising,35.85,2026-08-27,616825
184342,Guardians Rising Single Pack Blister [Tsareena],SM - Guardians Rising,31.07,2026-08-27,184342
184341,Guardians Rising Single Pack Blister [Lurantis],SM - Guardians Rising,38.68,2026-08-27,184341
242963,Guardians Rising Single Pack Blister [Crobat],SM - Guardians Rising,34.95,2026-04-29,242963
242964,Guardians Rising Single Pack Blister [Alolan Persian],SM - Guardians Rising,34.95,2026-08-14,242964
131273,Guardians Rising Prerelease Kit,SM - Guardians Rising,345.5,2026-08-27,131273
129890,Guardians Rising Elite Trainer Box,SM - Guardians Rising,421.79,2026-08-27,129890
267037,Guardians Rising Booster Pack Art Bundle [Set of 4],SM - Guardians Rising,184.96,2026-08-27,267037
129889,Guardians Rising Booster Pack,SM - Guardians Rising,34.6,2026-08-27,129889
129888,Guardians Rising Booster Box,SM - Guardians Rising,1824.5,2026-08-27,129888
184339,Guardians Rising 3 Pack Blister [Vikavolt],SM - Guardians Rising,83.99,2026-02-20,184339
184340,Guardians Rising 3 Pack Blister [Turtonator],SM - Guardians Rising,88.74,2026-08-27,184340
137523,Espeon GX Premium Collection,SM - Guardians Rising,455,2026-08-27,137523
132238,Bewear GX Box,SM - Guardians Rising,277.97,2026-08-27,132238
133810,Battle Arena Decks: Black Kyurem EX vs White Kyurem EX,SM - Guardians Rising,49.96,2026-08-27,133810
152815,Sun & Moon Trainer Kit: Lycanroc & Alolan Raichu,SM Trainer Kit: Lycanroc & Alolan Raichu,13.53,2026-08-27,152815
455776,Zygarde Complete Forme Pin Collection,SM Base Set,150,2026-08-25,455776
656996,Sun & Moon GX Challenge Box [Primarina],SM Base Set,119,2026-08-27,656996
244313,Sun & Moon GX Challenge Box [Incineroar],SM Base Set,95.97,2026-08-27,244313
244314,Sun & Moon GX Challenge Box [Decidueye],SM Base Set,150,2026-08-27,244314
126089,Sun & Moon Elite Trainer Box [Solgaleo],SM Base Set,246.89,2026-08-27,126089
126091,Sun & Moon Elite Trainer Box [Lunala],SM Base Set,248.98,2026-08-27,126091
243052,Sun & Moon Elite Trainer Box Case,SM Base Set,2999.99,2026-08-27,243052
267036,Sun & Moon Booster Pack Art Bundle [Set of 5],SM Base Set,135.99,2026-08-27,267036
129385,Sun & Moon Booster Pack,SM Base Set,21.95,2026-08-27,129385
126048,Sun & Moon Booster Box,SM Base Set,957.18,2026-08-27,126048
126173,"Sun & Moon Base Set Theme Deck - ""Roaring Heat"" [Incineroar]",SM Base Set,23.44,2026-08-27,126173
126172,"Sun & Moon Base Set Theme Deck - ""Forest Shadow"" [Decidueye]",SM Base Set,17.14,2026-08-27,126172
126174,"Sun & Moon Base Set Theme Deck - ""Bright Tide"" [Primarina]",SM Base Set,20.21,2026-08-27,126174
126052,Sun & Moon Base Set 3 Pack Blister [Togedemaru],SM Base Set,121.99,2026-08-27,126052
126054,Sun & Moon Base Set 3 Pack Blister [Litten],SM Base Set,66.67,2026-08-27,126054
267958,Spring 2017 Collector's Chest Tin,SM Base Set,230.99,2026-08-27,267958
131870,Scizor EX Box,SM Base Set,249.95,2026-08-27,131870
656924,Primarina GX Challenge Box,SM Base Set,125,2026-05-27,656924
129895,Mimikyu Pin Collection,SM Base Set,159.99,2026-08-27,129895
131865,Lycanroc GX Box,SM Base Set,139.99,2026-07-01,131865
129309,Legends of Alola Tin [Solgaleo GX],SM Base Set,159.99,2026-08-27,129309
129310,Legends of Alola Tin [Lunala GX],SM Base Set,155,2026-08-27,129310
148381,Legacy Evolution Pin Collection,SM Base Set,260,2026-08-27,148381
131867,Kingdra EX Box,SM Base Set,150,2026-02-26,131867
209655,Incineroar GX Challenge Box,SM Base Set,75,2026-05-08,209655
230425,Decidueye GX Challenge Box,SM Base Set,68,2026-08-27,230425
603423,XY Evolutions Single Pack Blister [Weezing],XY - Evolutions,94.71,2026-08-27,603423
603422,XY Evolutions Single Pack Blister [Greninja],XY - Evolutions,125.28,2026-08-27,603422
125741,XY Evolutions Prerelease Kit,XY - Evolutions,925,2026-08-27,125741
123447,XY Evolutions Elite Trainer Box [Mega Charizard Y],XY - Evolutions,811.14,2026-08-27,123447
123448,XY Evolutions Elite Trainer Box [Mega Blastoise],XY - Evolutions,628.01,2026-08-27,123448
226363,XY Evolutions Booster Box Case,XY - Evolutions,14888.88,2026-08-27,226363
123446,XY Evolutions Booster Box,XY - Evolutions,2521.87,2026-08-27,123446
272648,XY - Evolutions Sleeved Booster Pack,XY - Evolutions,94.97,2026-08-27,272648
125736,Snorlax GX Box,XY - Evolutions,349.98,2026-08-27,125736
127180,Mythical Collection [Volcanion],XY - Evolutions,357.58,2026-08-27,127180
127179,Mythical Collection [Magearna],XY - Evolutions,799.99,2026-08-27,127179
125735,Mewtwo EX Box,XY - Evolutions,379.98,2026-08-27,125735
222988,Kanto Power Collection [Mewtwo EX/Slowbro EX],XY - Evolutions,564.4,2026-08-27,222988
222989,Kanto Power Collection [Dragonite EX/Pidgeot EX],XY - Evolutions,533.9,2026-08-27,222989
125732,Kangaskhan EX Box,XY - Evolutions,345,2026-06-16,125732
125733,Gengar EX Box,XY - Evolutions,472.5,2026-08-27,125733
123449,"Evolutions Theme Deck - ""Pikachu Power"" [Pikachu]",XY - Evolutions,39.43,2026-08-27,123449
123450,"Evolutions Theme Deck - ""Mewtwo Mayhem"" [Mewtwo]",XY - Evolutions,49.53,2026-08-27,123450
686507,Evolutions Mini Pack,XY - Evolutions,30,2026-08-27,686507
272649,Evolutions Booster Pack Art Bundle [Set of 4],XY - Evolutions,229.58,2026-08-27,272649
129907,Evolutions Booster Pack,XY - Evolutions,64.78,2026-08-27,129907
125734,Dragonite EX Box,XY - Evolutions,278.91,2026-08-27,125734
125731,Charizard EX Box,XY - Evolutions,339.98,2026-08-27,125731
126570,BREAK Evolution Box [Arcanine],XY - Evolutions,449.99,2026-08-27,126570
125739,Alola Collection [Solgaleo],XY - Evolutions,401.99,2026-08-27,125739
125740,Alola Collection [Lunala],XY - Evolutions,249,2026-08-27,125740
268448,XY Steam Siege Sleeved Booster Pack,XY - Steam Siege,34.44,2026-08-27,268448
120699,"Steam Siege Theme Deck - ""Ring of Lightning"" [Hoopa]",XY - Steam Siege,22.46,2026-08-27,120699
120698,"Steam Siege Theme Deck - ""Gears of Fire"" [Volcanion]",XY - Steam Siege,19.69,2026-08-27,120698
276599,Steam Siege Sleeved Booster Pack Art Bundle [Set of 4],XY - Steam Siege,142.49,2026-08-27,276599
120702,Steam Siege Single Pack Blister [Lucario],XY - Steam Siege,63.73,2026-08-27,120702
120703,Steam Siege Single Pack Blister [Floette],XY - Steam Siege,35.51,2026-08-27,120703
121393,Steam Siege Prerelease Kit,XY - Steam Siege,160.32,2026-08-27,121393
120697,Steam Siege Elite Trainer Box,XY - Steam Siege,1800,2026-08-27,120697
130013,Steam Siege Booster Pack,XY - Steam Siege,29.84,2026-08-27,130013
120076,Steam Siege Booster Box,XY - Steam Siege,1177.49,2026-08-27,120076
120705,Steam Siege 3 Pack Blister [Rayquaza],XY - Steam Siege,300,2026-08-27,120705
177529,Mega Gyarados Collection Box,XY - Steam Siege,523,2026-08-27,177529
177157,Legendary Battle Decks [Zapdos],XY - Steam Siege,70.99,2026-08-27,177157
177156,Legendary Battle Decks [Moltres],XY - Steam Siege,94.95,2026-08-27,177156
177155,Legendary Battle Decks [Articuno],XY - Steam Siege,103.96,2026-05-27,177155
693146,Hoopa EX Challenge Box,XY - Steam Siege,69,2026-08-27,693146
123442,Battle Heart Tin [Volcanion EX],XY - Steam Siege,218.12,2026-08-27,123442
123441,Battle Heart Tin [Pikachu EX],XY - Steam Siege,223.74,2026-08-27,123441
123440,Battle Heart Tin [Magearna EX],XY - Steam Siege,206.24,2026-08-27,123440
123439,Battle Arena Decks: Keldeo EX vs Rayquaza EX,XY - Steam Siege,147.26,2026-08-27,123439
168114,XY Fates Collide Booster Pack,XY - Fates Collide,43.83,2026-08-27,168114
117478,XY Fates Collide Booster Box,XY - Fates Collide,2754.99,2026-08-27,117478
504700,XY - Fates Collide Sleeved Booster Pack [Zygarde],XY - Fates Collide,52.8,2026-08-27,504700
504697,XY - Fates Collide Sleeved Booster Pack [Mega Alakazam],XY - Fates Collide,55.37,2026-08-27,504697
504699,XY - Fates Collide Sleeved Booster Pack [Lugia BREAK],XY - Fates Collide,49.3,2026-08-27,504699
504698,XY - Fates Collide Sleeved Booster Pack [Delphox BREAK],XY - Fates Collide,47.5,2026-08-27,504698
118335,Mega Mawile EX Premium Collection,XY - Fates Collide,349.99,2026-03-10,118335
117479,"Fates Collide Theme Deck - ""Sky Guardian"" [Lugia]",XY - Fates Collide,74.12,2026-08-27,117479
117480,"Fates Collide Theme Deck - ""Battle Ruler"" [Zygarde]",XY - Fates Collide,24.49,2026-08-27,117480
276598,Fates Collide Sleeved Booster Pack Art Bundle [Set of 4],XY - Fates Collide,191.9,2026-08-27,276598
118337,Fates Collide Single Pack Blister [Pansear],XY - Fates Collide,95.99,2026-08-27,118337
118338,Fates Collide Single Pack Blister [Gastly],XY - Fates Collide,111.99,2026-08-27,118338
118334,Fates Collide Prerelease Kit,XY - Fates Collide,209.3,2026-08-27,118334
118331,Fates Collide Elite Trainer Box,XY - Fates Collide,753.97,2026-07-29,118331
118336,Ash-Greninja EX Box,XY - Fates Collide,349.99,2026-06-20,118336
118797,XY Trainer Kit: Pikachu Libre & Suicune,XY Trainer Kit: Pikachu Libre & Suicune,99.99,2026-04-04,118797
147223,Super-Premium Collection [Mew & Mewtwo],Generations,4697.97,2026-08-27,147223
120700,Red & Blue Collection [Venusaur EX],Generations,999.99,2026-03-07,120700
123432,Red & Blue Collection [Pikachu EX],Generations,2522,2026-08-27,123432
115598,Red & Blue Collection [Charizard EX],Generations,1002.71,2026-08-27,115598
118795,Red & Blue Collection [Blastoise EX],Generations,1189.63,2026-08-27,118795
123433,Mythical Pokemon Collection Box [Victini],Generations,396.65,2026-08-27,123433
120114,Mythical Pokemon Collection Box [Shaymin],Generations,600,2026-08-27,120114
113774,Mythical Pokemon Collection Box [Mew],Generations,658.75,2026-08-27,113774
126568,Mythical Pokemon Collection Box [Meloetta],Generations,402.11,2026-08-27,126568
118796,Mythical Pokemon Collection Box [Manaphy],Generations,555,2026-08-27,118796
123740,Mythical Pokemon Collection Box [Keldeo],Generations,384.83,2026-08-27,123740
116999,Mythical Pokemon Collection Box [Jirachi],Generations,515.25,2026-08-27,116999
126569,Mythical Pokemon Collection Box [Genesect],Generations,427.5,2026-08-27,126569
118342,Mythical Pokemon Collection Box [Darkrai],Generations,492.6,2026-08-27,118342
114525,Mythical Pokemon Collection Box [Celebi],Generations,543.33,2026-08-27,114525
121363,Mythical Pokemon Collection Box [Arceus],Generations,439.96,2026-08-27,121363
123741,Generations Elite Trainer Box,Generations,2999.19,2026-08-27,123741
187238,Generations Booster Pack,Generations,296.7,2026-08-27,187238
111280,XY BREAKpoint Elite Trainer Box,XY - BREAKpoint,1099.99,2026-08-27,111280
111279,XY BREAKpoint Booster Pack,XY - BREAKpoint,45.97,2026-08-27,111279
542096,XY - BREAKpoint Sleeved Booster Pack,XY - BREAKpoint,51.16,2026-08-27,542096
117700,Triple Power Tin [Shiny Gyarados EX],XY - BREAKpoint,397.97,2026-08-27,117700
113530,"BREAKpoint Theme Deck - ""Wave Slasher"" [Greninja]",XY - BREAKpoint,48,2026-08-27,113530
113531,"BREAKpoint Theme Deck - ""Electric Eye"" [Luxray]",XY - BREAKpoint,49.95,2026-06-11,113531
276597,BREAKpoint Sleeved Booster Pack Art Bundle [Set of 4],XY - BREAKpoint,174.58,2026-08-27,276597
117271,BREAKpoint Single Pack Blister [Pikachu],XY - BREAKpoint,399.99,2026-08-27,117271
117270,BREAKpoint Single Pack Blister [Hydreigon],XY - BREAKpoint,40,2026-07-17,117270
531444,BREAKpoint Booster Pack Art Bundle [Set of 4],XY - BREAKpoint,169.5,2026-08-27,531444
107109,XY BREAKthrough Collector Chest,XY - BREAKthrough,299.99,2026-01-20,107109
107666,XY BREAKthrough Booster Pack,XY - BREAKthrough,60.45,2026-08-27,107666
107101,XY BREAKthrough Booster Box,XY - BREAKthrough,3208.55,2026-08-27,107101
228155,XY 3 Pack Blister [Xerneas],XY - BREAKthrough,160,2026-07-20,228155
107114,Pikachu EX Legendary Collection,XY - BREAKthrough,1799.99,2026-03-17,107114
107119,Mega Mewtwo Collection [Mega Mewtwo Y],XY - BREAKthrough,309.99,2026-01-29,107119
107118,Mega Mewtwo Collection [Mega Mewtwo X],XY - BREAKthrough,499,2026-04-25,107118
107115,Hoopa EX Legendary Collection,XY - BREAKthrough,714.99,2026-07-10,107115
107107,Elite Trainer Box [Mewtwo Y],XY - BREAKthrough,1499,2026-08-27,107107
107106,Elite Trainer Box [Mewtwo X],XY - BREAKthrough,900,2026-06-26,107106
107103,"BREAKthrough Theme Deck - ""Night Striker"" [Noivern]",XY - BREAKthrough,39.87,2026-08-27,107103
107102,"BREAKthrough Theme Deck - ""Burning Spark"" [Raichu]",XY - BREAKthrough,47.48,2026-08-27,107102
276596,BREAKthrough Sleeved Booster Pack Art Bundle [Set of 4],XY - BREAKthrough,500,2026-08-27,276596
108637,BREAKthrough Single Pack Blister [Jirachi],XY - BREAKthrough,125,2026-08-27,108637
117276,BREAKthrough Collector Pin 3 Pack Blister [Mega Swampert],XY - BREAKthrough,199.98,2026-02-03,117276
117275,BREAKthrough Collector Pin 3 Pack Blister [Mega Blaziken],XY - BREAKthrough,249,2026-04-25,117275
531445,BREAKthrough Booster Pack Art Bundle [Set of 4],XY - BREAKthrough,175,2026-08-27,531445
108635,BREAKthrough 3 Pack Blister [Sableye],XY - BREAKthrough,299.99,2026-08-11,108635
117278,Aurorus EX Box,XY - BREAKthrough,399,2026-08-27,117278
100490,XY Ancient Origins Booster Pack,XY - Ancient Origins,136.77,2026-08-27,100490
106211,Powers Beyond Tin [Latios EX],XY - Ancient Origins,549.99,2026-08-27,106211
106213,Powers Beyond Tin [Hoopa EX],XY - Ancient Origins,349.99,2026-08-06,106213
106995,Battle Arena Decks: Mewtwo EX vs Darkrai EX,XY - Ancient Origins,299.99,2026-05-30,106995
100492,"Ancient Origins Theme Deck - ""Stone Heart"" [Regirock]",XY - Ancient Origins,39.97,2026-06-06,100492
100491,"Ancient Origins Theme Deck - ""Iron Tide"" [Metagross]",XY - Ancient Origins,39.99,2026-08-27,100491
276595,Ancient Origins Sleeved Booster Pack Art Bundle [Set of 4],XY - Ancient Origins,599,2026-03-07,276595
100495,Ancient Origins Elite Trainer Box,XY - Ancient Origins,4000,2026-04-25,100495
100493,Ancient Origins 3 Pack Blister [Malamar],XY - Ancient Origins,650,2026-08-27,100493
98028,XY Roaring Skies Elite Trainer Box,XY - Roaring Skies,4899.99,2026-06-13,98028
98026,XY Roaring Skies Booster Box,XY - Roaring Skies,4384.73,2026-08-27,98026
98030,"Roaring Skies Theme Deck - ""Storm Rider"" [Zapdos]",XY - Roaring Skies,50,2026-08-01,98030
98029,"Roaring Skies Theme Deck - ""Aurora Blast"" [Articuno]",XY - Roaring Skies,74.99,2026-08-24,98029
276594,Roaring Skies Sleeved Booster Pack Art Bundle [Set of 4],XY - Roaring Skies,363,2026-08-27,276594
697502,Roaring Skies Sleeved Booster Pack,XY - Roaring Skies,111.21,2026-08-27,697502
129906,Roaring Skies Booster Pack,XY - Roaring Skies,75.67,2026-08-27,129906
100502,Mega Latios Collection,XY - Roaring Skies,584.5,2026-08-27,100502
99151,Mega Absol EX Premium Collection,XY - Roaring Skies,125.5,2026-07-23,99151
100498,Hoenn Power Tin [Swampert],XY - Roaring Skies,379.99,2026-08-06,100498
100496,Hoenn Power Tin [Sceptile],XY - Roaring Skies,650,2026-08-27,100496
100501,Dragonite Collector's Pin 3 Pack Blister,XY - Roaring Skies,309,2026-08-27,100501
98317,XY Trainer Kit: Latias & Latios,XY Trainer Kit: Latias & Latios,79.99,2026-03-26,98317
97764,Double Crisis: Team Magma Blister,Double Crisis,1999,2026-08-27,97764
229226,Double Crisis Booster Pack,Double Crisis,429.89,2026-08-27,229226
97751,XY Primal Clash Booster Pack,XY - Primal Clash,61.87,2026-08-27,97751
97750,XY Primal Clash Booster Box,XY - Primal Clash,3799.99,2026-08-27,97750
546608,XY - Primal Clash Sleeved Booster Pack,XY - Primal Clash,99.43,2026-08-27,546608
97754,Primal Kyogre Collection,XY - Primal Clash,499.99,2026-02-05,97754
97759,Primal Clash Three Pack Blister [Furfrou],XY - Primal Clash,299.99,2026-08-27,97759
97758,Primal Clash Three Pack Blister [Ditto],XY - Primal Clash,583.33,2026-08-27,97758
97752,"Primal Clash Theme Deck - ""Ocean's Core"" [Kyogre]",XY - Primal Clash,89.99,2026-07-10,97752
97753,"Primal Clash Theme Deck - ""Earth's Pulse"" [Groudon]",XY - Primal Clash,69.95,2026-07-10,97753
97756,Legend of Hoenn Tin [Kyogre EX],XY - Primal Clash,555,2026-08-27,97756
97820,Flygon EX Box,XY - Primal Clash,354.97,2026-06-01,97820
94622,XY Phantom Forces Booster Pack,XY - Phantom Forces,222.47,2026-08-27,94622
94624,"Phantom Forces Theme Deck - ""Burning Winds"" [Talonflame]",XY - Phantom Forces,27.08,2026-08-27,94624
94625,"Phantom Forces Theme Deck - ""Bolt Twister"" [Galvantula]",XY - Phantom Forces,28.65,2026-08-27,94625
97785,Phantom Forces 3 Pack Blister [Darkrai],XY - Phantom Forces,1000,2026-08-27,97785
97794,Gallade EX Box,XY - Phantom Forces,547.97,2026-08-24,97794
97767,Mega Charizard Y Collection,XY - Furious Fists,50,2026-04-02,97767
97766,Mega Charizard X Collection,XY - Furious Fists,50,2026-08-25,97766
92218,"Furious Fists Theme Deck - ""Enchanted Echo"" [Sylveon]",XY - Furious Fists,350,2026-08-27,92218
92217,"Furious Fists Theme Deck - ""Dark Hammer"" [Pangoro]",XY - Furious Fists,42.47,2026-08-27,92217
276591,Furious Fists Sleeved Booster Pack Art Bundle [Set of 4],XY - Furious Fists,379.98,2026-08-27,276591
550673,Furious Fists Sleeved Booster Pack,XY - Furious Fists,86.94,2026-08-27,550673
92169,Furious Fists Booster Pack,XY - Furious Fists,75.51,2026-08-27,92169
92168,Furious Fists Booster Box,XY - Furious Fists,4717.5,2026-08-27,92168
97768,Furious Fists 3 Pack Blister [Slurpuff],XY - Furious Fists,230.98,2026-08-27,97768
97773,Furious Fists 2 Pack Blister [Dusknoir],XY - Furious Fists,139.99,2026-08-27,97773
97776,EX Power Trio Tin [Venusaur EX],XY - Furious Fists,321.65,2026-08-27,97776
97777,EX Power Trio Tin [Charizard EX],XY - Furious Fists,375,2026-06-26,97777
97778,EX Power Trio Tin [Blastoise EX],XY - Furious Fists,449.99,2026-08-27,97778
97779,Battle Arena Decks: Xerneas vs Yveltal,XY - Furious Fists,90,2026-08-27,97779
97741,Pyroar Box,XY - Flashfire,399.99,2026-08-27,97741
91597,"Flashfire Theme Deck - ""Mystic Typhoon"" [Meowstic]",XY - Flashfire,39.95,2026-08-27,91597
91596,"Flashfire Theme Deck - ""Brilliant Thunder"" [Heliolisk]",XY - Flashfire,44,2026-08-27,91596
276590,Flashfire Sleeved Booster Pack Art Bundle [Set of 4],XY - Flashfire,699.99,2026-02-12,276590
524332,Flashfire Sleeved Booster Pack,XY - Flashfire,186.41,2026-08-27,524332
91595,Flashfire Booster Pack,XY - Flashfire,161.18,2026-08-27,91595
91602,XY Booster Pack,XY Base Set,125.13,2026-08-27,91602
91601,XY Booster Box,XY Base Set,3728,2026-08-27,91601
91604,"XY Base Set Theme Deck - ""Destruction Rush"" [Yveltal]",XY Base Set,29.98,2026-08-27,91604
562107,XY Base Set Sleeved Booster Pack,XY Base Set,159.99,2026-08-27,562107
97727,Legend of Kalos Tin [Yveltal EX],XY Base Set,550,2026-01-22,97727
97726,Legend of Kalos Tin [Xerneas EX],XY Base Set,800,2026-08-27,97726
97715,Kalos Starter Figure Box [Froakie Box],XY Base Set,999.99,2026-08-23,97715
97714,Kalos Starter Figure Box [Fennekin Box],XY Base Set,999.99,2026-08-23,97714
97713,Kalos Starter Figure Box [Chespin Box],XY Base Set,999.99,2026-08-23,97713
97729,Garchomp EX Box,XY Base Set,599.99,2026-08-27,97729
645311,Collector's Pin Three Pack Blisters (Froakie),XY Base Set,29.99,2026-08-01,645311
98581,Legendary Treasures Booster Pack,Legendary Treasures,381.55,2026-08-27,98581
98580,Legendary Treasures Booster Box,Legendary Treasures,18750,2026-08-27,98580
137096,Team Plasma Tin [Deoxys EX],Plasma Blast,950,2026-08-27,137096
98573,Plasma Blast Booster Pack,Plasma Blast,249.24,2026-08-27,98573
98517,Plasma Freeze Booster Pack,Plasma Freeze,299.32,2026-08-27,98517
98526,Plasma Storm Booster Pack,Plasma Storm,530.62,2026-08-27,98526
208574,"Boundaries Crossed Theme Deck - ""Cold Fire"" [White Kyurem]",Boundaries Crossed,189.95,2026-08-27,208574
98554,Boundaries Crossed Booster Pack,Boundaries Crossed,234.39,2026-08-27,98554
98948,Dragon Vault Booster Pack,Dragon Vault,265.25,2026-08-27,98948
98541,Dragons Exalted Booster Pack,Dragons Exalted,340.54,2026-08-27,98541
98538,Next Destinies Booster Pack,Next Destinies,367.06,2026-08-27,98538
98637,EX Tin [Kyurem],Next Destinies,700,2026-08-27,98637
98626,"Noble Victories Theme Deck - ""Fast Daze"" [Accelgor]",Noble Victories,34,2026-08-27,98626
98570,Noble Victories Booster Pack,Noble Victories,169.15,2026-08-27,98570
98617,"Emerging Powers Theme Deck - ""Toxic Tricks"" [Scolipede]",Emerging Powers,54.95,2026-08-27,98617
98618,"Emerging Powers Theme Deck - ""Power Play"" [Krookodile]",Emerging Powers,99,2026-08-27,98618
98549,Emerging Powers Booster Pack,Emerging Powers,89.12,2026-08-27,98549
647775,Black and White Preview Pack,Black and White,36,2026-08-27,647775
98553,Black and White Booster Pack,Black and White,203.49,2026-08-27,98553
98611,"Black & White Theme Deck - ""Red Frenzy"" [Emboar]",Black and White,99.9,2026-08-19,98611
98610,"Black & White Theme Deck - ""Green Tornado"" [Serperior]",Black and White,79.9,2026-04-09,98610
98612,"Black & White Theme Deck - ""Blue Assault"" [Samurott]",Black and White,85,2026-08-27,98612
98515,Call of Legends Booster Pack,Call of Legends,900.99,2026-04-06,98515
98534,Triumphant Booster Pack,Triumphant,400,2026-07-20,98534
98586,Undaunted Booster Pack,Undaunted,412.5,2026-08-27,98586
98582,Unleashed Booster Pack,Unleashed,404.84,2026-08-27,98582
98530,HeartGold SoulSilver Booster Pack,HeartGold SoulSilver,499.99,2026-08-27,98530
98594,Arceus Booster Pack,Arceus,447.29,2026-08-27,98594
98574,Supreme Victors Booster Pack,Supreme Victors,375,2026-08-27,98574
98542,Rising Rivals Booster Pack,Rising Rivals,415.08,2026-08-27,98542
229175,"Platinum Theme Deck - ""Rebellion""",Platinum,99.99,2026-08-27,229175
98591,Platinum Booster Pack,Platinum,319.49,2026-08-27,98591
98589,Stormfront Booster Pack,Stormfront,467.73,2026-07-20,98589
98537,Legends Awakened Booster Pack,Legends Awakened,378.77,2026-08-27,98537
229132,"Majestic Dawn Theme Deck - ""Polar Frost""",Majestic Dawn,249.99,2026-08-27,229132
229134,"Majestic Dawn Theme Deck - ""Forest Force""",Majestic Dawn,149.99,2026-05-27,229134
98585,Majestic Dawn Booster Pack,Majestic Dawn,450,2026-07-20,98585
98545,Great Encounters Booster Pack,Great Encounters,281.11,2026-08-27,98545
98569,Secret Wonders Booster Pack,Secret Wonders,430,2026-08-27,98569
229176,"Mysterious Treasures Theme Deck - ""Skull Charge""",Mysterious Treasures,76.99,2026-08-27,229176
229177,"Mysterious Treasures Theme Deck - ""Armor Fortress""",Mysterious Treasures,79.95,2026-08-27,229177
98561,Mysterious Treasures Booster Pack,Mysterious Treasures,339.83,2026-08-27,98561
98525,Diamond and Pearl Booster Pack,Diamond and Pearl,195,2026-08-27,98525
228804,"Diamond & Pearl Theme Deck - ""Terra Firma""",Diamond and Pearl,120,2026-03-28,228804
228806,"Diamond & Pearl Theme Deck - ""Royal Frost""",Diamond and Pearl,199.99,2026-03-28,228806
98529,Power Keepers Booster Pack,EX Power Keepers,899.99,2026-08-27,98529
98533,Dragon Frontiers Booster Pack,EX Dragon Frontiers,1999.99,2026-08-17,98533
98522,Holon Phantoms Booster Pack,EX Holon Phantoms,1899.99,2026-08-27,98522
98557,Legend Maker Booster Pack,Legend Maker,464,2026-04-10,98557
98944,Delta Species Booster Pack,Delta Species,999,2026-07-20,98944
98577,Unseen Forces Booster Pack,Unseen Forces,999.99,2026-05-30,98577
232875,"Emerald Theme Deck - ""Wildfire"" [Manectric]",EX Emerald,178.48,2026-08-27,232875
232874,"Emerald Theme Deck - ""Hydrobloom"" [Milotic]",EX Emerald,181.47,2026-08-27,232874
98546,Emerald Booster Pack,EX Emerald,1000,2026-08-27,98546
232861,"Deoxys Theme Deck - ""Starcharge""",EX Deoxys,300,2026-08-18,232861
98562,Deoxys Booster Pack,Deoxys,1699.99,2026-02-26,98562
98946,FireRed & LeafGreen Booster Pack,EX FireRed & LeafGreen,1013.29,2026-08-27,98946
215766,"Hidden Legends Theme Deck - ""Wish Maker"" [Jirachi]",Hidden Legends,189.95,2026-02-08,215766
215765,"Hidden Legends Theme Deck - ""Forest Guardian"" [Dark Celebi]",Hidden Legends,200,2026-02-05,215765
98595,Hidden Legends Booster Pack,Hidden Legends,319.94,2026-04-27,98595
138152,Aquapolis Booster Pack,Aquapolis,1199.99,2026-02-22,138152
234504,"Expedition Theme Deck - ""Electric Garden""",Expedition,550,2026-08-27,234504
138150,Legendary Collection Booster Pack,Legendary Collection,2499.99,2026-03-17,138150
232869,"Neo Destiny Theme Deck - ""Light""",Neo Destiny,299.96,2026-08-27,232869
138148,Neo Destiny Booster Pack [1st Edition],Neo Destiny,2095,2026-08-05,138148
138146,Neo Revelation Booster Pack [Unlimited Edition],Neo Revelation,450,2026-01-28,138146
610709,Southern Islands Collection,Southern Islands,9800,2026-08-27,610709
234510,"Neo Discovery Theme Deck - ""Brain Wave""",Neo Discovery,425,2026-08-27,234510
138143,Neo Discovery Booster Pack [Unlimited Edition],Neo Discovery,518.74,2026-08-27,138143
138142,Neo Genesis Booster Pack [Unlimited Edition],Neo Genesis,700,2026-08-27,138142
138141,Neo Genesis Booster Pack [1st Edition],Neo Genesis,798.25,2026-07-28,138141
277126,"Gym Challenge Theme Deck - ""Sabrina""",Gym Challenge,625,2026-04-12,277126
138139,Gym Challenge Booster Pack [Unlimited Edition],Gym Challenge,319.98,2026-08-27,138139
138140,Gym Challenge Booster Pack [1st Edition],Gym Challenge,422.95,2026-02-05,138140
285314,Gym Challenge Booster Box [Unlimited Edition],Gym Challenge,13999.99,2026-07-24,285314
451095,"Gym Heroes Theme Deck - ""Lt. Surge""",Gym Heroes,399.99,2026-08-27,451095
138138,Gym Heroes Booster Pack [Unlimited Edition],Gym Heroes,280.85,2026-08-27,138138
138137,Gym Heroes Booster Pack [1st Edition],Gym Heroes,495,2026-08-27,138137
208708,Gym Heroes Booster Box [Unlimited Edition],Gym Heroes,10000,2026-08-19,208708
176943,"Team Rocket Theme Deck - ""Trouble""",Team Rocket,165.99,2026-07-24,176943
176942,"Team Rocket Theme Deck - ""Devastation""",Team Rocket,275,2026-06-16,176942
138135,Team Rocket Booster Pack [Unlimited Edition],Team Rocket,326.09,2026-08-27,138135
138136,Team Rocket Booster Pack [1st Edition],Team Rocket,715.6,2026-08-27,138136
107614,"Base Set 2 Theme Deck - ""Psych Out""",Base Set 2,222.5,2026-08-27,107614
107613,"Base Set 2 Theme Deck - ""Lightning Bug""",Base Set 2,235,2026-08-27,107613
107612,"Base Set 2 Theme Deck - ""Hot Water""",Base Set 2,200,2026-08-27,107612
107611,"Base Set 2 Theme Deck - ""Grass Chopper""",Base Set 2,197.5,2026-08-27,107611
138149,Base Set 2 Booster Pack,Base Set 2,426.24,2026-08-27,138149
107609,Base Set 2 - 2-Player CD-ROM Starter Set,Base Set 2,176.6,2026-08-27,107609
107608,"Fossil Theme Deck - ""LockDown""",Fossil,202.27,2026-08-27,107608
107607,"Fossil Theme Deck - ""BodyGuard""",Fossil,195.16,2026-08-27,107607
138134,Fossil Booster Pack [Unlimited Edition],Fossil,332.23,2026-08-27,138134
138133,Fossil Booster Pack [1st Edition],Fossil,666.03,2026-08-27,138133
234499,"Jungle Theme Deck - ""Water Blast""",Jungle,399.99,2026-08-27,234499
234498,"Jungle Theme Deck - ""Power Reserve""",Jungle,218.68,2026-08-27,234498
138129,Jungle Booster Pack [Unlimited Edition],Jungle,287.19,2026-08-27,138129
138128,Jungle Booster Pack [1st Edition],Jungle,658.18,2026-08-27,138128
136400,Pokemon 2-Player Starter Set (Revised Base Set Reprint Run),Base Set,249.5,2026-08-27,136400
136402,"Base Set Theme Deck - ""Zap!"" (Revised Base Set Reprint Run)",Base Set,499.95,2026-08-27,136402
136404,"Base Set Theme Deck - ""Overgrowth"" (Revised Base Set Reprint Run)",Base Set,685,2026-08-27,136404
136401,"Base Set Theme Deck - ""Blackout"" (Revised Base Set Reprint Run)",Base Set,329.99,2026-06-06,136401
138130,Base Set Booster Pack [Revised Unlimited Edition],Base Set,838.2,2026-08-27,138130
185731,Base Set Booster Box [Revised Unlimited Edition],Base Set,499.99,2026-07-23,185731
138131,Pokemon Base Set (Shadowless) [Unlimited Edition] Booster Pack,Base Set (Shadowless),925,2026-08-17,138131
138132,Pokemon Base Set (Shadowless) [1st Edition] Booster Pack,Base Set (Shadowless),15000,2026-08-27,138132
107596,Pokemon Base Set (Shadowless) [1st Edition] Booster Box,Base Set (Shadowless),499.99,2026-07-21,107596
107606,"Base Set Theme Deck - ""Zap!""",Base Set (Shadowless),699.99,2026-08-27,107606
107605,"Base Set Theme Deck - ""Overgrowth""",Base Set (Shadowless),650,2026-08-27,107605
107604,"Base Set Theme Deck - ""Brushfire""",Base Set (Shadowless),699.99,2026-08-27,107604
107603,"Base Set Theme Deck - ""Blackout""",Base Set (Shadowless),450,2026-03-28,107603
190535,POP Series 7 Pack,POP Series 7,46.09,2026-08-27,190535
141227,POP Series 1 Pack,POP Series 1,94.16,2026-08-27,141227
141229,POP Series 6 Pack,POP Series 6,43.98,2026-08-27,141229
190534,POP Series 5 Pack,POP Series 5,1950,2026-02-10,190534
190532,POP Series 3 Pack,POP Series 3,159.93,2026-08-27,190532
190537,POP Series 9 Pack,POP Series 9,34.13,2026-08-27,190537
141228,POP Series 2 Pack,POP Series 2,149.94,2026-08-27,141228
190536,POP Series 8 Pack,POP Series 8,28.33,2026-08-27,190536
190533,POP Series 4 Pack,POP Series 4,163.84,2026-08-27,190533
148226,Premium Trainer's XY Collection,Alternate Art Promos,2503.43,2026-08-27,148226
161757,Pikachu World Collection Promo Set,Pikachu World Collection Promos,985.95,2026-03-30,161757
557326,ex Battle Deck [Victini ex],Miscellaneous Cards & Products,16.18,2026-08-27,557326
497841,ex Battle Deck [Tinkaton ex],Miscellaneous Cards & Products,25.82,2026-08-27,497841
564277,ex Battle Deck [Tapu Koko ex],Miscellaneous Cards & Products,12.73,2026-08-27,564277
484384,ex Battle Deck [Set of 2],Miscellaneous Cards & Products,43.74,2026-08-27,484384
557327,ex Battle Deck [Miraidon ex],Miscellaneous Cards & Products,14.85,2026-08-27,557327
531573,ex Battle Deck [Melmetal ex],Miscellaneous Cards & Products,15.58,2026-08-27,531573
484382,ex Battle Deck [Lucario ex],Miscellaneous Cards & Products,22.58,2026-08-27,484382
527674,ex Battle Deck [Kangaskhan ex],Miscellaneous Cards & Products,13.36,2026-08-27,527674
564278,ex Battle Deck [Iron Leaves ex],Miscellaneous Cards & Products,24.18,2026-08-27,564278
531574,ex Battle Deck [Houndoom ex],Miscellaneous Cards & Products,23.54,2026-08-27,531574
527671,ex Battle Deck [Greninja ex],Miscellaneous Cards & Products,20.8,2026-08-27,527671
497842,ex Battle Deck [Chien-Pao ex],Miscellaneous Cards & Products,18,2026-08-27,497842
484380,ex Battle Deck [Ampharos ex],Miscellaneous Cards & Products,17.43,2026-08-27,484380
497967,ex Battle Deck (Chien-Pao/Tinkaton] [Set of 2],Miscellaneous Cards & Products,42.6,2026-08-27,497967
282003,Zeraora VMAX & VSTAR Battle Box,Miscellaneous Cards & Products,99.14,2026-08-27,282003
530756,Yu Nagaba x Pokemon - Eevee's Special Promo Pack,Miscellaneous Cards & Products,131.04,2026-08-27,530756
659947,Virizion V Showcase,Miscellaneous Cards & Products,37.49,2026-08-27,659947
280847,Virizion V Box,Miscellaneous Cards & Products,54.87,2026-08-27,280847
616920,Victini ex/Miraidon ex Battle Decks [Set of 2],Miscellaneous Cards & Products,24.9,2026-08-27,616920
554184,Vibrant Paldea Mini Tin [Set of 5],Miscellaneous Cards & Products,81,2026-08-10,554184
554182,Vibrant Paldea Mini Tin [Palafin],Miscellaneous Cards & Products,21.99,2026-08-06,554182
554180,Vibrant Paldea Mini Tin [Espathra],Miscellaneous Cards & Products,21.93,2026-08-27,554180
554179,Vibrant Paldea Mini Tin [Dachsbun],Miscellaneous Cards & Products,41.89,2026-08-27,554179
554183,Vibrant Paldea Mini Tin [Ceruledge],Miscellaneous Cards & Products,45.99,2026-08-27,554183
554181,Vibrant Paldea Mini Tin [Arboliva],Miscellaneous Cards & Products,25.97,2026-08-27,554181
554175,Vibrant Paldea Mini Tin Collection Display,Miscellaneous Cards & Products,236.65,2026-08-27,554175
635621,Venusaur ex & Blastoise ex Premium Collection,Miscellaneous Cards & Products,90.75,2026-08-27,635621
231294,Venusaur VMAX Battle Box,Miscellaneous Cards & Products,85.27,2026-08-27,231294
249689,Vaporeon VMAX Premium Collection,Miscellaneous Cards & Products,359.41,2026-08-27,249689
287228,VMAX Dragons Premium Collection,Miscellaneous Cards & Products,235.84,2026-08-27,287228
256833,V Powers Tin [Set of 3] (International Version),Miscellaneous Cards & Products,143.48,2026-08-27,256833
221761,V Powers Tin [Set of 3],Miscellaneous Cards & Products,179.99,2026-05-25,221761
256830,V Powers Tin [Pikachu V] (International Version),Miscellaneous Cards & Products,53.87,2026-08-27,256830
220308,V Powers Tin [Pikachu V],Miscellaneous Cards & Products,70.66,2026-08-27,220308
256832,V Powers Tin [Eternatus V] (International Version),Miscellaneous Cards & Products,40.54,2026-08-27,256832
220311,V Powers Tin [Eternatus V],Miscellaneous Cards & Products,67.85,2026-08-27,220311
256831,V Powers Tin [Eevee V] (International Version),Miscellaneous Cards & Products,54.19,2026-08-27,256831
220310,V Powers Tin [Eevee V],Miscellaneous Cards & Products,88.65,2026-08-27,220310
270152,V Heroes Tin [Umbreon V] (International Version),Miscellaneous Cards & Products,76.71,2026-08-27,270152
262971,V Heroes Tin [Umbreon V],Miscellaneous Cards & Products,111.5,2026-08-27,262971
270151,V Heroes Tin [Sylveon V] (International Version),Miscellaneous Cards & Products,72.59,2026-08-27,270151
262970,V Heroes Tin [Sylveon V],Miscellaneous Cards & Products,110.99,2026-08-27,262970
270154,V Heroes Tin [Set of 3] (International Version),Miscellaneous Cards & Products,195.95,2026-08-27,270154
262972,V Heroes Tin [Set of 3],Miscellaneous Cards & Products,260.96,2026-08-27,262972
270153,V Heroes Tin [Espeon V] (International Version),Miscellaneous Cards & Products,61.12,2026-08-27,270153
262969,V Heroes Tin [Espeon V],Miscellaneous Cards & Products,80.65,2026-08-27,262969
230402,V Forces Tin [Mew V],Miscellaneous Cards & Products,70,2026-08-27,230402
230401,V Forces Tin [Lucario V],Miscellaneous Cards & Products,53.39,2026-08-27,230401
230400,V Forces Tin [Galarian Slowbro V],Miscellaneous Cards & Products,58.21,2026-08-27,230400
280858,V Battle Deck [Zeraora V],Miscellaneous Cards & Products,14.87,2026-08-27,280858
233356,V Battle Deck [Victini V],Miscellaneous Cards & Products,13.61,2026-08-27,233356
230397,V Battle Deck [Venusaur V],Miscellaneous Cards & Products,26.92,2026-08-27,230397
245732,V Battle Deck [Rayquaza V],Miscellaneous Cards & Products,37.81,2026-08-27,245732
245733,V Battle Deck [Noivern V],Miscellaneous Cards & Products,10.52,2026-08-27,245733
264757,V Battle Deck [Lycanroc V],Miscellaneous Cards & Products,12.17,2026-08-27,264757
233357,V Battle Deck [Gardevoir V],Miscellaneous Cards & Products,17.19,2026-08-27,233357
280857,V Battle Deck [Deoxys V],Miscellaneous Cards & Products,21.54,2026-08-27,280857
264758,V Battle Deck [Corviknight V],Miscellaneous Cards & Products,9.85,2026-08-27,264758
230396,V Battle Deck [Blastoise V],Miscellaneous Cards & Products,26.54,2026-08-27,230396
233355,V Battle Deck Display [Victini V/Gardevoir V],Miscellaneous Cards & Products,35,2026-08-27,233355
230393,V Battle Deck Display [Venusaur V/Blastoise V],Miscellaneous Cards & Products,158.95,2026-08-27,230393
233354,V Battle Deck Bundle [Victini V/Gardevoir V],Miscellaneous Cards & Products,43.11,2026-08-27,233354
230394,V Battle Deck Bundle [Venusaur V/Blastoise V],Miscellaneous Cards & Products,65.87,2026-08-27,230394
245728,V Battle Deck Bundle [Rayquaza V/Noivern V],Miscellaneous Cards & Products,45.12,2026-08-27,245728
263542,V Battle Deck Bundle [Lycanroc V / Corviknight V],Miscellaneous Cards & Products,23.96,2026-08-27,263542
280864,V Battle Deck Bundle [Deoxys V / Zeraora V],Miscellaneous Cards & Products,30.45,2026-08-27,280864
596518,Tyranitar Ex Box,Miscellaneous Cards & Products,74.17,2026-08-27,596518
596517,Tsareena Ex Box,Miscellaneous Cards & Products,68.61,2026-08-27,596517
648588,Triple Whammy Tins [Set of 3],Miscellaneous Cards & Products,64.23,2026-08-27,648588
591145,Triple Whammy Tin [Tyranitar],Miscellaneous Cards & Products,25.31,2026-08-27,591145
591147,Triple Whammy Tin [Slaking],Miscellaneous Cards & Products,23.43,2026-08-27,591147
591146,Triple Whammy Tin [Darkrai],Miscellaneous Cards & Products,25.47,2026-08-27,591146
477254,Trainer's Legendary Box [Lugia],Miscellaneous Cards & Products,212.5,2026-08-27,477254
477255,Trainer's Legendary Box [Ho-Oh],Miscellaneous Cards & Products,227.95,2026-08-27,477255
272000,Trainer Battle Deck - Misty of Cerulean City Gym (JP Pokemon Center Exclusive),Miscellaneous Cards & Products,223.16,2026-08-27,272000
271999,Trainer Battle Deck - Brock of Pewter City Gym (JP Pokemon Center Exclusive),Miscellaneous Cards & Products,176,2026-08-27,271999
696827,Terapagos ex Ultra-Premium Collection Case,Miscellaneous Cards & Products,1236,2026-08-27,696827
575198,Terapagos ex Ultra-Premium Collection,Miscellaneous Cards & Products,252.48,2026-08-27,575198
594539,Tera Team Premium Collection,Miscellaneous Cards & Products,85.72,2026-08-27,594539
563857,Tera Brawlers Premium Collection,Miscellaneous Cards & Products,97.75,2026-08-27,563857
664898,Team Rocket’s Moltres ex Ultra-Premium Collection Case,Miscellaneous Cards & Products,1182.36,2026-08-27,664898
656997,Team Rocket’s Moltres ex Ultra-Premium Collection,Miscellaneous Cards & Products,345.5,2026-08-27,656997
634607,Team Rocket's Mewtwo ex Box Case,Miscellaneous Cards & Products,394.47,2026-08-27,634607
625695,Team Rocket's Mewtwo ex Box,Miscellaneous Cards & Products,55.04,2026-08-27,625695
649197,Team Rocket Tin [Team Rocket's Persian ex] (International Version),Miscellaneous Cards & Products,99.99,2026-08-27,649197
649195,Team Rocket Tin [Team Rocket's Persian ex],Miscellaneous Cards & Products,47.62,2026-08-27,649195
649194,Team Rocket Tin [Team Rocket's Nidoking ex],Miscellaneous Cards & Products,48.19,2026-08-27,649194
649200,Team Rocket Tin [Team Rocket's Mewtwo ex] (International Version),Miscellaneous Cards & Products,114.99,2026-08-27,649200
649193,Team Rocket Tin [Team Rocket's Mewtwo ex],Miscellaneous Cards & Products,60.02,2026-08-27,649193
653216,Team Rocket Tin [Set of 3],Miscellaneous Cards & Products,149.72,2026-08-27,653216
230426,Tapu Koko Box (International Version),Miscellaneous Cards & Products,80.33,2026-08-27,230426
209533,TAG TEAM Powers Collection [Umbreon & Darkrai GX],Miscellaneous Cards & Products,1812.5,2026-08-27,209533
209532,TAG TEAM Powers Collection [Espeon & Deoxys GX],Miscellaneous Cards & Products,1999.98,2026-06-01,209532
200172,TAG TEAM Generations Premium Collection,Miscellaneous Cards & Products,1880,2026-08-27,200172
226136,Sword & Shield Ultra-Premium Collection - Zacian & Zamazenta,Miscellaneous Cards & Products,349.11,2026-08-27,226136
497870,Summer 2023 Collector's Chest Tin,Miscellaneous Cards & Products,86.36,2026-08-27,497870
229747,Strong Bonds Tin [Gardevoir],Miscellaneous Cards & Products,56.11,2026-08-27,229747
229748,Strong Bonds Tin [Blissey],Miscellaneous Cards & Products,45.51,2026-08-27,229748
265252,Spring 2022 Collector Chest,Miscellaneous Cards & Products,83.54,2026-08-27,265252
261779,Spring 2022 Collector Bundle,Miscellaneous Cards & Products,104.6,2026-08-27,261779
662770,Snorlax ex & Blissey ex Special Collection,Miscellaneous Cards & Products,81.31,2026-08-27,662770
653192,Snorlax & Lapras VMAX Collection,Miscellaneous Cards & Products,380,2026-08-27,653192
226128,Small But Mighty Premium Collection,Miscellaneous Cards & Products,749.88,2026-08-27,226128
623648,Slashing Legends Tin [Zacian ex],Miscellaneous Cards & Products,36.52,2026-08-27,623648
623647,Slashing Legends Tin [Koraidon ex],Miscellaneous Cards & Products,35.72,2026-08-27,623647
532539,Sinnoh Stars Mini Tins 5-Pack,Miscellaneous Cards & Products,148.5,2026-08-27,532539
262640,Sinnoh Star Mini Tin [Turtwig],Miscellaneous Cards & Products,31.2,2026-08-27,262640
263258,Sinnoh Star Mini Tin [Set of 5],Miscellaneous Cards & Products,90.98,2026-03-10,263258
262639,Sinnoh Star Mini Tin [Riolu],Miscellaneous Cards & Products,39.98,2026-08-27,262639
262638,Sinnoh Star Mini Tin [Piplup],Miscellaneous Cards & Products,37.77,2026-08-27,262638
262642,Sinnoh Star Mini Tin [Munchlax],Miscellaneous Cards & Products,34.55,2026-08-27,262642
262641,Sinnoh Star Mini Tin [Chimchar],Miscellaneous Cards & Products,26.82,2026-08-27,262641
263259,Sinnoh Star Mini Tin Display,Miscellaneous Cards & Products,246.34,2026-08-27,263259
286619,Shaymin VSTAR Premium Collection,Miscellaneous Cards & Products,120.93,2026-08-27,286619
653899,Salamence ex & Reshiram ex Premium Collection,Miscellaneous Cards & Products,92.41,2026-08-27,653899
218438,Salamence Dragons Tin,Miscellaneous Cards & Products,51.28,2026-08-27,218438
516577,Roaring Moon ex Box,Miscellaneous Cards & Products,46.53,2026-08-27,516577
623015,Rival Battle Deck [Steven],Miscellaneous Cards & Products,33.72,2026-08-27,623015
623014,Rival Battle Deck [Marnie],Miscellaneous Cards & Products,58.61,2026-08-27,623014
616737,Retail Exclusive Pokemon Paldean Fates Mini Tins + Poke Ball Tin,Miscellaneous Cards & Products,134.52,2026-08-27,616737
666512,Reshiram ex Box,Miscellaneous Cards & Products,41.84,2026-08-27,666512
248208,Reshiram & Charizard GX Premium Collection,Miscellaneous Cards & Products,286.11,2026-08-27,248208
670267,Reshiram & Archaludon ex Box [Set of 2],Miscellaneous Cards & Products,60.89,2026-08-27,670267
245731,Rayquaza V / Noivern V Battle Decks [Set of 2],Miscellaneous Cards & Products,31.13,2026-08-27,245731
278924,Professor Juniper Premium Tournament Collection Box Case,Miscellaneous Cards & Products,439.79,2026-08-27,278924
268713,Professor Juniper Premium Tournament Collection Box,Miscellaneous Cards & Products,121.93,2026-08-27,268713
648365,Prismatic Evolutions Lucario ex & Tyranitar ex Premium Collection (Sam's Club),Miscellaneous Cards & Products,195.39,2026-08-27,648365
644852,Prismatic Evolutions Elite Trainer Box and Pokeball (Sam's Club),Miscellaneous Cards & Products,206.17,2026-08-27,644852
514256,Pokémon Collector's Chest Plus Pencil Case,Miscellaneous Cards & Products,96.67,2026-08-27,514256
653203,Pokemon TCG: Trainer's Toolkit (2025),Miscellaneous Cards & Products,42.07,2026-08-27,653203
564274,Pokemon TCG: Trainer's Toolkit (2024),Miscellaneous Cards & Products,39.68,2026-08-27,564274
497380,Pokemon TCG: Trainer's Toolkit (2023),Miscellaneous Cards & Products,52.98,2026-08-27,497380
275938,Pokemon TCG: Trainer's Toolkit (2022),Miscellaneous Cards & Products,69.54,2026-08-27,275938
277564,Pokemon TCG: Trainer's Toolkit (2021) Case,Miscellaneous Cards & Products,249.69,2026-08-27,277564
241109,Pokemon TCG: Trainer's Toolkit (2021),Miscellaneous Cards & Products,39.57,2026-08-27,241109
214360,Pokemon TCG: Trainer's Toolkit (2020),Miscellaneous Cards & Products,146.52,2026-08-27,214360
209322,Pokemon TCG: SWSH Basic Energy Box,Miscellaneous Cards & Products,10.11,2026-08-27,209322
181695,Pokemon TCG: Basic Energy Box,Miscellaneous Cards & Products,36.95,2026-08-13,181695
549443,Pokemon TCG: Back to School Pencil Case 2024,Miscellaneous Cards & Products,19.19,2026-08-27,549443
497851,Pokemon TCG: Back to School Pencil Case 2023,Miscellaneous Cards & Products,21.65,2026-08-27,497851
273613,Pokemon TCG: Back to School Pencil Case,Miscellaneous Cards & Products,37.9,2026-08-27,273613
497856,Pokemon TCG: Back to School Eraser Blister [Smoliv],Miscellaneous Cards & Products,28.6,2026-08-27,497856
273608,Pokemon TCG: Back to School Eraser Blister [Pikachu],Miscellaneous Cards & Products,39.9,2026-02-17,273608
497853,Pokemon TCG: Back to School Eraser Blister [Lechonk],Miscellaneous Cards & Products,34.21,2026-08-27,497853
549451,Pokemon TCG: Back to School Eraser Blister 2024 [Set of 2],Miscellaneous Cards & Products,44.93,2026-08-27,549451
549452,Pokemon TCG: Back to School Eraser Blister 2024 [Gengar],Miscellaneous Cards & Products,31.18,2026-08-27,549452
549453,Pokemon TCG: Back to School Eraser Blister 2024 [Bellibolt],Miscellaneous Cards & Products,22.95,2026-08-27,549453
497966,Pokemon TCG: Back to School Eraser Blister 2023 [Set of 2],Miscellaneous Cards & Products,42.99,2026-01-26,497966
616298,Pokemon Stacking Tins: Treasures of Ruin-Paradox Pokémon-Ogerpon Display,Miscellaneous Cards & Products,124.99,2026-02-13,616298
616297,"Pokemon Stacking Tins: Treasures of Ruin, Paradox Pokemon, Ogerpon [Set of 3]",Miscellaneous Cards & Products,86,2026-08-27,616297
541205,"Pokemon Stacking Tins [Set of 3] (Psychic, Metal, and Dragon)",Miscellaneous Cards & Products,89.2,2026-08-27,541205
260869,Pokemon Stacking Tins [Set of 3],Miscellaneous Cards & Products,157.27,2026-08-27,260869
260865,Pokemon Stacking Tin: Water,Miscellaneous Cards & Products,50.95,2026-08-27,260865
616294,Pokemon Stacking Tin: Treasures of Ruin,Miscellaneous Cards & Products,29.19,2026-08-27,616294
541168,Pokemon Stacking Tin: Psychic,Miscellaneous Cards & Products,40.83,2026-08-27,541168
616295,Pokemon Stacking Tin: Paradox Pokemon,Miscellaneous Cards & Products,28.98,2026-08-27,616295
616296,Pokemon Stacking Tin: Ogerpon,Miscellaneous Cards & Products,27.28,2026-08-27,616296
541171,Pokemon Stacking Tin: Metal,Miscellaneous Cards & Products,25.08,2026-08-27,541171
260866,Pokemon Stacking Tin: Grass,Miscellaneous Cards & Products,52.44,2026-08-27,260866
260867,Pokemon Stacking Tin: Electric,Miscellaneous Cards & Products,52.98,2026-08-27,260867
541175,Pokemon Stacking Tin: Dragon,Miscellaneous Cards & Products,35,2026-08-27,541175
668591,Pokemon Day 2026 Collection Case,Miscellaneous Cards & Products,215.64,2026-08-27,668591
668590,Pokemon Day 2026 Collection,Miscellaneous Cards & Products,37.57,2026-08-27,668590
688965,Pokemon - Poke Ball Tin - Ultra Ball (Q4 2025),Miscellaneous Cards & Products,26,2026-08-27,688965
587368,Pokemon - Poke Ball Tin - Ultra Ball (Q4 2024),Miscellaneous Cards & Products,26.68,2026-08-27,587368
210169,Pokemon - Poke Ball Tin - Ultra Ball,Miscellaneous Cards & Products,26.44,2026-08-27,210169
688968,Pokemon - Poke Ball Tin - Repeat Ball (Q4 2025),Miscellaneous Cards & Products,22.64,2026-08-27,688968
668648,Pokemon - Poke Ball Tin - Repeat Ball,Miscellaneous Cards & Products,24.48,2026-08-27,668648
181268,Pokemon - Poke Ball Tin - Quick Ball,Miscellaneous Cards & Products,44.59,2026-08-27,181268
688967,Pokemon - Poke Ball Tin - Premier Ball (Q4 2025),Miscellaneous Cards & Products,27.22,2026-08-27,688967
587367,Pokemon - Poke Ball Tin - Premier Ball (Q4 2024),Miscellaneous Cards & Products,24.15,2026-08-27,587367
198522,Pokemon - Poke Ball Tin - Premier Ball,Miscellaneous Cards & Products,24.35,2026-08-27,198522
688964,Pokemon - Poke Ball Tin - Poke Ball (Q4 2025),Miscellaneous Cards & Products,28.99,2026-08-27,688964
587365,Pokemon - Poke Ball Tin - Poke Ball (Q4 2024),Miscellaneous Cards & Products,25.34,2026-08-27,587365
181267,Pokemon - Poke Ball Tin - Poke Ball,Miscellaneous Cards & Products,26.46,2026-08-27,181267
587369,Pokemon - Poke Ball Tin - Moon Ball (Q4 2024),Miscellaneous Cards & Products,28.58,2026-08-27,587369
686298,Pokemon - Poke Ball Tin - Moon Ball,Miscellaneous Cards & Products,28.57,2026-08-27,686298
198520,Pokemon - Poke Ball Tin - Luxury Ball,Miscellaneous Cards & Products,34.4,2026-08-27,198520
516987,Pokemon - Poke Ball Tin - Lure Ball,Miscellaneous Cards & Products,125,2026-08-27,516987
271585,Pokemon - Poke Ball Tin - Love Ball,Miscellaneous Cards & Products,253.98,2026-08-27,271585
231292,Pokemon - Poke Ball Tin - Level Ball,Miscellaneous Cards & Products,74.71,2026-08-27,231292
688966,Pokemon - Poke Ball Tin - Great Ball (Q4 2025),Miscellaneous Cards & Products,25.43,2026-08-27,688966
587366,Pokemon - Poke Ball Tin - Great Ball (Q4 2024),Miscellaneous Cards & Products,25.53,2026-08-27,587366
198519,Pokemon - Poke Ball Tin - Great Ball,Miscellaneous Cards & Products,25.56,2026-08-27,198519
214268,Pokemon - Poke Ball Tin - Dusk Ball,Miscellaneous Cards & Products,220,2026-08-06,214268
210170,Pokemon - Poke Ball Tin - Dive Ball,Miscellaneous Cards & Products,180,2026-08-27,210170
245518,Pokemon - Poke Ball Tin + 2 Kanto Power Mini Tins - Great Ball,Miscellaneous Cards & Products,224.95,2026-06-06,245518
245519,Pokemon - Poke Ball Tin + 2 Kanto Power Mini Tins - Dusk Ball,Miscellaneous Cards & Products,205,2026-05-18,245519
654590,Poke Ball Tin Display (Q4 2025),Miscellaneous Cards & Products,131.52,2026-08-27,654590
564280,Poke Ball Tin Display (Q4 2024),Miscellaneous Cards & Products,127.38,2026-08-27,564280
257718,Poke Ball Tin Display (Q4 2021),Miscellaneous Cards & Products,315.74,2026-08-27,257718
265250,Poke Ball Tin Display (Q2 2022),Miscellaneous Cards & Products,324.99,2026-05-25,265250
257715,Poke Ball Tin Display (Q1 2020),Miscellaneous Cards & Products,350,2026-04-12,257715
257713,Poke Ball Tin Display (Q1 2019),Miscellaneous Cards & Products,624.99,2026-08-27,257713
488324,Play! Pokemon Prize Pack Series Two,Miscellaneous Cards & Products,58.74,2026-07-01,488324
517551,Play! Pokemon Prize Pack Series Three,Miscellaneous Cards & Products,29.42,2026-07-01,517551
639713,Play! Pokemon Prize Pack Series Six,Miscellaneous Cards & Products,8.11,2026-07-01,639713
649191,Play! Pokemon Prize Pack Series Seven,Miscellaneous Cards & Products,8.8,2026-07-01,649191
482138,Play! Pokemon Prize Pack Series One,Miscellaneous Cards & Products,60.86,2026-07-01,482138
551628,Play! Pokemon Prize Pack Series Four,Miscellaneous Cards & Products,10.19,2026-07-01,551628
577596,Play! Pokemon Prize Pack Series Five,Miscellaneous Cards & Products,10.03,2026-07-01,577596
670914,Play! Pokemon Prize Pack Series Eight,Miscellaneous Cards & Products,6.78,2026-07-01,670914
265706,Pikachu V Showcase,Miscellaneous Cards & Products,44.99,2026-02-20,265706
260709,Pikachu V Box,Miscellaneous Cards & Products,68.18,2026-08-27,260709
253396,Pikachu & Zekrom GX Premium Collection,Miscellaneous Cards & Products,293.84,2026-08-27,253396
179376,Pikachu & Eevee Poke Ball Collection,Miscellaneous Cards & Products,240.49,2026-08-27,179376
583521,Paradox Wisdom Premium Collection,Miscellaneous Cards & Products,68.89,2026-08-27,583521
575185,Paradox Fury Premium Collection,Miscellaneous Cards & Products,72.76,2026-08-27,575185
562360,Paradox Destinies Tin [Set of 4],Miscellaneous Cards & Products,141.17,2026-08-27,562360
562357,Paradox Destinies Tin [Raging Bolt ex],Miscellaneous Cards & Products,38.8,2026-08-27,562357
562354,Paradox Destinies Tin [Iron Crown ex],Miscellaneous Cards & Products,37.78,2026-08-27,562354
562356,Paradox Destinies Tin [Iron Boulder ex],Miscellaneous Cards & Products,36.3,2026-08-27,562356
562358,Paradox Destinies Tin [Gouging Fire ex],Miscellaneous Cards & Products,39.93,2026-08-27,562358
544239,Paradox Clash Tin [Walking Wake ex],Miscellaneous Cards & Products,37.91,2026-08-27,544239
544241,Paradox Clash Tin [Iron Leaves ex],Miscellaneous Cards & Products,36.9,2026-08-27,544241
504431,Paldea Partners Tin [Skeledirge ex],Miscellaneous Cards & Products,46.13,2026-08-27,504431
517101,Paldea Partners Tin [Set of 3],Miscellaneous Cards & Products,130.36,2026-08-27,517101
504442,Paldea Partners Tin [Quaquaval ex] [International],Miscellaneous Cards & Products,49.59,2026-08-27,504442
504438,Paldea Partners Tin [Quaquaval ex],Miscellaneous Cards & Products,37.97,2026-08-27,504438
504332,Paldea Partners Tin [Meowscarada ex] [International Edition],Miscellaneous Cards & Products,49.87,2026-08-27,504332
504330,Paldea Partners Tin [Meowscarada ex],Miscellaneous Cards & Products,46.75,2026-08-27,504330
543171,Paldea Legends Tins [Bundle of 2] (International Version),Miscellaneous Cards & Products,84.98,2026-08-27,543171
509570,Paldea Legends Tins [Bundle of 2],Miscellaneous Cards & Products,77.9,2026-08-27,509570
497388,Paldea Legends Tin [Miraidon ex] (International Version),Miscellaneous Cards & Products,48.66,2026-08-27,497388
497389,Paldea Legends Tin [Miraidon ex],Miscellaneous Cards & Products,38.06,2026-08-27,497389
497387,Paldea Legends Tin [Koraidon ex] (International Version),Miscellaneous Cards & Products,45.98,2026-08-27,497387
497390,Paldea Legends Tin [Koraidon ex],Miscellaneous Cards & Products,38.52,2026-08-27,497390
633085,Paldea Friends Mini Tins 5-Pack,Miscellaneous Cards & Products,123.14,2026-08-27,633085
484360,Paldea Friends Mini Tin [Sprigatito & Fidough],Miscellaneous Cards & Products,33.19,2026-08-27,484360
484363,Paldea Friends Mini Tin [Set of 5],Miscellaneous Cards & Products,79.99,2026-05-21,484363
484359,Paldea Friends Mini Tin [Quaxly & Smoliv],Miscellaneous Cards & Products,27.44,2026-08-27,484359
484358,Paldea Friends Mini Tin [Pikachu & Capsakid],Miscellaneous Cards & Products,29.16,2026-08-27,484358
484362,Paldea Friends Mini Tin [Pawmi & Lechonk],Miscellaneous Cards & Products,27.28,2026-08-27,484362
484357,Paldea Friends Mini Tin [Fuecoco & Smoliv],Miscellaneous Cards & Products,28.58,2026-08-27,484357
496018,Paldea Friends Mini Tin Display,Miscellaneous Cards & Products,224.68,2026-08-27,496018
451118,Paldea Collection [Sprigatito/Miraidon ex],Miscellaneous Cards & Products,76.31,2026-08-27,451118
477172,Paldea Collection [Sprigatito/Koraidon ex],Miscellaneous Cards & Products,73.99,2026-08-27,477172
451120,Paldea Collection [Quaxly/Miraidon ex],Miscellaneous Cards & Products,54.34,2026-08-27,451120
477171,Paldea Collection [Quaxly/Koraidon ex],Miscellaneous Cards & Products,59.55,2026-08-27,477171
477170,Paldea Collection [Fuecoco/Miraidon ex],Miscellaneous Cards & Products,66.26,2026-08-27,477170
451119,Paldea Collection [Fuecoco/Koraidon ex],Miscellaneous Cards & Products,59.25,2026-08-27,451119
621135,Paldea Adventure Chest Case,Miscellaneous Cards & Products,199.96,2026-03-01,621135
532025,Paldea Adventure Chest,Miscellaneous Cards & Products,109.61,2026-08-27,532025
547129,Palafin ex Box,Miscellaneous Cards & Products,41.04,2026-08-27,547129
527801,Oinkologne ex Box,Miscellaneous Cards & Products,50.07,2026-08-27,527801
576482,Ogerpon ex Premium Collection,Miscellaneous Cards & Products,59.83,2026-08-27,576482
248205,Mythical Squishy Premium Collection,Miscellaneous Cards & Products,250.41,2026-08-27,248205
517120,Mythical 2-Pack Blister [Jirachi],Miscellaneous Cards & Products,58.23,2026-08-27,517120
517119,Mythical 2-Pack Blister [Celebi],Miscellaneous Cards & Products,59.95,2026-08-27,517119
262646,Morpeko V-UNION Special Collection,Miscellaneous Cards & Products,69.16,2026-08-27,262646
498043,Mimikyu ex Showcase,Miscellaneous Cards & Products,58.71,2026-08-27,498043
475802,Mimikyu ex Box,Miscellaneous Cards & Products,92.15,2026-08-27,475802
655747,Mimikyu ex & Alcremie ex Premium Collection,Miscellaneous Cards & Products,114.62,2026-08-27,655747
247820,Mighty Mysterious Tin [Snorlax],Miscellaneous Cards & Products,85.85,2026-08-27,247820
247818,Mighty Mysterious Tin [Mimikyu],Miscellaneous Cards & Products,87.71,2026-08-27,247818
247819,Mighty Mysterious Tin [Darkrai],Miscellaneous Cards & Products,58.48,2026-08-27,247819
286476,Mew V Box,Miscellaneous Cards & Products,120,2026-08-27,286476
230427,Meowth VMAX Special Collection (International Version),Miscellaneous Cards & Products,309.99,2026-08-27,230427
205464,Meowth VMAX Special Collection,Miscellaneous Cards & Products,285.78,2026-08-27,205464
662750,Melmetal ex Box,Miscellaneous Cards & Products,38.47,2026-08-27,662750
682940,Mega Zygarde ex Premium Collection Case,Miscellaneous Cards & Products,278.02,2026-08-27,682940
682939,Mega Zygarde ex Premium Collection,Miscellaneous Cards & Products,48.96,2026-08-27,682939
654212,Mega Venusaur ex Premium Collection,Miscellaneous Cards & Products,69.95,2026-08-27,654212
686437,Mega Moonlit Tin [Mega Gengar ex],Miscellaneous Cards & Products,33.95,2026-08-27,686437
686438,Mega Moonlit Tin [Mega Clefable ex],Miscellaneous Cards & Products,26.68,2026-08-27,686438
686439,Mega Moonlit Tin Case,Miscellaneous Cards & Products,133.29,2026-08-27,686439
656488,Mega Lucario ex Premium Figure Collection Case,Miscellaneous Cards & Products,259.96,2026-08-23,656488
656487,Mega Lucario ex Premium Figure Collection,Miscellaneous Cards & Products,56.4,2026-08-27,656487
654188,Mega Latias ex Box,Miscellaneous Cards & Products,41.61,2026-08-27,654188
654211,Mega Kangaskhan ex Box,Miscellaneous Cards & Products,37.94,2026-08-27,654211
690661,Mega Greninja ex Premium Collection Case,Miscellaneous Cards & Products,237.35,2026-08-27,690661
690660,Mega Greninja ex Premium Collection,Miscellaneous Cards & Products,47,2026-08-27,690660
702508,Mega Forces Tin [Set of 3],Miscellaneous Cards & Products,109.24,2026-08-27,702508
702507,Mega Forces Tin [Mega Zeraora ex],Miscellaneous Cards & Products,54.49,2026-08-27,702507
702505,Mega Forces Tin [Mega Dragonite ex],Miscellaneous Cards & Products,53.83,2026-08-27,702505
702506,Mega Forces Tin [Mega Darkrai ex],Miscellaneous Cards & Products,54.64,2026-08-27,702506
702509,Mega Forces Tin Case,Miscellaneous Cards & Products,199.99,2026-08-27,702509
664895,Mega Charizard X ex Ultra Premium Collection Case,Miscellaneous Cards & Products,923.26,2026-08-27,664895
654213,Mega Charizard X ex Ultra Premium Collection,Miscellaneous Cards & Products,230.09,2026-08-27,654213
679554,Mega Charizard Tin Case,Miscellaneous Cards & Products,211.73,2026-08-27,679554
671249,Mega Charizard Tin (Mega Charizard Y),Miscellaneous Cards & Products,43.68,2026-08-27,671249
671250,Mega Charizard Tin (Mega Charizard X),Miscellaneous Cards & Products,42.86,2026-08-27,671250
661999,Mega Battle Deck: Mega Gengar ex/Mega Diancie ex [Set of 2],Miscellaneous Cards & Products,88.37,2026-08-27,661999
661998,Mega Battle Deck Display (Mega Gengar ex/Mega Diancie ex),Miscellaneous Cards & Products,179.99,2026-08-27,661998
659192,Mega Battle Deck (Mega Gengar ex),Miscellaneous Cards & Products,64.91,2026-08-27,659192
659193,Mega Battle Deck (Mega Diancie ex),Miscellaneous Cards & Products,22.45,2026-08-27,659193
606605,Meddling Sparks Premium Collection,Miscellaneous Cards & Products,111.34,2026-08-27,606605
629647,Masks of Ogerpon Premium Collection,Miscellaneous Cards & Products,87.12,2026-08-27,629647
236549,Marshadow Box (International Version),Miscellaneous Cards & Products,97.49,2026-08-27,236549
241093,Marnie Premium Tournament Collection Box,Miscellaneous Cards & Products,129.17,2026-08-27,241093
633081,Mabosstiff ex Showcase,Miscellaneous Cards & Products,21.77,2026-08-27,633081
532404,Mabosstiff ex Box Case,Miscellaneous Cards & Products,210,2026-08-27,532404
531572,Mabosstiff ex Box,Miscellaneous Cards & Products,37.62,2026-08-27,531572
264764,Lycanroc V / Corviknight V Battle Decks [Set of 2],Miscellaneous Cards & Products,24.98,2026-08-27,264764
685580,Lumiose City Mini Tin [Set of 5],Miscellaneous Cards & Products,63.26,2026-08-27,685580
685575,Lumiose City Mini Tin [Salamence & Litleo],Miscellaneous Cards & Products,13.33,2026-08-27,685575
685576,Lumiose City Mini Tin [Meganium & Meowstic],Miscellaneous Cards & Products,14.5,2026-08-27,685576
685579,Lumiose City Mini Tin [Gallade & Goomy],Miscellaneous Cards & Products,13.85,2026-08-27,685579
685578,Lumiose City Mini Tin [Feraligatr & Budew],Miscellaneous Cards & Products,15.31,2026-08-27,685578
685577,Lumiose City Mini Tin [Emboar & Inkay],Miscellaneous Cards & Products,14.27,2026-08-27,685577
685581,Lumiose City Mini Tin Display Case,Miscellaneous Cards & Products,456.98,2026-08-27,685581
685574,Lumiose City Mini Tin Display,Miscellaneous Cards & Products,114.28,2026-08-27,685574
655739,Lugia ex & Latias ex Premium Collection,Miscellaneous Cards & Products,111.95,2026-08-27,655739
497728,Lucario VSTAR Special Collection,Miscellaneous Cards & Products,79.47,2026-08-27,497728
262637,Lucario VSTAR Premium Collection,Miscellaneous Cards & Products,98.41,2026-08-27,262637
657111,Lillie Premium Tournament Collection Box Case,Miscellaneous Cards & Products,349.5,2026-08-27,657111
626605,Lillie Premium Tournament Collection Box,Miscellaneous Cards & Products,76.71,2026-08-27,626605
181696,Let's Play Theme Deck [Pikachu],Miscellaneous Cards & Products,38.08,2026-08-27,181696
181697,Let's Play Theme Deck [Eevee],Miscellaneous Cards & Products,49.35,2026-08-27,181697
202117,Let's Play Pokemon TCG Box,Miscellaneous Cards & Products,59.27,2026-08-27,202117
228813,Legends of Johto Pin Collection,Miscellaneous Cards & Products,278.37,2026-08-27,228813
594495,Legendary Warriors Premium Collection,Miscellaneous Cards & Products,194.41,2026-08-27,594495
265946,Legendary Beasts Collector Pin 3 Pack Blister [Suicune],Miscellaneous Cards & Products,126.94,2026-07-14,265946
265943,Legendary Beasts Collector Pin 3 Pack Blister [Raikou],Miscellaneous Cards & Products,139.95,2026-08-10,265943
265945,Legendary Beasts Collector Pin 3 Pack Blister [Entei],Miscellaneous Cards & Products,116.95,2026-08-27,265945
214271,League Battle Decks [Set of 2],Miscellaneous Cards & Products,289.99,2026-07-14,214271
214270,League Battle Decks [Reshiram & Charizard GX],Miscellaneous Cards & Products,164.31,2026-08-27,214270
214269,League Battle Decks [Pikachu & Zekrom GX],Miscellaneous Cards & Products,237.03,2026-08-27,214269
226138,League Battle Deck [Zacian V],Miscellaneous Cards & Products,65.49,2026-08-27,226138
654567,League Battle Deck [Team Rocket's Mewtwo ex],Miscellaneous Cards & Products,23.98,2026-08-27,654567
248071,League Battle Deck [Single Strike Urshifu VMAX],Miscellaneous Cards & Products,16.08,2026-08-27,248071
271997,League Battle Deck [Shadow Rider/Ice Rider Calyrex VMAX] [Set of 2],Miscellaneous Cards & Products,39.49,2026-08-27,271997
271946,League Battle Deck [Shadow Rider Calyrex VMAX],Miscellaneous Cards & Products,22.5,2026-08-27,271946
248073,League Battle Deck [Rapid/Single Strike Urshifu VMAX] [Set of 2],Miscellaneous Cards & Products,49.91,2026-08-27,248073
248072,League Battle Deck [Rapid Strike Urshifu VMAX],Miscellaneous Cards & Products,23.26,2026-08-27,248072
484213,League Battle Deck [Origin Forme Palkia VSTAR],Miscellaneous Cards & Products,24.04,2026-08-27,484213
516580,League Battle Deck [Miraidon ex],Miscellaneous Cards & Products,18.15,2026-08-27,516580
684106,League Battle Deck [Mega Lucario ex],Miscellaneous Cards & Products,14.99,2026-08-27,684106
236379,League Battle Deck [Inteleon VMAX],Miscellaneous Cards & Products,22.27,2026-08-27,236379
271947,League Battle Deck [Ice Rider Calyrex VMAX],Miscellaneous Cards & Products,21.41,2026-08-27,271947
539385,League Battle Deck [Gardevoir ex],Miscellaneous Cards & Products,46.96,2026-08-27,539385
623029,League Battle Deck [Dragapult ex],Miscellaneous Cards & Products,110.03,2026-08-27,623029
575294,League Battle Deck [Charizard ex],Miscellaneous Cards & Products,121.61,2026-08-27,575294
271998,League Battle Deck Display [Shadow Rider/Ice Rider Calyrex VMAX],Miscellaneous Cards & Products,92.5,2026-08-27,271998
684107,League Battle Deck Case [Mega Lucario ex],Miscellaneous Cards & Products,52.16,2026-08-27,684107
186984,"Knock Out Collection [Tyranitar, Shiftry, and Vivillon]",Miscellaneous Cards & Products,185.91,2026-08-27,186984
264416,"Knock Out Collection [Toxtricity, Duraludon, Sandaconda]",Miscellaneous Cards & Products,28.6,2026-08-27,264416
670783,Knock Out Collection [Suicune],Miscellaneous Cards & Products,14.87,2026-08-27,670783
543172,"Knock Out Collection [Shaymin, Zeraora, and Marshadow]",Miscellaneous Cards & Products,21.87,2026-08-27,543172
186994,"Knock Out Collection [Lucario, Bisharp, and Zoroark]",Miscellaneous Cards & Products,179.98,2026-08-27,186994
670782,Knock Out Collection [Kyogre],Miscellaneous Cards & Products,15.34,2026-08-27,670782
603323,Knock Out Collection [Iron Jugulis],Miscellaneous Cards & Products,24.49,2026-08-27,603323
477475,"Knock Out Collection [Galarian Slowking, Galarian Obstagoon, and Dragapult]",Miscellaneous Cards & Products,32.32,2026-08-27,477475
628494,Knock Out Collection [Chien-Pao],Miscellaneous Cards & Products,20.43,2026-08-27,628494
264422,"Knock Out Collection [Boltund, Eiscue, Galarian Sirfetch'd]",Miscellaneous Cards & Products,31.99,2026-08-27,264422
628493,Knock Out Collection [Alakazam],Miscellaneous Cards & Products,22.26,2026-08-27,628493
532560,Kleavor VSTAR Special Collection,Miscellaneous Cards & Products,56.97,2026-08-27,532560
637464,Kleavor VSTAR Premium Collection (International),Miscellaneous Cards & Products,63.1,2026-08-27,637464
270478,Kleavor VSTAR Premium Collection,Miscellaneous Cards & Products,84.79,2026-08-27,270478
477284,Klara Premium Tournament Collection Box,Miscellaneous Cards & Products,79.6,2026-08-27,477284
198439,Kanto Power Mini Tin [Vulpix],Miscellaneous Cards & Products,32.83,2026-08-27,198439
198438,Kanto Power Mini Tin [Mewtwo],Miscellaneous Cards & Products,32.85,2026-08-27,198438
198437,Kanto Power Mini Tin [Mew],Miscellaneous Cards & Products,39.06,2026-08-27,198437
198434,Kanto Power Mini Tin [Dragonite],Miscellaneous Cards & Products,36.04,2026-08-27,198434
198431,Kanto Power Mini Tin [Charizard],Miscellaneous Cards & Products,38.01,2026-08-27,198431
224741,Kanto Power Mini Tin Display,Miscellaneous Cards & Products,315.88,2026-08-27,224741
253839,Kanto Friends Mini Tins 5-Pack,Miscellaneous Cards & Products,286.5,2026-08-27,253839
185265,Kanto Friends Mini Tin [Squirtle],Miscellaneous Cards & Products,36.47,2026-08-27,185265
550688,Kanto Friends Mini Tin [Set of 5],Miscellaneous Cards & Products,197.47,2026-08-27,550688
185262,Kanto Friends Mini Tin [Pikachu],Miscellaneous Cards & Products,28.31,2026-08-27,185262
185263,Kanto Friends Mini Tin [Eevee],Miscellaneous Cards & Products,29.12,2026-08-27,185263
185264,Kanto Friends Mini Tin [Charmander],Miscellaneous Cards & Products,30.43,2026-08-27,185264
185261,Kanto Friends Mini Tin [Bulbasaur],Miscellaneous Cards & Products,34.37,2026-08-27,185261
224742,Kanto Friends Mini Tin Display,Miscellaneous Cards & Products,260,2026-08-27,224742
249693,Jolteon VMAX Premium Collection,Miscellaneous Cards & Products,317.32,2026-08-27,249693
583776,Jirachi V Box,Miscellaneous Cards & Products,86.95,2026-08-27,583776
226133,Jirachi GX Collection,Miscellaneous Cards & Products,300,2026-08-27,226133
516578,Iron Valiant ex Box,Miscellaneous Cards & Products,41.15,2026-08-27,516578
616304,Iono’s Bellibolt ex Premium Collection,Miscellaneous Cards & Products,54.5,2026-08-27,616304
545404,Iono Premium Tournament Collection Display,Miscellaneous Cards & Products,318.12,2026-08-27,545404
545403,Iono Premium Tournament Collection Box,Miscellaneous Cards & Products,113.24,2026-08-27,545403
282645,Infernape V Showcase,Miscellaneous Cards & Products,99.99,2026-02-17,282645
277568,Infernape V Box,Miscellaneous Cards & Products,63.4,2026-08-27,277568
664092,Incineroar ex and Torterra ex Special Collection,Miscellaneous Cards & Products,70.42,2026-08-27,664092
653199,Hydreigon ex & Dragapult ex Premium Collection,Miscellaneous Cards & Products,96.05,2026-08-27,653199
561521,Houndstone ex Box,Miscellaneous Cards & Products,41.45,2026-08-27,561521
616303,Hop's Zacian ex Box,Miscellaneous Cards & Products,32.65,2026-08-27,616303
639830,Holiday Calendar 2025 Case,Miscellaneous Cards & Products,399.99,2026-08-27,639830
639828,Holiday Calendar 2025,Miscellaneous Cards & Products,74.65,2026-08-27,639828
559089,Holiday Calendar 2024,Miscellaneous Cards & Products,68.6,2026-08-27,559089
505939,Holiday Calendar 2023,Miscellaneous Cards & Products,94.12,2026-08-27,505939
282250,Holiday Calendar,Miscellaneous Cards & Products,189.91,2026-08-27,282250
281993,Hidden Potential Tin [Set of 3],Miscellaneous Cards & Products,320,2026-08-27,281993
281981,Hidden Potential Tin [Rotom V],Miscellaneous Cards & Products,90.9,2026-08-27,281981
281984,Hidden Potential Tin [Giratina V],Miscellaneous Cards & Products,139.81,2026-08-27,281984
281982,Hidden Potential Tin [Gallade V],Miscellaneous Cards & Products,79.9,2026-08-27,281982
529698,Heavy Hitters Premium Collection (Fall 2023),Miscellaneous Cards & Products,296.7,2026-08-27,529698
526914,Gyarados ex Premium Collection,Miscellaneous Cards & Products,117.75,2026-08-27,526914
594491,Greninja ex Ultra-Premium Collection,Miscellaneous Cards & Products,493.48,2026-08-27,594491
575186,Greninja ex Battle Deck & 2 Booster Bundle,Miscellaneous Cards & Products,15.99,2026-08-27,575186
656950,Greninja EX & Kingdra EX Special Collection Box,Miscellaneous Cards & Products,68.68,2026-08-27,656950
594896,Grand Adventure Collection,Miscellaneous Cards & Products,45.69,2026-08-27,594896
546458,Grafaiai ex Box,Miscellaneous Cards & Products,44.34,2026-08-27,546458
190360,General Mills Promo Booster Pack [Sun & Moon],Miscellaneous Cards & Products,35.85,2026-08-27,190360
190359,General Mills Promo Booster Pack [Kanto],Miscellaneous Cards & Products,30.88,2026-08-27,190359
232770,General Mills 25th Anniversary Booster Pack,Miscellaneous Cards & Products,13.4,2026-08-27,232770
239236,Gardevoir V/Victini V Battle Decks [Set of 2],Miscellaneous Cards & Products,38.88,2026-08-27,239236
218858,Galar Power Mini Tin [Toxtricity],Miscellaneous Cards & Products,33.82,2026-08-27,218858
449727,Galar Power Mini Tin [Set of 5],Miscellaneous Cards & Products,159.99,2026-08-27,449727
218855,Galar Power Mini Tin [Galarian Sirfetch'd],Miscellaneous Cards & Products,39.85,2026-08-27,218855
218856,Galar Power Mini Tin [Galarian Rapidash],Miscellaneous Cards & Products,46.56,2026-08-27,218856
218857,Galar Power Mini Tin [Galarian Obstagoon],Miscellaneous Cards & Products,39.72,2026-08-27,218857
218854,Galar Power Mini Tin [Dragapult],Miscellaneous Cards & Products,47.65,2026-08-27,218854
218853,Galar Power Mini Tin Display,Miscellaneous Cards & Products,258.85,2026-08-27,218853
207990,Galar Pal Mini Tin [Yamper & Morpeko],Miscellaneous Cards & Products,41.23,2026-08-27,207990
207989,Galar Pal Mini Tin [Sobble & Rookidee],Miscellaneous Cards & Products,32.14,2026-08-27,207989
207992,Galar Pal Mini Tin [Set of 5],Miscellaneous Cards & Products,149.02,2026-08-27,207992
207988,Galar Pal Mini Tin [Scorbunny & Pikachu],Miscellaneous Cards & Products,36.04,2026-08-27,207988
207987,Galar Pal Mini Tin [Grookey & Wooloo],Miscellaneous Cards & Products,36.46,2026-08-27,207987
207986,Galar Pal Mini Tin [Galarian Ponyta],Miscellaneous Cards & Products,38.3,2026-08-27,207986
207991,Galar Pal Mini Tin Display,Miscellaneous Cards & Products,139.99,2026-03-03,207991
199785,Galar Collection [Sobble] - with Zamazenta V,Miscellaneous Cards & Products,250,2026-08-27,199785
199782,Galar Collection [Scorbunny] - with Zacian V,Miscellaneous Cards & Products,220,2026-07-20,199782
199780,Galar Collection [Grookey] - with Zacian V,Miscellaneous Cards & Products,164.93,2026-01-24,199780
220291,Galar Challengers Tin [Toxtricity V],Miscellaneous Cards & Products,170,2026-08-27,220291
220289,Galar Challengers Tin [Polteageist V],Miscellaneous Cards & Products,40,2026-08-27,220289
220290,Galar Challengers Tin [Copperajah V],Miscellaneous Cards & Products,34.93,2026-03-19,220290
249705,Flareon VMAX Premium Collection,Miscellaneous Cards & Products,307.53,2026-08-27,249705
654593,Fall 2025 Collector Chest,Miscellaneous Cards & Products,47.6,2026-08-27,654593
575706,Fall 2024 Collector Chest,Miscellaneous Cards & Products,68.58,2026-08-27,575706
516647,Fall 2023 Collector Chest,Miscellaneous Cards & Products,65.17,2026-08-27,516647
263034,Fall 2020 Collector's Chest Tin + Ultra Ball 2-Pack (Retail Exclusive),Miscellaneous Cards & Products,127,2026-08-27,263034
263029,Fall 2020 Collector's Chest Tin + Premier Ball 2-Pack (Retail Exclusive),Miscellaneous Cards & Products,129.98,2026-08-27,263029
263030,Fall 2020 Collector's Chest Tin + Poke Ball 2-Pack (Retail Exclusive),Miscellaneous Cards & Products,132.99,2026-08-27,263030
263033,Fall 2020 Collector's Chest Tin + Level Ball 2-Pack (Retail Exclusive),Miscellaneous Cards & Products,117.5,2026-08-27,263033
200142,Fall 2019 Collector's Chest Tin,Miscellaneous Cards & Products,1432.99,2026-08-27,200142
520353,Evolving Powers Premium Collection (Target Exclusive),Miscellaneous Cards & Products,233.32,2026-08-27,520353
616940,"Enhanced 2-Pack Blister Pack [Palafin, Baxcalibur & Garganacl]",Miscellaneous Cards & Products,24.32,2026-08-27,616940
616951,"Enhanced 2-Pack Blister Pack [Latios, Zekrom & Palkia]",Miscellaneous Cards & Products,22.55,2026-08-27,616951
279606,"Enhanced 2-Pack Blister Pack [Galarian Articuno, Galarian Zapdos, & Galarian Moltres]",Miscellaneous Cards & Products,41.7,2026-08-27,279606
489343,"Enhanced 2-Pack Blister Pack [Articuno, Zapdos, & Moltres]",Miscellaneous Cards & Products,32.83,2026-08-27,489343
616953,"Enhanced 2-Pack Blister Pack [Armarouge, Revavroom & Houndstone]",Miscellaneous Cards & Products,26.76,2026-08-27,616953
283135,"Enhanced 2-Pack Blister Pack [Alolan Dugtrio, Alolan Muk, & Alolan Golem]",Miscellaneous Cards & Products,69.99,2026-03-04,283135
199788,Elemental Power Tin [Vaporeon GX],Miscellaneous Cards & Products,148.97,2026-08-27,199788
199789,Elemental Power Tin [Jolteon GX],Miscellaneous Cards & Products,150.75,2026-08-27,199789
199787,Elemental Power Tin [Flareon GX],Miscellaneous Cards & Products,154.97,2026-08-27,199787
251014,Eevee Pokemon Treasure Chest Tin,Miscellaneous Cards & Products,92.74,2026-08-27,251014
243559,Eevee Evolutions Tin [Vaporeon V],Miscellaneous Cards & Products,65.93,2026-08-27,243559
243571,Eevee Evolutions Tin [Set of 3],Miscellaneous Cards & Products,200,2026-08-27,243571
243561,Eevee Evolutions Tin [Jolteon V],Miscellaneous Cards & Products,72.74,2026-08-27,243561
243562,Eevee Evolutions Tin [Flareon V],Miscellaneous Cards & Products,69.77,2026-08-27,243562
243573,Eevee Evolutions Tin Case,Miscellaneous Cards & Products,549.99,2026-08-27,243573
286470,Eevee Evolutions Premium Collection,Miscellaneous Cards & Products,276.87,2026-08-27,286470
249713,Eevee Evolution VMAX Premium Collection [Set of 3],Miscellaneous Cards & Products,938.79,2026-08-27,249713
604240,Eevee Evolution VMAX Premium Collection Case,Miscellaneous Cards & Products,2174.5,2026-08-27,604240
594414,Dragonite Dragons Tin (Walgreens Exclusive),Miscellaneous Cards & Products,54.92,2026-08-27,594414
218437,Dragonite Dragons Tin,Miscellaneous Cards & Products,71.01,2026-08-27,218437
272521,Divergent Powers Tin [Set of 3],Miscellaneous Cards & Products,281,2026-08-27,272521
271944,Divergent Powers Tin [Hisuian Typhlosion V] (International Version),Miscellaneous Cards & Products,66.56,2026-08-27,271944
271940,Divergent Powers Tin [Hisuian Typhlosion V],Miscellaneous Cards & Products,104.98,2026-08-27,271940
271943,Divergent Powers Tin [Hisuian Samurott V] (International Version),Miscellaneous Cards & Products,58.74,2026-08-27,271943
271939,Divergent Powers Tin [Hisuian Samurott V],Miscellaneous Cards & Products,101.16,2026-08-27,271939
271942,Divergent Powers Tin [Hisuian Decidueye V] (International Version),Miscellaneous Cards & Products,46.81,2026-08-27,271942
271941,Divergent Powers Tin [Hisuian Decidueye V],Miscellaneous Cards & Products,102.97,2026-08-27,271941
282004,Deoxys/Zeraora VMAX & VSTAR Battle Box [Set of 2],Miscellaneous Cards & Products,143.33,2026-08-27,282004
282002,Deoxys VMAX & VSTAR Battle Box,Miscellaneous Cards & Products,97.42,2026-08-27,282002
280859,Deoxys V / Zeraora V Battle Decks [Set of 2],Miscellaneous Cards & Products,29.17,2026-08-27,280859
504257,Deluxe Battle Deck: Quaquaval ex/Meowscarada ex [Set of 2],Miscellaneous Cards & Products,74.69,2026-08-27,504257
564248,Deluxe Battle Deck: Miraidon ex/Koraidon ex  [Set of 2],Miscellaneous Cards & Products,59.16,2026-08-27,564248
539428,Deluxe Battle Deck [Zapdos ex],Miscellaneous Cards & Products,21.48,2026-08-27,539428
504252,Deluxe Battle Deck [Quaquaval ex],Miscellaneous Cards & Products,20.86,2026-08-27,504252
539429,Deluxe Battle Deck [Ninetales ex],Miscellaneous Cards & Products,26.41,2026-08-27,539429
564145,Deluxe Battle Deck [Miraidon ex],Miscellaneous Cards & Products,22.83,2026-08-27,564145
504250,Deluxe Battle Deck [Meowscarada ex],Miscellaneous Cards & Products,36.17,2026-08-27,504250
564146,Deluxe Battle Deck [Koraidon ex],Miscellaneous Cards & Products,27.33,2026-08-27,564146
604493,Decidueye ex Box,Miscellaneous Cards & Products,59.99,2026-08-27,604493
286618,Darkrai VSTAR Premium Collection,Miscellaneous Cards & Products,147.1,2026-08-27,286618
558746,Dark Powers ex Special Collection,Miscellaneous Cards & Products,108.21,2026-08-27,558746
477289,Cyrus/Klara Premium Tournament Collection Display,Miscellaneous Cards & Products,324.94,2026-08-27,477289
477288,Cyrus/Klara Premium Tournament Collection Box [Set of 2],Miscellaneous Cards & Products,159.8,2026-08-27,477288
477286,Cyrus Premium Tournament Collection Box,Miscellaneous Cards & Products,77.51,2026-08-27,477286
625952,Cynthia's Garchomp ex Premium Collection,Miscellaneous Cards & Products,73.18,2026-08-27,625952
484372,Cyclizar ex Box,Miscellaneous Cards & Products,41.96,2026-08-27,484372
653892,Costco Prismatic Evolutions 8-Pack Mini Tins,Miscellaneous Cards & Products,284.11,2026-08-27,653892
650397,Costco Pokemon Surging Sparks 2-Pack Trainer Box and Booster Bundle,Miscellaneous Cards & Products,175.97,2026-08-27,650397
594729,Costco Pokemon Scarlet & Violet Paldean Fates Mini Tin 5-pack,Miscellaneous Cards & Products,307.74,2026-08-27,594729
587746,Costco Pokemon Scarlet & Violet 151 Mini Tin 5-pack (Meowth),Miscellaneous Cards & Products,278.89,2026-08-27,587746
587747,Costco Pokemon Scarlet & Violet 151 Mini Tin 5-pack (Magneton),Miscellaneous Cards & Products,280.02,2026-08-27,587747
636740,Costco Pokemon Prismatic Evolutions 2-Pack Trainer Box and Booster Bundle,Miscellaneous Cards & Products,288.04,2026-08-27,636740
650885,Costco Pokemon Pokemon Holiday Calendar and Great Ball Bundle,Miscellaneous Cards & Products,84.84,2026-08-27,650885
610741,Costco Pokemon Evolving Skies Elite Trainer Box and Tin,Miscellaneous Cards & Products,596.66,2026-08-27,610741
587750,Costco Pokemon Collector 3-Pack: Scarlet & Violet 151 ETB + Paldea Legends Tins,Miscellaneous Cards & Products,930.1,2026-08-27,587750
256408,Costco Pokemon Collector 3-Pack: Eevee Treasure Chest + 2 Poke Ball Tins,Miscellaneous Cards & Products,212.43,2026-08-27,256408
636312,Costco Pokemon Collector 3-Pack: Crown Zenith ETB + Paldea Legends Tins,Miscellaneous Cards & Products,422.86,2026-08-27,636312
551456,Costco Galar Pals Mini Tins 5-Pack,Miscellaneous Cards & Products,250.66,2026-08-27,551456
685924,Costco 6-Pack Poke balls,Miscellaneous Cards & Products,119.08,2026-08-27,685924
532385,Combined Powers Premium Collection,Miscellaneous Cards & Products,120.9,2026-08-27,532385
230086,Collector's Pin Two Pack Blisters [Umbreon],Miscellaneous Cards & Products,50,2026-01-20,230086
235710,Collector's Pin Two Pack Blisters [Mimikyu],Miscellaneous Cards & Products,107,2026-08-27,235710
503300,Collector's Pin Two Pack Blisters [Jirachi],Miscellaneous Cards & Products,117.5,2026-08-27,503300
230085,Collector's Pin Two Pack Blisters [Espeon],Miscellaneous Cards & Products,40,2026-07-31,230085
235709,Collector's Pin Two Pack Blisters [Charizard],Miscellaneous Cards & Products,85,2026-08-27,235709
456118,Checklane 2-Pack Pin Blister [Latios],Miscellaneous Cards & Products,79.97,2026-08-27,456118
456111,Checklane 2-Pack Pin Blister [Latias],Miscellaneous Cards & Products,85.69,2026-08-27,456111
650148,Checklane 2-Pack Pin Blister [Darkrai],Miscellaneous Cards & Products,39.99,2026-07-01,650148
489632,Checklane 2-Pack Pin Blister [Celebi],Miscellaneous Cards & Products,74.92,2026-08-27,489632
650144,Checklane 2-Pack Pin Blister [Arceus],Miscellaneous Cards & Products,39.99,2026-08-02,650144
653625,Checklane 2-Pack Blister [Pawmot] (3-tab),Miscellaneous Cards & Products,21.37,2026-08-27,653625
598499,Checklane 2-Pack Blister [Pawmot] (1-tab),Miscellaneous Cards & Products,14.86,2026-08-27,598499
654113,Checklane 2-Pack Blister [Archaludon] (3-tab),Miscellaneous Cards & Products,17,2026-08-27,654113
237105,Checklane 2 Mini-Pack Blister [Dragonite],Miscellaneous Cards & Products,24.99,2026-08-27,237105
649295,Charizard ex Super-Premium Collection Case,Miscellaneous Cards & Products,349.98,2026-08-11,649295
560625,Charizard ex Super-Premium Collection,Miscellaneous Cards & Products,124.43,2026-08-27,560625
639446,Charizard ex Special Collection Case,Miscellaneous Cards & Products,283.31,2026-07-23,639446
616305,Charizard ex Special Collection,Miscellaneous Cards & Products,60.22,2026-08-27,616305
523954,Charizard ex Premium Collection Case,Miscellaneous Cards & Products,566.95,2026-08-27,523954
516576,Charizard ex Premium Collection,Miscellaneous Cards & Products,113.03,2026-08-27,516576
262968,Boltund V Box,Miscellaneous Cards & Products,66.99,2026-08-27,262968
575897,Bloodmoon Ursaluna ex Box,Miscellaneous Cards & Products,36.42,2026-08-27,575897
650229,Blaziken ex & Volcanion ex Premium Collection,Miscellaneous Cards & Products,88.24,2026-08-27,650229
231295,Blastoise VMAX Battle Box,Miscellaneous Cards & Products,104.15,2026-08-27,231295
239237,Blastoise V/Venusaur V Battle Decks [Set of 2],Miscellaneous Cards & Products,59.2,2026-08-27,239237
662745,Black Kyurem ex Box,Miscellaneous Cards & Products,41.32,2026-08-27,662745
198526,Battle Arena Deck: Rayquaza GX,Miscellaneous Cards & Products,280,2026-08-27,198526
549454,Back-to-School 2024 Collector Chest,Miscellaneous Cards & Products,47.81,2026-08-27,549454
633084,Azure Legends Tins [Set of 3] (International Version),Miscellaneous Cards & Products,111.88,2026-08-27,633084
619075,Azure Legends Tins [Set of 3],Miscellaneous Cards & Products,116.77,2026-08-27,619075
633083,Azure Legends Tin [Xerneas ex] (International Version),Miscellaneous Cards & Products,33.39,2026-08-27,633083
616293,Azure Legends Tin [Xerneas ex],Miscellaneous Cards & Products,37.37,2026-08-27,616293
633082,Azure Legends Tin [Kyogre ex] (International Version),Miscellaneous Cards & Products,35.15,2026-08-27,633082
616292,Azure Legends Tin [Kyogre ex],Miscellaneous Cards & Products,44.01,2026-08-27,616292
628094,Azure Legends Tin [Dialga ex] (International Version),Miscellaneous Cards & Products,33.19,2026-08-27,628094
616291,Azure Legends Tin [Dialga ex],Miscellaneous Cards & Products,38.02,2026-08-27,616291
539305,Armarouge ex Premium Collection,Miscellaneous Cards & Products,58.81,2026-08-27,539305
656955,Archaludon ex Box,Miscellaneous Cards & Products,37.78,2026-08-27,656955
497177,Annihilape ex Box,Miscellaneous Cards & Products,53.48,2026-08-27,497177
205384,Alolan Sandslash GX Box,Miscellaneous Cards & Products,370,2026-08-27,205384
264259,Alolan Raichu Box,Miscellaneous Cards & Products,144.84,2026-08-27,264259
706250,2-Pack Blister [Zarude],Miscellaneous Cards & Products,21.97,2026-08-27,706250
671271,2-Pack Blister [Raikou] (3-tab),Miscellaneous Cards & Products,19.53,2026-08-27,671271
671274,2-Pack Blister [Raikou] (1-tab),Miscellaneous Cards & Products,17.54,2026-08-27,671274
656995,"2-Pack Blister Pack [Team Rocket's Articuno, Zapdos & Tyranitar]",Miscellaneous Cards & Products,22.29,2026-08-27,656995
683264,"2-Pack Blister Pack [Oddish, Gloom, & Vileplume]",Miscellaneous Cards & Products,18.7,2026-08-27,683264
482320,"2-Pack Blister Pack [Meganium, Typhlosion & Feraligatr]",Miscellaneous Cards & Products,116.74,2026-08-27,482320
634329,"2 Pack Blister [Tornadus, Thundurus & Landorus]",Miscellaneous Cards & Products,26.96,2026-08-27,634329
248714,"2 Pack Blister [Snorlax, Morpeko & Applin Cards]",Miscellaneous Cards & Products,29.16,2026-08-27,248714
625051,2 Booster Packs & Latios Collector's Pin,Miscellaneous Cards & Products,44.97,2026-08-27,625051
625050,2 Booster Packs & Latias Collector's Pin,Miscellaneous Cards & Products,37.73,2026-08-27,625050
625038,2 Booster Packs & Jirachi Collector's Pin,Miscellaneous Cards & Products,36.65,2026-08-27,625038
625049,2 Booster Packs & Celebi Collector's Pin,Miscellaneous Cards & Products,39.05,2026-08-27,625049
261803,First Partner Packs [Set of 8] + Binder,First Partner Pack,260.23,2026-08-27,261803
231302,First Partner Pack (Unova),First Partner Pack,21.69,2026-08-27,231302
231303,First Partner Pack (Sinnoh),First Partner Pack,22.37,2026-08-27,231303
231306,First Partner Pack (Kanto),First Partner Pack,67.5,2026-08-27,231306
231301,First Partner Pack (Kalos),First Partner Pack,24.68,2026-08-27,231301
231305,First Partner Pack (Johto),First Partner Pack,54.48,2026-08-27,231305
231304,First Partner Pack (Hoenn),First Partner Pack,24.51,2026-08-27,231304
231299,First Partner Pack (Galar),First Partner Pack,30.18,2026-08-27,231299
231300,First Partner Pack (Alola),First Partner Pack,22.58,2026-08-27,231300
