id,name,set,num,raw,psa8,n8,psa9,n9,psa10,n10,conf10,hot,updated,img
250307,Surfing Pikachu VMAX,Celebrations,009/025,7.65,19.51,19,26,202,80.995,762,high,1,2026-08-18,250307
250305,Flying Pikachu VMAX,Celebrations,007/025,8.78,18.5,28,25.87,222,86,761,high,1,2026-08-18,250305
250304,Flying Pikachu V,Celebrations,006/025,4.8,17.5,47,23.5,295,99.99,438,high,1,2026-08-18,250304
250306,Surfing Pikachu V,Celebrations,008/025,4.98,17.75,50,25,304,102,425,high,1,2026-08-18,250306
250295,Mew (Secret),Celebrations,025/025,63.5,48,9,69.99,211,217.5,348,high,1,2026-08-18,250295
45163,Pikachu,Jungle,60/64,25.82,40.5,175,79.99,187,554.9300000000001,148,medium,1,2026-08-18,45163
45154,Eevee,Jungle,51/64,16.56,30,84,45,125,210,83,high,1,2026-08-18,45154
250309,Mew,Celebrations,011/025,3.64,15,368,27,340,695,70,medium,1,2026-08-18,250309
45159,Meowth,Jungle,56/64,6.29,31,59,50.97,76,342.495,68,high,1,2026-08-18,45159
44422,Muk (13),Fossil,13/62,57.11,40.66,180,75,205,744.995,66,medium,1,2026-08-18,44422
250303,Pikachu,Celebrations,005/025,6.07,16,366,35,275,693.5,66,high,1,2026-08-18,250303
45153,Cubone,Jungle,50/64,10.68,46.06,63,87.99,94,440,49,medium,1,2026-08-18,45153
44420,Magneton (11),Fossil,11/62,48.59,69.475,188,114.995,162,989.495,48,medium,1,2026-08-18,44420
44427,Dragonite (19),Fossil,19/62,99.42,60.620000000000005,88,179,78,1524.995,46,high,1,2026-08-18,44427
44455,Psyduck,Fossil,53/62,12.1,39,57,76,73,505,44,medium,1,2026-08-18,44455
44452,Kabuto,Fossil,50/62,22.52,27.29,128,58.785,101,673.69,43,high,1,2026-08-18,44452
44454,Omanyte,Fossil,52/62,3.48,20,33,35.33,36,206.5,41,high,1,2026-08-18,44454
45157,Jigglypuff,Jungle,54/64,8.67,28.26,47,55,87,419.99,41,high,1,2026-08-18,45157
44456,Shellder,Fossil,54/62,1.78,20,24,26.5,32,175,39,medium,1,2026-08-18,44456
44449,Geodude,Fossil,47/62,3.48,23.465,26,39,52,175,38,medium,1,2026-08-18,44449
44457,Slowpoke,Fossil,55/62,6.84,29.494999999999997,59,43,56,327.495,37,medium,1,2026-08-18,44457
113670,M Charizard EX,Generations,12/83,163.65,174.995,140,355,93,2805,37,high,1,2026-08-18,113670
44424,Zapdos (15),Fossil,15/62,151.08,142,223,275,192,2150,35,low,1,2026-08-18,44424
44462,Gambler,Fossil,60/62,4.75,42,37,99.99,58,788.88,35,medium,1,2026-08-18,44462
45164,Rhyhorn,Jungle,61/64,3.65,19.45,24,31,35,188.78,35,medium,1,2026-08-18,45164
44428,Gengar (20),Fossil,20/62,102.88,99.495,77,180,67,2215,34,low,1,2026-08-18,44428
44451,Horsea,Fossil,49/62,3.27,21.125,22,34.99,68,164.625,34,high,1,2026-08-18,44451
45155,Exeggcute,Jungle,52/64,2.95,19,24,29.9,31,199.495,34,medium,1,2026-08-18,45155
86968,Machamp (Prime),Triumphant,95/102,51.18,74.9,31,189.99,53,1952.5,34,medium,1,2026-08-18,86968
44453,Krabby,Fossil,51/62,2.64,18.744999999999997,32,31,54,162.5,33,low,1,2026-08-18,44453
44419,Lapras (10),Fossil,10/62,110.04,79.99,266,335.79,174,5250,32,medium,1,2026-08-18,44419
106982,Jolteon (20),Jungle,20/64,55.86,38.25,31,65.5,44,699.995,32,high,1,2026-08-18,106982
44458,Tentacool,Fossil,56/62,1.77,17.51,18,27.99,41,152.5,31,medium,1,2026-08-18,44458
84144,Celebi,Skyridge,145/144,379.99,825,28,1349,37,8004,31,medium,1,2026-08-18,84144
44461,Energy Search,Fossil,59/62,0.99,16.5,18,26,27,100.06,30,medium,1,2026-08-18,44461
45158,Mankey,Jungle,55/64,2.38,22.5,34,31,52,193.77,30,high,1,2026-08-18,45158
83592,Arceus (AR1),Arceus,AR1,64.77,74.975,31,135,23,319,30,low,1,2026-08-18,83592
87118,Magnezone (Prime),Triumphant,96/102,45.84,117.12,12,147.25,23,1615.78,29,low,1,2026-08-18,87118
250317,Lugia,Celebrations,022/025,0.7,13.5,42,15.5,66,225,29,medium,1,2026-08-18,250317
44421,Moltres (12),Fossil,12/62,192.61,119.975,267,330.385,194,4050.255,28,low,1,2026-08-18,44421
85825,Golem,Skyridge,148/144,599.99,439.47,33,674.5,42,5300,28,low,1,2026-08-18,85825
106989,Snorlax (27),Jungle,27/64,72.99,82.495,63,260,45,1777,28,medium,1,2026-08-18,106989
45148,Rhydon,Jungle,45/64,11.63,28.195,26,61,39,512,27,medium,1,2026-08-18,45148
83454,Absol (Prime),Triumphant,91/102,125.17,197,43,310,38,2161.07,27,high,1,2026-08-18,83454
84148,Celebi (Prime),Triumphant,92/102,88.06,143.5,72,499.99,51,5700,27,low,1,2026-08-18,84148
85987,Gyarados (H10),Skyridge,H10/H32,1249.94,2953,4,3552.67,11,6250,27,medium,1,2026-08-18,85987
88076,Pikachu,Expedition,124/165,23.82,42,16,66,37,599.99,27,medium,1,2026-08-18,88076
44448,Ekans,Fossil,46/62,1.88,17.52,15,29.86,40,169.99,25,medium,1,2026-08-18,44448
44464,Mysterious Fossil,Fossil,62/62,1.36,18.68,14,27,35,129.245,25,low,1,2026-08-18,44464
45121,Scyther (10),Jungle,10/64,143.26,114.9,179,193.7,134,1900,25,medium,1,2026-08-18,45121
45152,Bellsprout,Jungle,49/64,3.81,24.5,30,30.285,48,207.5,25,medium,1,2026-08-18,45152
45156,Goldeen,Jungle,53/64,2.42,20,29,30,37,150.5,25,medium,1,2026-08-18,45156
45161,Oddish,Jungle,58/64,3.72,18,20,33,35,175,25,high,1,2026-08-18,45161
45162,Paras,Jungle,59/64,2.23,23.92,17,26,39,175,25,medium,1,2026-08-18,45162
45167,Poke Ball,Jungle,64/64,3.3,15.6,19,30.835,41,181.5,25,low,1,2026-08-18,45167
83598,Arceus (AR7),Arceus,AR7,42.66,94,21,139.495,23,315,24,low,1,2026-08-18,83598
87405,Mew (Prime),Triumphant,97/102,369.47,405,83,800,73,6900,24,low,1,2026-08-18,87405
44423,Raichu (14),Fossil,14/62,118.63,102.5,230,322.5,137,5470.52,23,low,1,2026-08-18,44423
44450,Grimer,Fossil,48/62,3.24,20.009999999999998,31,33.224999999999994,48,200,23,medium,1,2026-08-18,44450
45145,Persian,Jungle,42/64,10.87,29.99,36,51.58,29,399.99,23,medium,1,2026-08-18,45145
45165,Spearow,Jungle,62/64,2.36,21.25,18,26.9,33,184.95,23,high,1,2026-08-18,45165
106531,Raichu (29),Fossil,29/62,25.62,35.75,29,79.43,41,399.995,22,medium,1,2026-08-18,106531
106988,Scyther (26),Jungle,26/64,30.87,35,19,70.225,19,415,22,medium,1,2026-08-18,106988
44433,Arbok,Fossil,31/62,6.58,29.95,17,39,28,186.765,21,low,1,2026-08-18,44433
45166,Venonat,Jungle,63/64,2.16,23.5,18,30,35,180,21,high,1,2026-08-18,45166
106532,Zapdos (30),Fossil,30/62,25.4,45,46,155.73,48,529.17,21,medium,1,2026-08-18,106532
106990,Vaporeon (28),Jungle,28/64,36.22,45,21,167.43,27,649.5,21,low,1,2026-08-18,106990
87914,Palkia & Dialga Legend (Top),Triumphant,101/102,132.21,199,43,300,44,2575,20,low,1,2026-08-18,87914
106528,Magneton (26),Fossil,26/62,13.95,28.5,15,75.99,27,389.5,20,high,1,2026-08-18,106528
113669,Charizard EX,Generations,11/83,26.43,34,36,72.04,51,575,20,medium,1,2026-08-18,113669
250293,Professor's Research [Professor Oak] (Full Art),Celebrations,024/025,1.32,10.5,9,11.99,13,49.99,20,medium,1,2026-08-18,250293
44425,Articuno (17),Fossil,17/62,28.45,42,35,74.38499999999999,40,640,19,high,1,2026-08-18,44425
44438,Golem,Fossil,36/62,7.35,26.494999999999997,20,54,34,350,19,high,1,2026-08-18,44438
83594,Arceus (AR3),Arceus,AR3,37.01,60,17,139.99,33,399.99,19,low,1,2026-08-18,83594
86396,Kabutops (150),Skyridge,150/144,1000,1526.995,16,1949,35,6499,19,low,1,2026-08-18,86396
106529,Moltres (27),Fossil,27/62,30.12,37,32,107.5,40,466.5,19,medium,1,2026-08-18,106529
113668,Leafeon EX,Generations,10/83,47.36,28.01,10,50,21,455,19,medium,1,2026-08-18,113668
44440,Kingler,Fossil,38/62,3.4,19.99,28,40,25,119.98,18,low,1,2026-08-18,44440
45136,Butterfree,Jungle,33/64,16.06,40,45,76.555,39,150,18,low,1,2026-08-18,45136
45142,Marowak,Jungle,39/64,10.15,34,20,58.9,24,350,18,high,1,2026-08-18,45142
84186,Charizard,Skyridge,146/144,,9999,11,6400.885,22,12706.125,18,low,1,2026-08-18,84186
85160,Electrode (Prime),Triumphant,93/102,45.95,50.015,26,172.495,39,1750,18,low,1,2026-08-18,85160
86209,Houndoom,Undaunted,5/90,18.64,32.49,8,82.06,16,262,18,medium,1,2026-08-18,86209
106981,Flareon (19),Jungle,19/64,42.38,55.99,33,80,38,599.5,18,low,1,2026-08-18,106981
106994,Wigglytuff (32),Jungle,32/64,21.59,29,7,51.9,17,371.59000000000003,18,medium,1,2026-08-18,106994
44432,Kabutops (24),Fossil,24/62,22.57,37.89,27,77,25,420.02,17,medium,1,2026-08-18,44432
44445,Slowbro,Fossil,43/62,11.42,30,30,68.05,37,315,17,medium,1,2026-08-18,44445
44460,Mr. Fuji,Fossil,58/62,11.7,19.5,24,41.5,22,330,17,medium,1,2026-08-18,44460
45143,Nidorina,Jungle,40/64,3.94,22.25,20,38.46,24,210,17,medium,1,2026-08-18,45143
106979,Clefable (17),Jungle,17/64,14.78,35,11,59,14,338,17,low,1,2026-08-18,106979
106983,Kangaskhan (21),Jungle,21/64,18.13,30,18,64.5,20,392.605,17,low,1,2026-08-18,106983
44431,Hypno (23),Fossil,23/62,16.98,30,20,60,35,380,16,medium,1,2026-08-18,44431
44435,Gastly,Fossil,33/62,8.6,34,24,54.5,22,302.5,16,medium,1,2026-08-18,44435
44444,Seadra,Fossil,42/62,5.17,31,27,48,21,231.76,16,low,1,2026-08-18,44444
45141,Lickitung,Jungle,38/64,9.21,39,17,41,36,384.24,16,medium,1,2026-08-18,45141
45149,Seaking,Jungle,46/64,5.34,23.65,23,44,15,290,16,low,1,2026-08-18,45149
85679,Gengar (Prime),Triumphant,94/102,539.75,647.475,114,1748.3400000000001,107,13585,16,low,1,2026-08-18,85679
86121,Ho-oh,Skyridge,149/144,800,3035,25,4320.5,42,4174.5,16,low,1,2026-08-18,86121
106985,Nidoqueen (23),Jungle,23/64,20.68,39.99,13,74.995,12,349.5,16,medium,1,2026-08-18,106985
106986,Pidgeot (24),Jungle,24/64,20.61,33.230000000000004,9,69.475,15,331.5,16,low,1,2026-08-18,106986
250308,Zekrom,Celebrations,010/025,0.31,10.940000000000001,12,14.795,32,119.99,16,medium,1,2026-08-18,250308
44441,Magmar,Fossil,39/62,9.06,27.5,31,43.5,36,370,15,medium,1,2026-08-18,44441
85736,Giratina (10),Platinum,10/127,64.81,300,21,499.99,11,2695.5,15,low,1,2026-08-18,85736
90694,Yanmega (Prime),Triumphant,98/102,31.1,56.24,33,129.9,37,1150,15,medium,1,2026-08-18,90694
106526,Aerodactyl (16),Fossil,16/62,23.75,36.8,21,75,25,500,15,medium,1,2026-08-18,106526
106987,Pinsir (25),Jungle,25/64,18.49,36.16,13,60,12,295,15,low,1,2026-08-18,106987
44426,Ditto (18),Fossil,18/62,22.73,49,17,118.75,30,600,14,medium,1,2026-08-18,44426
44430,Hitmonlee (22),Fossil,22/62,13.88,39.99,14,73.86,27,399.5,14,medium,1,2026-08-18,44430
44434,Cloyster,Fossil,32/62,5.82,18.5,17,48.5,26,256,14,high,1,2026-08-18,44434
44436,Golbat,Fossil,34/62,5.15,24.43,18,35.760000000000005,24,220,14,low,1,2026-08-18,44436
44447,Weezing,Fossil,45/62,5.48,24.99,27,33,23,219.25,14,low,1,2026-08-18,44447
44459,Zubat,Fossil,57/62,2.62,17.79,23,30.5,50,188.25,14,high,1,2026-08-18,44459
45124,Venomoth (13),Jungle,13/64,89.35,66,140,144.975,80,1250,14,low,1,2026-08-18,45124
45125,Victreebel (14),Jungle,14/64,121.65,64.99,133,149.99,83,2194,14,medium,1,2026-08-18,45125
45151,Weepinbell,Jungle,48/64,3.89,24.79,18,42.975,20,192.495,14,medium,1,2026-08-18,45151
85353,Exeggutor (H10),Aquapolis,H10/H32,162.49,367,11,451.5,10,5750,14,medium,1,2026-08-18,85353
89558,Steelix (H29),Skyridge,H29/H32,170,540,5,799,12,3054,14,low,1,2026-08-18,89558
44429,Haunter (21),Fossil,21/62,25.02,33,27,60,28,800,13,low,1,2026-08-18,44429
44437,Golduck,Fossil,35/62,6.71,27.5,30,55.5,28,343,13,medium,1,2026-08-18,44437
89487,Squirtle (132),Expedition,132/165,40.61,77,9,132.245,29,416,13,medium,1,2026-08-18,89487
106527,Lapras (25),Fossil,25/62,26.72,29,30,76,34,540,13,medium,1,2026-08-18,106527
106984,Mr. Mime (22),Jungle,22/64,19.74,45,12,60.5,18,249.99,13,medium,1,2026-08-18,106984
113682,Vaporeon EX,Generations,24/83,25.03,34.9,24,46.644999999999996,18,320,13,low,1,2026-08-18,113682
44446,Tentacruel,Fossil,44/62,6.4,25.5,27,40.79,20,265,12,medium,1,2026-08-18,44446
45126,Vileplume (15),Jungle,15/64,90.97,68.83500000000001,128,180,89,1871.495,12,low,1,2026-08-18,45126
45150,Tauros,Jungle,47/64,6.29,25,19,62,24,377.75,12,medium,1,2026-08-18,45150
83596,Arceus (AR5),Arceus,AR5,49.7,79.99,19,130,18,1346.5,12,low,1,2026-08-18,83596
84206,Charmander (97),Expedition,097/165,20.49,79.99,1,79,8,320,12,medium,1,2026-08-18,84206
87913,Palkia & Dialga Legend (Bottom),Triumphant,102/102,131.46,166.255,36,299.95,38,3512.5,12,high,1,2026-08-18,87913
89486,Squirtle (131),Expedition,131/165,48.92,82.8,8,197,18,639,12,medium,1,2026-08-18,89486
89528,Starmie (H28),Skyridge,H28/H32,575.75,628.995,12,754.995,10,3000,12,low,1,2026-08-18,89528
113686,Jolteon EX,Generations,28/83,32.94,34.99,23,59.995000000000005,34,580.495,12,high,1,2026-08-18,113686
44442,Omastar,Fossil,40/62,6.11,26.395,21,34.765,23,256,11,medium,1,2026-08-18,44442
44443,Sandslash,Fossil,41/62,7.67,27.5,17,43.45,21,350,11,medium,1,2026-08-18,44443
45137,Dodrio,Jungle,34/64,4.13,20.744999999999997,22,38.495000000000005,28,216.69,11,medium,1,2026-08-18,45137
45138,Exeggutor,Jungle,35/64,8.05,20.5,22,57.595,20,419.995,11,medium,1,2026-08-18,45138
45146,Primeape,Jungle,43/64,6.81,24.5,30,59.485,28,268,11,medium,1,2026-08-18,45146
45147,Rapidash,Jungle,44/64,7.9,31.975,21,58.9,30,339.95,11,medium,1,2026-08-18,45147
85456,Fire Energy,Expedition,161/165,2.52,,0,19.99,2,47.495000000000005,11,low,1,2026-08-18,85456
85669,Gengar (10),Skyridge,010/144,509.99,525.69,7,632.9300000000001,12,1500,11,low,1,2026-08-18,85669
86337,Jolteon (H12),Skyridge,H12/H32,234.99,825.99,5,1026.11,8,4660.92,11,medium,1,2026-08-18,86337
88435,Psyduck,Aquapolis,104/147,190.09,304,9,577.5,32,1450,11,medium,1,2026-08-18,88435
89387,Snorlax,Skyridge,100/144,136.21,168.745,12,344.995,22,840,11,low,1,2026-08-18,89387
106980,Electrode (18),Jungle,18/64,50.59,33.32,13,55,17,325,11,low,1,2026-08-18,106980
44439,Graveler,Fossil,37/62,4.93,24.99,15,36.9,25,273.995,10,medium,1,2026-08-18,44439
83599,Arceus (AR8),Arceus,AR8,36.51,49.99,40,159.44,18,2175,10,low,1,2026-08-18,83599
84548,Cyndaquil (105),Expedition,105/165,12.9,30,5,66.73,5,174.99,10,low,1,2026-08-18,84548
85649,Gastly,Expedition,109/165,6.62,40,3,31.5,12,196.825,10,medium,1,2026-08-18,85649
86359,Judge,Unleashed,78/95,9.42,17.75,2,44,7,74.995,10,high,1,2026-08-18,86359
86492,Koffing,Expedition,114/165,5.16,48.3,3,32.5,7,79.95,10,low,1,2026-08-18,86492
87315,Meowth,Expedition,121/165,5.82,40.03,5,107.5,3,285,10,medium,1,2026-08-18,87315
90146,Umbreon (Prime),Undaunted,86/90,549.45,599.97,134,1862.495,89,18999.99,10,low,1,2026-08-18,90146
106530,Muk (28),Fossil,28/62,14,26.494999999999997,18,70,17,499.99,10,medium,1,2026-08-18,106530
45140,Gloom,Jungle,37/64,5.22,24.99,23,47,21,188.595,9,low,1,2026-08-18,45140
83600,Arceus (AR9),Arceus,AR9,40.14,49.99,23,129.99,41,1212.495,9,low,1,2026-08-18,83600
85805,Goldeen,Expedition,111/165,2.6,12.26,1,22.5,5,67,9,low,1,2026-08-18,85805
86690,Ledian (H14),Skyridge,H14/H32,158.33,367.065,4,369.49,9,2650,9,medium,1,2026-08-18,86690
87024,Magikarp,Expedition,118/165,31.91,71,7,165,18,315,9,medium,1,2026-08-18,87024
87096,Magneton (H19),Skyridge,H19/H32,199.99,224.99,9,410.5,10,2350,9,low,1,2026-08-18,87096
87619,Muk (H17),Aquapolis,H17/H32,260.8,355,12,380.89,7,2399.975,9,low,1,2026-08-18,87619
90303,Venomoth,Triumphant,11/102,4.37,15.504999999999999,2,36.475,8,237.10500000000002,9,low,1,2026-08-18,90303
106991,Venomoth (29),Jungle,29/64,13.91,25,7,62.5,23,285.13,9,medium,1,2026-08-18,106991
106992,Victreebel (30),Jungle,30/64,16.23,24.6,12,48.975,14,281.97,9,medium,1,2026-08-18,106992
113660,M Venusaur EX,Generations,2/83,23.57,32,11,41.86,5,350,9,medium,1,2026-08-18,113660
83593,Arceus (AR2),Arceus,AR2,35.32,55.495000000000005,18,168.88,23,2026.01,8,low,1,2026-08-18,83593
84191,Charizard,Arceus,1/99,87.65,172.49,70,350,43,10000,8,low,1,2026-08-18,84191
84353,Clefairy,Expedition,101/165,9.47,29,4,28.494999999999997,8,167.07999999999998,8,low,1,2026-08-18,84353
84704,Darkrai & Cresselia Legend (Bottom),Triumphant,100/102,139.68,294,34,325,30,2281.305,8,medium,1,2026-08-18,84704
85323,Espeon (Prime),Undaunted,81/90,275.24,254.975,87,899.9,74,14598,8,low,1,2026-08-18,85323
88112,Piloswine (H22),Skyridge,H22/H32,388.45,397,6,337.495,8,2162.5,8,low,1,2026-08-18,88112
88502,Raichu (H25),Skyridge,H25/H32,252.1,672.5,6,629.995,14,5450,8,medium,1,2026-08-18,88502
90255,Ursaring (Prime),Unleashed,89/95,45.8,89.9,24,199.9,11,4425,8,low,1,2026-08-18,90255
90315,Venusaur (67),Expedition,067/165,34.94,,0,78.175,2,406.385,8,medium,0,2026-08-18,90315
90715,Zapdos (H32),Aquapolis,H32/H32,290,953,6,1230,8,7500,8,medium,1,2026-08-18,90715
113684,Pikachu,Generations,26/83,3.83,20,7,35.71,15,294.75,8,low,1,2026-08-18,113684
45122,Snorlax (11),Jungle,11/64,342.03,299.99,250,944.9300000000001,134,19550,7,low,1,2026-08-18,45122
45139,Fearow,Jungle,36/64,4.47,23.744999999999997,16,44.06,19,401.69,7,low,1,2026-08-18,45139
45144,Parasect,Jungle,41/64,3.49,21.5,23,41,19,219.88,7,medium,1,2026-08-18,45144
83512,Alph Lithograph,Triumphant,FOUR,98,93.78999999999999,14,149.9,11,1275,7,low,1,2026-08-18,83512
83595,Arceus (AR4),Arceus,AR4,52.17,58.925,19,169.5,15,3787.1,7,low,1,2026-08-18,83595
84705,Darkrai & Cresselia Legend (Top),Triumphant,99/102,202.09,250.225,49,399.97,23,1999.99,7,medium,1,2026-08-18,84705
85737,Giratina (9),Platinum,9/127,33.12,59,11,150,24,4327,7,low,1,2026-08-18,85737
86444,Kingdra (148),Aquapolis,148/147,599.99,739.52,21,1499,24,7500,7,low,1,2026-08-18,86444
88528,Raichu LV.X,Stormfront,99/100,104.5,194.99,18,355,18,6950,7,low,1,2026-08-18,88528
88531,Raikou (H26),Skyridge,H26/H32,350,1070.5,6,1500,9,5101.01,7,medium,1,2026-08-18,88531
88587,Rapidash,Triumphant,8/102,25.64,24.5,7,66.96,16,1175,7,medium,1,2026-08-18,88587
88997,Scyther (106),Aquapolis,106/147,16.3,,0,82.99,3,299.99,7,low,0,2026-08-18,88997
89318,Slowking (Prime),Undaunted,85/90,65.72,140,39,299.9,21,6999,7,low,1,2026-08-18,89318
89596,Sudowoodo,Unleashed,9/95,18.44,100,5,73.475,8,59.99,7,high,1,2026-08-18,89596
89994,Totodile (134),Expedition,134/165,29.56,31.5,3,85,9,500,7,low,1,2026-08-18,89994
106993,Vileplume (31),Jungle,31/64,16.3,19.994999999999997,8,45.5,17,328,7,low,1,2026-08-18,106993
113671,Ninetales EX,Generations,13/83,5.61,29.9,4,26.99,7,265,7,low,1,2026-08-18,113671
83480,Aggron,Triumphant,1/102,9.75,28,5,42,10,1147.5,6,low,1,2026-08-18,83480
83510,Alph Lithograph,Unleashed,TWO,126.81,99.99,7,184.495,4,1155.0549999999998,6,low,1,2026-08-18,83510
83518,Altaria,Triumphant,2/102,11.47,34.95,3,54.99,20,2087.495,6,low,1,2026-08-18,83518
83576,Arcanine (H2),Aquapolis,H02/H32,474.63,425,10,79.99,6,308.5,6,low,1,2026-08-18,83576
84232,Charmeleon,Stormfront,102/100,117.69,125,22,256.5,23,10999.994999999999,6,medium,1,2026-08-18,84232
84810,Dialga G,Platinum,7/127,18.24,16.51,1,46.68,11,604.465,6,low,1,2026-08-18,84810
84820,Diglett,Expedition,106/165,3.84,20.95,2,27.25,4,161.995,6,low,1,2026-08-18,84820
85582,Full Heal,Expedition,154/165,0.57,27.490000000000002,2,,0,34.495000000000005,6,low,0,2026-08-18,85582
85686,Geodude,Expedition,110/165,6.33,19.51,1,30.475,4,121.25,6,low,0,2026-08-18,85686
86759,Lightning Energy,Expedition,163/165,1.14,,0,,0,39.855000000000004,6,low,0,2026-08-18,86759
87196,Mareep,Expedition,119/165,3.95,21.52,3,29.23,4,189.99,6,medium,1,2026-08-18,87196
87695,Nidoking (150),Aquapolis,150/147,749.99,1600,35,3000,38,11347.5,6,low,1,2026-08-18,87695
88247,Politoed (H23),Skyridge,H23/H32,450,635,7,633.025,11,3121.415,6,low,1,2026-08-18,88247
88284,Ponyta,Expedition,126/165,8.84,29,1,29,3,160,6,low,0,2026-08-18,88284
88950,Sceptile,Stormfront,10/100,49.94,100,15,183.16,8,543,6,low,1,2026-08-18,88950
89368,Sneasel,Aquapolis,110/147,6.12,34.45,2,31,8,116.5,6,low,1,2026-08-18,89368
89931,Togepi,Aquapolis,114/147,18.73,41,3,55,5,199.12,6,low,1,2026-08-18,89931
90102,Typhlosion (65),Expedition,065/165,27.55,47,1,,0,265,6,high,0,2026-08-18,90102
90436,Vulpix,Expedition,136/165,24.71,26,3,37.99,5,206.25,6,low,1,2026-08-18,90436
90682,Yanma,Skyridge,116/144,11.62,,0,28.830000000000002,2,252.495,6,medium,0,2026-08-18,90682
106524,Hypno (8),Fossil,08/62,79.54,70,32,229.095,28,2017,6,high,1,2026-08-18,106524
113693,Gengar,Generations,35/83,39.3,50,34,202.5,17,2250,6,low,1,2026-08-18,113693
83499,Alakazam (2),Skyridge,002/144,122.86,69.99,3,191.25,2,320,5,medium,0,2026-08-18,83499
83552,Ancient Ruins,Skyridge,119/144,10.32,,0,42.144999999999996,2,207.93,5,medium,0,2026-08-18,83552
83597,Arceus (AR6),Arceus,AR6,31.27,49.99,22,124.16499999999999,22,2800,5,low,1,2026-08-18,83597
84147,Celebi,Triumphant,3/102,23.42,51.5,4,158.75,10,550,5,low,1,2026-08-18,84147
84183,Charizard (6),Expedition,006/165,465,1500,3,24.99,1,57.12,5,low,0,2026-08-18,84183
84423,Copycat,Expedition,138/165,1.46,27.490000000000002,2,22.5,3,65.31,5,low,0,2026-08-18,84423
84485,Crobat (147),Skyridge,147/144,447.5,1118.03,6,2546.0950000000003,20,5994,5,low,1,2026-08-18,84485
84547,Cyndaquil (104),Expedition,104/165,19.87,43.495000000000005,2,51.435,6,405,5,low,1,2026-08-18,84547
84811,Dialga G LV.X,Platinum,122/127,189.2,120.75,23,510,23,6900,5,low,1,2026-08-18,84811
84931,Dratini,Expedition,107/165,11.71,25.25,2,45,7,230.5,5,medium,1,2026-08-18,84931
85101,Ekans,Expedition,108/165,4.12,22.48,2,23.2,6,98.81,5,low,1,2026-08-18,85101
85491,Flareon (8),Skyridge,008/144,78.33,94.11,1,110,7,400,5,medium,1,2026-08-18,85491
85774,Gliscor,Undaunted,4/90,8.14,41.495000000000005,4,135,5,2925,5,low,1,2026-08-18,85774
86223,Houndour,Expedition,113/165,6.22,24.049999999999997,6,72.495,2,125,5,low,1,2026-08-18,86223
86599,Lanturn (H15),Aquapolis,H15/H32,64.98,119.99,11,312.5,16,2123,5,medium,1,2026-08-18,86599
86611,Lanturn (Prime),Unleashed,86/95,43.52,56.875,28,346,5,3500,5,low,1,2026-08-18,86611
87404,Mew,Rumble,10,367.1,378.5,12,999.99,15,7550,5,low,1,2026-08-18,87404
87556,Moltres (H20),Skyridge,H20/H32,338,1187.73,5,1827.01,10,7562.5,5,low,1,2026-08-18,87556
87575,Moo-Moo Milk,Expedition,155/165,1.34,20.96,2,29,6,109.99,5,low,1,2026-08-18,87575
87693,Nidoking (24),Aquapolis,024/147,15.66,35,1,48,5,175,5,medium,0,2026-08-18,87693
87699,Nidoking,Triumphant,6/102,12.29,30.994999999999997,12,66.7,14,1259,5,low,1,2026-08-18,87699
87918,Palkia G Lv.X,Platinum,125/127,87.37,186.25,25,548.36,17,7000,5,low,1,2026-08-18,87918
88096,Pikachu,Rumble,7,750,1199.99,25,2850,15,1325,5,low,1,2026-08-18,88096
88256,Poliwag,Expedition,125/165,20.22,,0,47,3,62.495,5,low,0,2026-08-18,88256
88283,Ponyta,Aquapolis,102/147,9.32,,0,36.5,2,179.53,5,low,0,2026-08-18,88283
88389,Professor Elm's Training Method,Expedition,148/165,2.35,,0,,0,42.495000000000005,5,low,0,2026-08-18,88389
88906,Salamence Lv.X,Arceus,98/99,103.95,154.73000000000002,28,400,15,4650,5,low,1,2026-08-18,88906
89281,Skuntank,Rumble,13,52.37,149.99,9,348,5,2605,5,low,1,2026-08-18,89281
89454,Spinarak (111),Aquapolis,111/147,3.31,13.08,1,29.99,1,57.5,5,low,0,2026-08-18,89454
89467,Spiritomb,Triumphant,10/102,4.87,34.86,4,39.99,10,813.605,5,low,1,2026-08-18,89467
89613,Sunflora,Skyridge,105/144,14.21,20.75,2,46,1,137.99,5,low,0,2026-08-18,89613
89619,Sunkern,Skyridge,106/144,9.64,26.03,1,,0,149.99,5,low,0,2026-08-18,89619
90505,Water Energy,Expedition,165/165,2.24,13.5,1,24.785,2,60,5,low,0,2026-08-18,90505
106523,Hitmonlee (7),Fossil,07/62,87.68,135.2,41,265,27,3697.4700000000003,5,high,1,2026-08-18,106523
113676,M Blastoise EX,Generations,18/83,31.21,33.495000000000005,13,80,18,465,5,medium,1,2026-08-18,113676
44418,Aerodactyl (1),Fossil,01/62,92.7,93.495,32,311,11,5525,4,medium,1,2026-08-18,44418
45123,Vaporeon (12),Jungle,12/64,105.5,100.5,254,399.995,106,15248.5,4,low,1,2026-08-18,45123
83820,Bibarel,Rumble,16,93.15,100,9,152.5,7,2600,4,low,1,2026-08-18,83820
84224,Charmeleon,Expedition,073/165,36.26,56,1,100.25,2,540,4,medium,0,2026-08-18,84224
84364,Cleffa,Skyridge,048/144,36.67,36,1,,0,198.875,4,low,0,2026-08-18,84364
84529,Cubone,Expedition,103/165,62.83,103.75,6,191.71,5,339.975,4,low,1,2026-08-18,84529
85322,Espeon,Undaunted,2/90,79.99,80,36,199,23,1837,4,low,1,2026-08-18,85322
85396,Fearow (45),Expedition,045/165,10.2,28,1,48.05,1,179.99,4,low,0,2026-08-18,85396
85471,Fisherman,Skyridge,125/144,13.96,,0,70.495,2,2025,4,low,0,2026-08-18,85471
85562,Friend Ball,Skyridge,126/144,15,,0,43.394999999999996,4,169.99,4,low,0,2026-08-18,85562
86248,Hypno (H12),Aquapolis,H12/H32,229.99,316,11,398.995,16,2020.955,4,low,1,2026-08-18,86248
86391,Kabutops (H13),Skyridge,H13/H32,399.99,506,4,555.9100000000001,13,2024.125,4,low,1,2026-08-18,86391
86949,Luxray,Arceus,5/99,6.62,24.99,4,68.13,8,299.97,4,low,1,2026-08-18,86949
86958,Machamp (H15),Skyridge,H15/H32,419.99,652.5,6,918.7,12,4827,4,low,1,2026-08-18,86958
86973,Machamp LV.X,Stormfront,98/100,63.96,166.975,8,475,9,6035,4,low,1,2026-08-18,86973
88306,Porygon (103a),Aquapolis,103a/147,7.09,,0,27.5,1,107.5,4,low,0,2026-08-18,88306
88323,Porygon2,Aquapolis,028/147,14.14,,0,38,1,176.995,4,low,0,2026-08-18,88323
88417,Psychic Energy,Expedition,164/165,1.53,19.994999999999997,2,29.494999999999997,2,67.32,4,low,0,2026-08-18,88417
88503,Raichu (27),Skyridge,027/144,101.46,140.5,1,176.63,3,414.32,4,medium,0,2026-08-18,88503
88614,Rattata,Expedition,128/165,9.54,,0,34.475,5,59.995000000000005,4,low,0,2026-08-18,88614
88637,Rayquaza & Deoxys Legend (Bottom),Undaunted,90/90,228.6,264.42,14,1199.5,10,5999.95,4,low,1,2026-08-18,88637
88683,Relic Hunter,Skyridge,120/144,14.67,,0,44.99,2,420,4,low,0,2026-08-18,88683
88728,Rhydon (H27),Skyridge,H27/H32,199.99,510.345,4,528,11,1325.2150000000001,4,low,1,2026-08-18,88728
89002,Scyther,Platinum,130/127,31.54,63.31,14,160,19,4100,4,medium,1,2026-08-18,89002
89115,Shaymin Lv.X (Sky Forme),Platinum,127/127,46.3,119.9,14,314.5,13,4395.995,4,low,1,2026-08-18,89115
89136,Shellder,Expedition,129/165,4.21,19.5,1,38.24,3,56,4,low,0,2026-08-18,89136
89235,Skarmory (63),Expedition,063/165,13.2,,0,41.995000000000005,2,151.7,4,low,0,2026-08-18,89235
89413,Snubbull,Skyridge,101/144,12.33,10.5,1,36.495000000000005,6,133.99,4,low,0,2026-08-18,89413
89502,Stantler,Skyridge,102/144,8.07,,0,,0,143.99,4,low,0,2026-08-18,89502
89598,Suicune (H25),Aquapolis,H25/H32,539.99,669,8,1225,10,9150,4,medium,1,2026-08-18,89598
89856,Teddiursa,Skyridge,109/144,18.76,,0,48.99,5,340,4,low,0,2026-08-18,89856
89865,Tentacool,Aquapolis,113/147,3.36,9,1,29.99,1,87,4,low,0,2026-08-18,89865
89995,Totodile (135),Expedition,135/165,22.1,25,3,49.995000000000005,5,401.25,4,low,1,2026-08-18,89995
90141,Umbreon (32),Skyridge,032/144,279.99,379.615,6,400,6,1135,4,low,1,2026-08-18,90141
90314,Venusaur (30),Expedition,030/165,170.59,299.495,10,631.645,9,4825,4,low,1,2026-08-18,90314
90435,Vulpix,Aquapolis,116/147,12.38,24.25,2,34,11,95,4,low,1,2026-08-18,90435
90530,Weakness Guard,Aquapolis,141/147,48.57,36,7,,0,324.985,4,low,0,2026-08-18,90530
90658,Xatu (H32),Skyridge,H32/H32,220.25,229.99,7,467.995,6,2200,4,medium,1,2026-08-18,90658
90716,Zapdos,Aquapolis,044/147,59.55,113.75,2,61.7,1,295,4,low,0,2026-08-18,90716
113659,Venusaur EX,Generations,1/83,11.64,16.05,3,32.4,1,217.5,4,low,0,2026-08-18,113659
113675,Blastoise EX,Generations,17/83,16.1,20.244999999999997,10,49.645,12,333.58500000000004,4,low,1,2026-08-18,113675
113683,Articuno,Generations,25/83,35.71,71.64,16,114.975,15,2350,4,low,1,2026-08-18,113683
45127,Wigglytuff (16),Jungle,16/64,78.38,73.11,119,175,85,3793.5,3,low,1,2026-08-18,45127
83444,Abra,Skyridge,046/144,27.8,,0,,0,314.21,3,medium,0,2026-08-18,83444
83465,Aerodactyl,Skyridge,001/144,75.29,,0,152.5,3,449.99,3,low,0,2026-08-18,83465
83511,Alph Lithograph,Undaunted,THREE,117.33,102.5,7,189.43,5,3000,3,low,1,2026-08-18,83511
83603,Arceus Lv.X (95),Arceus,95/99,70.41,159,22,555.57,21,6980.5,3,low,1,2026-08-18,83603
83681,Azumarill (H4),Aquapolis,H04/H32,149.99,315,5,244.975,2,153.5,3,low,0,2026-08-18,83681
83765,Beedrill (5),Skyridge,005/144,30.51,42.59,1,50,1,160.78,3,low,0,2026-08-18,83765
83937,Boost Energy,Aquapolis,145/147,6.43,,0,,0,102,3,low,0,2026-08-18,83937
84185,Charizard (40),Expedition,040/165,120.51,,0,266.575,4,1512.55,3,low,0,2026-08-18,84185
84217,Charmander,Arceus,59/99,3.08,23.99,1,46.06,3,299.99,3,low,0,2026-08-18,84217
84539,Cyclone Energy,Skyridge,143/144,4.93,,0,24.99,3,58.285,3,low,0,2026-08-18,84539
84825,Diglett,Rumble,11,129.96,245,8,230.59,8,4332.245,3,low,1,2026-08-18,84825
84870,Donphan,Aquapolis,007/147,21.55,,0,31.15,3,100,3,low,0,2026-08-18,84870
84912,Dragonite (43),Expedition,043/165,79.43,121.5,1,201.25,5,875,3,low,0,2026-08-18,84912
85043,Dusknoir LV.X,Stormfront,96/100,69.12,149.99,13,299,6,2712.5,3,low,1,2026-08-18,85043
85077,Eevee,Skyridge,054/144,45.53,,0,,0,585,3,low,0,2026-08-18,85077
85087,Eevee (47),Undaunted,47/90,2.97,25,1,33.74,4,649.99,3,low,0,2026-08-18,85087
85437,Fighting Energy,Expedition,160/165,3.26,19.99,1,,0,79.99,3,low,0,2026-08-18,85437
85541,Forest Guardian,Aquapolis,123/147,1.01,20.5,2,20.5,5,399.475,3,low,0,2026-08-18,85541
85682,Gengar Lv.X,Arceus,97/99,448.95,679.97,56,2287.5,33,35000,3,low,1,2026-08-18,85682
85735,Giratina (27),Platinum,27/127,9.97,10,3,69.81,3,700,3,low,0,2026-08-18,85735
85873,Grass Energy,Expedition,162/165,1.42,,0,,0,73.97,3,low,0,2026-08-18,85873
85949,Growlithe (51),Aquapolis,051/147,46.7,,0,61.995000000000005,2,207.76,3,low,0,2026-08-18,85949
85996,Gyarados,Rumble,6,256.81,197.495,14,750,15,1999.5,3,low,1,2026-08-18,85996
86054,Heatran LV.X,Stormfront,97/100,61.43,185.92000000000002,6,266.21500000000003,13,5200,3,low,1,2026-08-18,86054
86179,Hoppip,Expedition,112/165,1.23,,0,20,5,65,3,low,0,2026-08-18,86179
86220,Houndour,Skyridge,066/144,32.66,,0,,0,307,3,low,0,2026-08-18,86220
86276,Infernape,Stormfront,3/100,21.25,49,6,150,15,5377.5,3,low,1,2026-08-18,86276
86330,Jirachi,Unleashed,1/95,26.22,39.975,13,49.95,6,3450,3,low,1,2026-08-18,86330
86338,Jolteon (13),Skyridge,013/144,57.66,52,1,76.345,6,319,3,low,0,2026-08-18,86338
86379,Kabuto,Skyridge,037/144,28,40,3,48,1,425,3,low,0,2026-08-18,86379
86905,Lugia,Aquapolis,149/147,4500,9066.44,37,9300,18,20871.125,3,low,1,2026-08-18,86905
86975,Machoke,Skyridge,038/144,18.46,36,1,,0,165.99,3,low,0,2026-08-18,86975
87095,Magneton (H18),Skyridge,H18/H32,73.85,348,7,478,8,3500,3,medium,1,2026-08-18,87095
87140,Mamoswine,Triumphant,5/102,3.68,18.79,8,36,5,810,3,low,1,2026-08-18,87140
87307,Memory Berry,Aquapolis,128/147,2.49,,0,18.5,1,300,3,medium,0,2026-08-18,87307
87398,Mew (55),Expedition,055/165,127.26,153.39,4,199.99,7,2000,3,low,1,2026-08-18,87398
87590,Mr. Mime (95a),Aquapolis,095a/147,6.65,,0,,0,249,3,low,0,2026-08-18,87590
87674,Mystery Zone,Skyridge,137/144,8.19,,0,20.5,5,76.78,3,low,0,2026-08-18,87674
87703,Nidoqueen (H21),Skyridge,H21/H32,208.33,257.5,9,404.495,6,3200,3,medium,1,2026-08-18,87703
87790,Noctowl,Skyridge,040/144,15.14,,0,,0,495,3,medium,0,2026-08-18,87790
87834,Octillery,Unleashed,6/95,3.6,43.58,1,37.47,2,750,3,low,0,2026-08-18,87834
87864,Omastar,Skyridge,023/144,31.78,44.99,1,65.245,2,182.59,3,low,0,2026-08-18,87864
87998,Phanpy,Aquapolis,100/147,15.2,,0,39,1,119,3,low,0,2026-08-18,87998
88015,Pichu (58),Expedition,058/165,41.59,103,1,97,7,6577.5,3,low,0,2026-08-18,88015
88134,Pinsir,Aquapolis,101/147,6.85,,0,35.5,2,199,3,medium,0,2026-08-18,88134
88264,Poliwhirl,Expedition,089/165,24.77,,0,83,1,212.5,3,low,0,2026-08-18,88264
88272,Poliwrath (H24),Skyridge,H24/H32,500.96,484.69,12,1241.56,14,5500,3,low,1,2026-08-18,88272
88275,Poliwrath (60),Expedition,060/165,35.7,77.71,3,,0,275,3,low,0,2026-08-18,88275
88333,Potion,Expedition,156/165,0.46,,0,22.805,2,35,3,low,0,2026-08-18,88333
88402,Professor Oak's Research,Expedition,149/165,1.91,33.49,1,29.99,3,44.99,3,low,0,2026-08-18,88402
88491,Qwilfish,Expedition,127/165,2.12,,0,28.88,1,159.49,3,low,0,2026-08-18,88491
88513,Raichu,Stormfront,8/100,28.68,62,7,180,9,755,3,low,1,2026-08-18,88513
88518,Raichu,Undaunted,33/90,6.95,,0,44,4,510,3,low,0,2026-08-18,88518
88532,Raikou,Skyridge,028/144,77.47,79.5,2,175,1,300,3,low,0,2026-08-18,88532
88538,Raikou & Suicune Legend (Bottom),Unleashed,93/95,153.6,265,12,249.9,8,5650,3,low,1,2026-08-18,88538
88620,Rattata,Rumble,15,111.98,126.5,12,149.995,10,3940.745,3,low,1,2026-08-18,88620
88669,Regigigas LV.X,Stormfront,100/100,99.99,149.99,16,305.495,12,422.505,3,low,1,2026-08-18,88669
89063,Sentret,Aquapolis,107/147,6.11,,0,,0,80,3,low,0,2026-08-18,89063
89236,Skarmory,Skyridge,097/144,12.49,,0,,0,214.88,3,medium,0,2026-08-18,89236
89313,Slowking,Aquapolis,034/147,32.38,,0,99.99,1,312.02,3,low,0,2026-08-18,89313
89325,Slowpoke,Aquapolis,108/147,29.46,54,5,78,8,680.5,3,low,1,2026-08-18,89325
89496,Squirtle,Unleashed,63/95,4.73,30.17,3,86.725,2,380,3,low,0,2026-08-18,89496
89529,Starmie (30),Skyridge,030/144,71.15,74.88,1,94.35,1,101.96000000000001,3,low,0,2026-08-18,89529
89537,Starmie,Rumble,5,119.98,176.92000000000002,14,355.975,4,3550,3,low,1,2026-08-18,89537
89559,Steelix (31),Skyridge,031/144,85.85,,0,102.205,2,285,3,low,0,2026-08-18,89559
89700,Swinub (107),Skyridge,107/144,88.74,93,1,44.99,2,250,3,low,0,2026-08-18,89700
89711,Switch,Expedition,157/165,1.74,19.085,2,20.5,1,64.99,3,low,0,2026-08-18,89711
89757,Tangrowth Lv.X,Arceus,99/99,38.29,75.06,15,239.95,15,2700,3,low,1,2026-08-18,89757
89760,Tauros,Expedition,133/165,9.63,21.25,2,44.5,6,425,3,low,0,2026-08-18,89760
89871,Tentacruel (H26),Aquapolis,H26/H32,174.3,245.62,12,510,8,2900,3,low,1,2026-08-18,89871
89919,Time Shard,Aquapolis,135/147,2.09,20,1,19.5,1,100,3,low,0,2026-08-18,89919
89924,Togekiss,Undaunted,9/90,14.45,43.5,6,73.995,6,1000,3,low,1,2026-08-18,89924
90118,Tyranitar (66),Expedition,066/165,95.2,81.97,2,135,1,521,3,low,0,2026-08-18,90118
90143,Umbreon,Aquapolis,041/147,181.88,225,6,15,5,475,3,low,1,2026-08-18,90143
90251,Ursaring,Skyridge,110/144,24.67,26,3,59.385000000000005,6,599,3,low,1,2026-08-18,90251
90281,Vaporeon,Skyridge,033/144,92.12,128.37,1,105,2,403.64,3,low,0,2026-08-18,90281
90306,Venonat,Skyridge,112/144,22.38,23.75,2,43.89,5,119.99,3,low,0,2026-08-18,90306
90365,Victreebel,Triumphant,12/102,4.16,18.26,3,31.490000000000002,10,1047.5,3,low,1,2026-08-18,90365
90411,Voltorb,Skyridge,113/144,8.31,14.5,1,39,4,155,3,low,0,2026-08-18,90411
90412,Voltorb (115),Aquapolis,115/147,4.39,20.5,1,,0,150,3,low,0,2026-08-18,90412
90659,Xatu (35),Skyridge,035/144,7.49,,0,,0,137.76,3,medium,0,2026-08-18,90659
90726,Zapdos G,Arceus,12/99,17.18,49.9,15,159.99,13,2774.995,3,low,1,2026-08-18,90726
113687,Zapdos,Generations,29/83,45.5,46.995000000000005,12,150,14,2800,3,low,1,2026-08-18,113687
113704,Golem EX,Generations,46/83,2.94,13.5,3,21.5,7,154.5,3,low,1,2026-08-18,113704
83498,Alakazam (H1),Skyridge,H01/H32,900,165,13,387.99,4,3075,2,low,1,2026-08-18,83498
83564,Apricorn Maker,Skyridge,121/144,10.17,,0,19.744999999999997,2,549.5,2,low,0,2026-08-18,83564
83569,Arbok (35),Expedition,035/165,12.29,18.43,2,,0,112.5,2,low,0,2026-08-18,83569
83645,Articuno (4),Skyridge,004/144,81.83,76,1,142.63,3,509.995,2,low,0,2026-08-18,83645
83801,Bellossom,Undaunted,1/90,8.22,27,5,34.86,7,318.045,2,low,1,2026-08-18,83801
83894,Blastoise,Platinum,2/127,54.77,70.49,18,199,16,6153.5,2,low,1,2026-08-18,83894
83947,Bounce Energy,Skyridge,142/144,5.4,18.2,1,25.494999999999997,4,559.495,2,low,0,2026-08-18,83947
84064,Butterfree (38),Expedition,038/165,24.65,41.25,2,,0,148.995,2,low,0,2026-08-18,84064
84135,Caterpie,Expedition,096/165,6.84,34.99,1,51.5,2,194.75,2,low,0,2026-08-18,84135
84190,Charizard,Stormfront,103/100,657,999.99,45,2110.5550000000003,36,235.79500000000002,2,low,1,2026-08-18,84190
84274,Chikorita (99),Expedition,099/165,6.66,,0,24.5,1,282.495,2,low,0,2026-08-18,84274
84275,Chikorita (100),Expedition,100/165,7.86,25.05,1,21.99,3,119,2,low,0,2026-08-18,84275
84697,Darkness Energy,Expedition,158/165,8.78,19.995,2,31.38,1,54.495000000000005,2,low,0,2026-08-18,84697
84782,Desert Shaman,Skyridge,123/144,27.56,,0,26.745,2,559.495,2,low,0,2026-08-18,84782
84786,Dewgong (7),Skyridge,007/144,49.98,,0,70.65,1,224.54,2,low,0,2026-08-18,84786
84802,Dialga (23),Platinum,23/127,2.89,,0,,0,131.75,2,low,0,2026-08-18,84802
84830,Ditto,Skyridge,051/144,82.58,228.75,2,171.3,3,1051.35,2,low,0,2026-08-18,84830
84924,Drapion,Triumphant,4/102,3.31,19,4,33.49,2,763.005,2,low,0,2026-08-18,84924
85112,Electabuzz,Expedition,076/165,3.68,28.49,2,39.445,2,257.5,2,low,0,2026-08-18,85112
85147,Electrode (H7),Aquapolis,H07/H32,162.49,157,2,,0,700,2,low,0,2026-08-18,85147
85152,Electrode,Skyridge,036/144,15.04,31,1,80,1,182.025,2,low,0,2026-08-18,85152
85238,Energy Search,Expedition,153/165,0.61,17.52,1,14.5,2,62.489999999999995,2,low,0,2026-08-18,85238
85253,Energy Switch,Aquapolis,120/147,33.23,14,1,34.99,1,226.25,2,low,0,2026-08-18,85253
85277,Entei & Raikou Legend (top),Unleashed,90/95,112.31,199.935,14,434.475,7,7126.695,2,low,1,2026-08-18,85277
85391,Fast Ball,Skyridge,124/144,11.01,15,1,37,3,552.58,2,low,0,2026-08-18,85391
85432,Fighting Cube 01,Aquapolis,121/147,1.77,,0,,0,64.84,2,low,0,2026-08-18,85432
85451,Fire Cube 01,Aquapolis,122/147,1.82,10,5,,0,67.48,2,low,0,2026-08-18,85451
85475,Flaaffy,Expedition,077/165,8.36,39.99,3,49.99,1,427.5,2,low,0,2026-08-18,85475
85544,Forretress (9),Skyridge,009/144,13.68,18,1,48.455,4,138.4,2,low,0,2026-08-18,85544
85671,Gengar (13),Expedition,013/165,670.39,1850,16,3925.03,9,11538.5,2,low,1,2026-08-18,85671
85817,Golduck,Triumphant,22/102,2.16,,0,8.5,1,146.5,2,low,0,2026-08-18,85817
85862,Granbull,Skyridge,061/144,28.42,,0,38,3,449.5,2,low,0,2026-08-18,85862
85950,Growlithe,Skyridge,062/144,33.28,,0,,0,644,2,low,0,2026-08-18,85950
85988,Gyarados (11),Skyridge,011/144,199.99,138.315,2,325,8,322.5,2,low,1,2026-08-18,85988
85994,Gyarados,Stormfront,19/100,17.29,60,1,90.97,2,201.74,2,low,0,2026-08-18,85994
86023,Haunter,Skyridge,063/144,55.14,,0,150,3,741.735,2,low,0,2026-08-18,86023
86030,Haunter (42),Arceus,42/99,2.47,59.99,1,25.01,1,212.995,2,low,0,2026-08-18,86030
86113,Hitmontop,Aquapolis,082/147,9.12,,0,,0,109,2,low,0,2026-08-18,86113
86201,Houndoom (12),Skyridge,012/144,90.67,,0,93.75,2,479.44000000000005,2,low,0,2026-08-18,86201
86203,Houndoom (15),Aquapolis,015/147,71.45,139.99,2,209.25,2,465.555,2,low,0,2026-08-18,86203
86360,Juggler,Aquapolis,126/147,1.36,,0,21.5,4,65,2,low,0,2026-08-18,86360
86374,Jynx,Expedition,083/165,9.49,23.3,1,,0,239.75,2,low,0,2026-08-18,86374
86400,Kabutops,Arceus,4/99,18.38,35.19,10,46.995000000000005,4,1156.385,2,low,1,2026-08-18,86400
86405,Kadabra,Skyridge,069/144,28.41,40,1,65,2,246.245,2,low,0,2026-08-18,86405
86453,Kingler (15),Expedition,015/165,58.64,150.13,9,252.775,9,3659.8450000000003,2,low,1,2026-08-18,86453
86601,Lanturn (21),Aquapolis,021/147,32.94,,0,38.495000000000005,2,174.495,2,low,0,2026-08-18,86601
86702,Ledyba (73),Skyridge,073/144,20.95,35,1,,0,299.975,2,low,0,2026-08-18,86702
86879,Lucario,Rumble,12,280.48,245.07999999999998,12,495,11,6301.3099999999995,2,low,1,2026-08-18,86879
86959,Machamp (16),Skyridge,016/144,42.87,70,1,102.99000000000001,4,352.025,2,low,0,2026-08-18,86959
86977,Machoke,Expedition,085/165,6.02,,0,,0,124.995,2,low,0,2026-08-18,86977
87008,Magcargo (H16),Skyridge,H16/H32,219.99,278.73,8,345.91,15,2064.265,2,low,1,2026-08-18,87008
87010,Magcargo (H17),Skyridge,H17/H32,188.75,450,3,279.315,10,1882,2,low,1,2026-08-18,87010
87011,Magcargo (18),Skyridge,018/144,17.21,,0,66.52,1,193.045,2,low,0,2026-08-18,87011
87066,Magnemite (52),Aquapolis,052/147,9.95,15.5,1,,0,274.975,2,low,0,2026-08-18,87066
87089,Magneton (19),Skyridge,019/144,42.32,45.92,1,53,1,280.20500000000004,2,low,0,2026-08-18,87089
87094,Magneton (H16),Aquapolis,H16/H32,120,241.5,6,340,13,1268.98,2,low,1,2026-08-18,87094
87097,Magneton,Aquapolis,022/147,17.08,26,1,338.33,1,200,2,low,0,2026-08-18,87097
87242,Mary's Impulse,Expedition,142/165,2.17,27.490000000000002,2,19.99,1,51,2,low,0,2026-08-18,87242
87314,Meowth,Skyridge,078/144,84.99,,0,150,1,1202.5,2,low,0,2026-08-18,87314
87370,Metal Energy,Expedition,159/165,7.5,,0,19.99,3,84.995,2,low,0,2026-08-18,87370
87423,Mewtwo,Rumble,9,550,337.04,4,498,41,6150,2,low,1,2026-08-18,87423
87500,Mirage Stadium,Skyridge,132/144,6.2,,0,27.785,4,649.495,2,low,0,2026-08-18,87500
87558,Moltres,Skyridge,021/144,73.16,,0,105,3,413.745,2,low,0,2026-08-18,87558
87692,Nidoking (H18),Aquapolis,H18/H32,230.98,355.005,8,475.03999999999996,12,3675,2,low,1,2026-08-18,87692
87704,Nidoqueen (22),Skyridge,022/144,29.45,50,1,99.38,3,392.865,2,low,0,2026-08-18,87704
87775,Ninetales,Rumble,3,342.42,163.32,14,296.24,5,3796.875,2,low,1,2026-08-18,87775
87828,Octillery (H20),Aquapolis,H20/H32,75.79,149.99,9,352.5,10,2071.5,2,low,1,2026-08-18,87828
87871,Omastar,Arceus,23/99,2.9,44.99,1,,0,162.365,2,low,0,2026-08-18,87871
87887,Oracle,Skyridge,138/144,19.35,,0,91.35,3,746.5,2,low,0,2026-08-18,87887
87917,Palkia G,Platinum,12/127,22.51,37.5,6,75,6,4575,2,low,1,2026-08-18,87917
87982,Persian,Skyridge,042/144,22.46,36.385,2,75,2,462,2,low,0,2026-08-18,87982
88021,Pichu,Arceus,25/99,11.13,16,1,93.48,1,162.775,2,low,0,2026-08-18,88021
88029,Pidgeot (59),Expedition,059/165,24.79,69.99,2,,0,265,2,low,0,2026-08-18,88029
88074,Pikachu,Skyridge,084/144,153.97,786.75,2,432,15,2599.995,2,low,1,2026-08-18,88074
88094,Pikachu,Arceus,71/99,6.95,24,2,50.995000000000005,4,3900.5,2,low,0,2026-08-18,88094
88113,Piloswine (24),Skyridge,024/144,75,360,1,103.13499999999999,4,276.62,2,low,0,2026-08-18,88113
88225,Pokemon Fan Club,Aquapolis,130/147,7.06,15.245000000000001,2,,0,986.19,2,low,0,2026-08-18,88225
88291,Ponyta (Shiny),Arceus,SH11,194.77,293.88,14,650,11,5500,2,low,1,2026-08-18,88291
88317,Porygon-Z,Triumphant,7/102,8.21,21.99,7,37.495000000000005,15,700,2,low,1,2026-08-18,88317
88412,Psychic Cube 01,Aquapolis,132/147,2.96,,0,,0,157.495,2,low,0,2026-08-18,88412
88552,Rainbow Energy,Aquapolis,144/147,12.64,,0,24.99,1,144.995,2,low,0,2026-08-18,88552
88576,Rapidash (26),Expedition,026/165,141,218.70999999999998,4,374.44,5,3843.5,2,low,0,2026-08-18,88576
88638,Rayquaza & Deoxys Legend (Top),Undaunted,89/90,239.68,455,18,949.995,16,7000,2,low,1,2026-08-18,88638
88694,Remoraid,Aquapolis,105/147,3.59,,0,,0,187.5,2,low,0,2026-08-18,88694
88739,Rhyhorn,Skyridge,091/144,13.58,,0,,0,218.145,2,low,0,2026-08-18,88739
88957,Scizor (H21),Aquapolis,H21/H32,188.99,347.875,16,672.5,8,8850,2,low,1,2026-08-18,88957
88963,Scizor,Undaunted,7/90,61.48,150,19,175,12,3739.5,2,low,1,2026-08-18,88963
89107,Shaymin (15),Platinum,15/127,15.95,24.25,7,62.98,1,2330,2,low,0,2026-08-18,89107
89178,Shinx (Shiny),Arceus,SH12,163.37,299.99,19,1150,7,3499.5,2,low,1,2026-08-18,89178
89312,Slowking (H22),Aquapolis,H22/H32,274.5,400,7,1999.97,6,4069.25,2,low,1,2026-08-18,89312
89438,Spearow,Expedition,130/165,3.59,25,3,28.75,3,53.305,2,low,0,2026-08-18,89438
89560,Steelix,Aquapolis,035/147,43.52,871.26,1,100,1,424.975,2,low,0,2026-08-18,89560
89610,Suicune & Entei Legend (Top),Unleashed,94/95,113.4,310,6,349.995,9,4999.475,2,low,1,2026-08-18,89610
89935,Togepi,Undaunted,70/90,2.97,,0,,0,337.5,2,low,0,2026-08-18,89935
89940,Togetic (H27),Aquapolis,H27/H32,185.74,405,8,830,9,7375,2,low,1,2026-08-18,89940
89987,Torterra,Unleashed,10/95,11.31,50,4,66.975,4,3744,2,low,0,2026-08-18,89987
90030,Traveling Salesman,Aquapolis,137/147,2.61,13.5,1,28.77,1,104.995,2,low,0,2026-08-18,90030
90114,Tyranitar (H28),Aquapolis,H28/H32,,2449.995,17,3332.075,6,16549.995000000003,2,low,1,2026-08-18,90114
90115,Tyranitar (29),Expedition,029/165,317,850,15,1637.495,13,13105.5,2,low,1,2026-08-18,90115
90300,Venomoth,Skyridge,111/144,10.52,,0,39.495000000000005,7,234.99,2,low,0,2026-08-18,90300
90360,Victreebel (H30),Aquapolis,H30/H32,154.94,152.5,6,190,17,1721.79,2,low,1,2026-08-18,90360
90379,Vileplume (69),Expedition,069/165,5.23,,0,21.99,3,182.425,2,low,0,2026-08-18,90379
90443,Vulpix (Shiny),Platinum,SH6,167.28,194.995,14,1050,6,7560.475,2,low,1,2026-08-18,90443
90557,Weezing (32),Expedition,032/165,76.98,130,2,109.8,2,1850,2,low,0,2026-08-18,90557
90559,Weezing (70),Expedition,070/165,5.76,,0,,0,80,2,low,0,2026-08-18,90559
90768,Zubat (117),Skyridge,117/144,27.21,,0,39.99,3,125.995,2,low,0,2026-08-18,90768
113681,Gyarados,Generations,23/83,1.08,15,3,36,4,154.5,2,low,0,2026-08-18,113681
113721,Imakuni?,Generations,63/83,4.2,30.43,3,149,1,201.745,2,low,0,2026-08-18,113721
45128,Electrode (2),Jungle,02/64,60.02,60,14,85,7,678,1,low,1,2026-08-18,45128
45129,Flareon (3),Jungle,03/64,155.2,119.5,29,212.5,20,2275,1,low,1,2026-08-18,45129
45130,Jolteon (4),Jungle,04/64,243.46,128.88,14,220,8,17500,1,low,1,2026-08-18,45130
45160,Nidoran F,Jungle,57/64,2.58,10.95,1,29.99,1,177.5,1,low,0,2026-08-18,45160
83447,Abra,Expedition,093/165,4.54,,0,,0,10,1,low,0,2026-08-18,83447
83536,Ampharos,Aquapolis,001/147,33.67,26,1,,0,310.88,1,low,0,2026-08-18,83536
83566,Arbok (3),Expedition,003/165,137.5,209.5,11,352,6,5100,1,low,1,2026-08-18,83566
83575,Arcanine,Aquapolis,002/147,142.08,158.5,5,164.5,1,800,1,low,0,2026-08-18,83575
83577,Arcanine (3),Skyridge,003/144,109.48,117.2,2,112.5,2,344.99,1,low,0,2026-08-18,83577
83602,Arceus Lv.X (94),Arceus,94/99,49.79,141.5,25,412.49,8,19999.99,1,low,1,2026-08-18,83602
83680,Azumarill,Aquapolis,004/147,33.59,39.99,1,,0,153.5,1,low,0,2026-08-18,83680
83759,Beautifly,Platinum,21/127,1.05,,0,,0,25,1,low,0,2026-08-18,83759
83796,Bellossom,Aquapolis,005/147,25.62,232.5,1,,0,250,1,low,0,2026-08-18,83796
83804,Bellsprout (45),Aquapolis,045/147,19.4,,0,,0,475,1,low,0,2026-08-18,83804
83837,Bill's Maintenance,Expedition,137/165,0.67,,0,,0,59.97,1,low,0,2026-08-18,83837
83888,Blastoise (4),Expedition,004/165,400,930,5,1802.495,6,20000,1,low,1,2026-08-18,83888
83889,Blastoise (36),Expedition,036/165,59.02,,0,,0,650,1,low,0,2026-08-18,83889
83890,Blastoise (37),Expedition,037/165,87,60,1,325,5,375,1,low,0,2026-08-18,83890
83920,Blissey (H6),Aquapolis,H06/H32,105.31,205.255,6,405,7,125,1,low,1,2026-08-18,83920
84026,Bulbasaur (94),Expedition,094/165,42.81,40,1,66,2,200,1,low,0,2026-08-18,84026
84184,Charizard (39),Expedition,039/165,173.32,,0,299.99,8,520,1,low,0,2026-08-18,84184
84233,Charmeleon,Arceus,35/99,1.83,,0,18.51,3,800,1,low,0,2026-08-18,84233
84256,Cherrim,Rumble,2,89.99,80.46,10,120,9,6000,1,low,1,2026-08-18,84256
84370,Cloyster (8),Expedition,008/165,93.37,253.82,9,387.845,4,3000,1,low,1,2026-08-18,84370
84372,Cloyster (42),Expedition,042/165,16.62,,0,52.5,2,231.07,1,low,0,2026-08-18,84372
84438,Corsola,Expedition,102/165,3.44,22.25,2,25.494999999999997,6,150,1,low,0,2026-08-18,84438
84488,Crobat,Unleashed,14/95,5.35,,0,24,1,119.99,1,low,0,2026-08-18,84488
84519,Crystal Shard,Skyridge,122/144,4.61,,0,16.57,3,999,1,low,0,2026-08-18,84519
84696,Darkness Energy,Aquapolis,142/147,10.18,14.99,1,,0,31.01,1,low,0,2026-08-18,84696
84746,Delibird,Skyridge,049/144,22.34,,0,,0,999,1,low,0,2026-08-18,84746
84803,Dialga (6),Platinum,6/127,20.33,29.99,11,75.5,3,3500,1,low,1,2026-08-18,84803
84804,Dialga (5),Platinum,5/127,18.59,32.370000000000005,7,73,8,2600,1,low,1,2026-08-18,84804
84818,Diglett,Skyridge,050/144,37.7,26,1,,0,255.88,1,low,0,2026-08-18,84818
84859,Doduo,Aquapolis,073/147,5.75,,0,,0,71,1,low,0,2026-08-18,84859
84914,Dragonite,Triumphant,18/102,18.73,100,4,43.98,1,1035,1,low,0,2026-08-18,84914
84984,Dual Ball,Expedition,139/165,2.02,,0,19.99,1,69.99,1,low,0,2026-08-18,84984
84998,Dugtrio (44),Expedition,044/165,10.54,39.99,1,31.99,1,125,1,low,0,2026-08-18,84998
84999,Dugtrio,Skyridge,052/144,28.93,,0,64,2,254.99,1,low,0,2026-08-18,84999
85167,Elekid,Aquapolis,009/147,20.58,,0,49.99,1,100,1,low,0,2026-08-18,85167
85226,Energy Restore,Expedition,141/165,1.18,9.53,1,,0,175,1,low,0,2026-08-18,85226
85268,Entei,Aquapolis,010/147,44.98,89.69,5,92.995,10,1750,1,low,1,2026-08-18,85268
85317,Espeon (H9),Aquapolis,H09/H32,289.99,,0,1950,15,7500,1,low,1,2026-08-18,85317
85344,Exeggcute (76),Aquapolis,076/147,2.2,17.880000000000003,2,,0,80,1,low,0,2026-08-18,85344
85392,Fearow (11),Expedition,011/165,98.14,105,1,213.5,1,1649.99,1,low,0,2026-08-18,85392
85415,Feraligatr (46),Expedition,046/165,19.27,,0,55,1,550,1,low,0,2026-08-18,85415
85590,Furret,Aquapolis,048/147,44.5,31,1,,0,500,1,low,0,2026-08-18,85590
85636,Gardevoir,Platinum,8/127,48.19,49.99,3,160.5,5,5500,1,low,0,2026-08-18,85636
85646,Gastly,Skyridge,057/144,33.85,35,1,102.5,7,1375,1,low,0,2026-08-18,85646
85673,Gengar (48),Expedition,048/165,173.93,157.5,5,155.5,1,710,1,low,0,2026-08-18,85673
85676,Gengar,Stormfront,18/100,62.37,121.575,8,307.99,7,4000,1,low,1,2026-08-18,85676
85677,Gengar (16),Arceus,16/99,42.29,103.78,15,162.5,1,2800,1,low,1,2026-08-18,85677
85678,Gengar (17),Arceus,17/99,60.18,95,27,336.255,14,10000,1,low,1,2026-08-18,85678
85727,Girafarig,Skyridge,058/144,12.29,26.32,1,,0,400,1,low,0,2026-08-18,85727
85734,Giratina (28),Platinum,28/127,10.34,37,2,51.6,1,455,1,low,0,2026-08-18,85734
85792,Golbat,Skyridge,060/144,66.1,,0,119.99,1,258.68,1,low,0,2026-08-18,85792
85829,Golem,Arceus,19/99,1.7,,0,,0,499.99,1,low,0,2026-08-18,85829
85868,Grass Cube 01,Aquapolis,124/127,2.4,,0,18,1,55,1,low,0,2026-08-18,85868
85907,Grimer,Aquapolis,079/147,22.44,,0,,0,295,1,low,0,2026-08-18,85907
85942,Grovyle,Stormfront,39/100,0.91,30,1,,0,184,1,low,0,2026-08-18,85942
85953,Growlithe (80),Aquapolis,080/147,27.72,,0,65,1,400,1,low,0,2026-08-18,85953
86005,Gyarados G,Platinum,30/127,12.7,50,1,57.6,2,390,1,low,0,2026-08-18,86005
86024,Haunter,Expedition,080/165,15.85,,0,60,2,155,1,low,0,2026-08-18,86024
86051,Heatran,Rumble,4,109.98,76.455,5,170,10,2550,1,low,1,2026-08-18,86051
86094,Hitmonchan,Platinum,129/127,29.39,34.99,13,145.16500000000002,6,1125,1,low,1,2026-08-18,86094
86170,Hoothoot,Skyridge,065/144,16.5,26,1,,0,2468,1,low,0,2026-08-18,86170
86178,Hoppip,Aquapolis,083/147,11,,0,,0,137,1,low,0,2026-08-18,86178
86186,Horsea (84),Aquapolis,084/147,8.94,,0,,0,600,1,low,0,2026-08-18,86186
86199,Houndoom (H11),Aquapolis,H11/H32,399.99,1475,7,3570,9,19999.99,1,low,1,2026-08-18,86199
86200,Houndoom (H11),Skyridge,H11/H32,1000,1645.15,6,2226.26,5,20000,1,low,1,2026-08-18,86200
86202,Houndoom (14),Aquapolis,014/147,69.32,70.33500000000001,2,99,1,1250,1,low,0,2026-08-18,86202
86210,Houndoom (Prime),Undaunted,82/90,243.01,207.5,45,1700,16,40000,1,low,1,2026-08-18,86210
86246,Hyper Potion,Skyridge,127/144,5.16,,0,39.99,3,999,1,low,0,2026-08-18,86246
86277,Infernape,Platinum,31/127,4.15,,0,,0,500,1,low,0,2026-08-18,86277
86296,Ivysaur,Expedition,082/165,18.53,37.260000000000005,2,50.88,4,140,1,low,0,2026-08-18,86296
86313,Jigglypuff,Skyridge,068/144,34.84,99,3,160.995,2,500,1,low,0,2026-08-18,86313
86363,Jumpluff (H13),Aquapolis,H13/H32,89.57,132.445,6,140,7,749.99,1,low,1,2026-08-18,86363
86392,Kabutops (14),Skyridge,014/144,40.27,68,3,89.28,3,499,1,low,0,2026-08-18,86392
86441,Kingdra (H14),Aquapolis,H14/H32,214.44,353.35,8,587.495,6,7999.99,1,low,1,2026-08-18,86441
86443,Kingdra (19),Aquapolis,019/147,17.43,36,1,40,1,299.99,1,low,0,2026-08-18,86443
86448,Kingdra (Prime),Unleashed,85/95,62.15,150,21,275,11,6300,1,low,1,2026-08-18,86448
86455,Kingler (50),Expedition,050/165,11.77,,0,35,1,120,1,low,0,2026-08-18,86455
86523,Krabby,Expedition,115/165,3.17,14.89,3,19.5,4,432,1,low,0,2026-08-18,86523
86600,Lanturn (20),Aquapolis,020/147,16.55,,0,32.7,3,149.99,1,low,0,2026-08-18,86600
86616,Lapras,Skyridge,071/144,27.56,,0,117.5,4,699,1,low,0,2026-08-18,86616
86635,Larvitar,Expedition,116/165,5.13,35,1,17,2,500,1,low,0,2026-08-18,86635
86691,Ledian (15),Skyridge,015/144,16.66,38,1,,0,269.09,1,low,0,2026-08-18,86691
86718,Lickitung,Aquapolis,090/147,25.85,,0,23.5,3,382.5,1,low,0,2026-08-18,86718
86928,Lunatone,Triumphant,25/102,0.39,,0,,0,499.99,1,low,0,2026-08-18,86928
86931,Lure Ball,Skyridge,128/144,6.85,,0,29.95,1,999,1,low,0,2026-08-18,86931
86991,Machop,Expedition,117/165,2.73,,0,22.5,3,389.85,1,low,0,2026-08-18,86991
87000,Magby (17),Expedition,017/165,87.99,216.88,2,400,3,12100,1,low,0,2026-08-18,87000
87002,Magby (52),Expedition,052/165,7.76,,0,,0,175,1,low,0,2026-08-18,87002
87009,Magcargo (17),Skyridge,017/144,19.29,27.255000000000003,2,67.12,1,269.09,1,low,0,2026-08-18,87009
87023,Magikarp,Skyridge,075/144,91.78,89,1,200,5,3500,1,low,0,2026-08-18,87023
87030,Magikarp,Stormfront,65/100,5.32,,0,100,1,490,1,low,0,2026-08-18,87030
87044,Magmar,Expedition,086/165,7.48,,0,38.245000000000005,5,305,1,low,0,2026-08-18,87044
87059,Magmortar,Unleashed,2/95,6.23,69.995,5,40,8,996,1,low,1,2026-08-18,87059
87069,Magnemite,Skyridge,076/144,5.73,,0,37.5,2,450,1,low,0,2026-08-18,87069
87090,Magneton (20),Skyridge,020/144,26.27,44,3,,0,360,1,low,0,2026-08-18,87090
87115,Magnezone (6),Stormfront,6/100,5.62,30,7,78,4,2025,1,low,1,2026-08-18,87115
87148,Manaphy,Unleashed,3/95,12.83,62,2,139.995,12,1600.69,1,low,1,2026-08-18,87148
87162,Manectric,Platinum,11/127,4.42,25,1,49.95,7,1225,1,low,0,2026-08-18,87162
87172,Mankey,Aquapolis,092/147,21.46,,0,,0,280,1,low,0,2026-08-18,87172
87181,Mantine,Skyridge,077/144,17.65,,0,46,2,199,1,low,0,2026-08-18,87181
87195,Mareep,Aquapolis,093/147,7.87,25.03,1,30,1,250,1,low,0,2026-08-18,87195
87228,Marowak,Triumphant,44/102,0.99,,0,15,1,165,1,low,0,2026-08-18,87228
87348,Metal Cube 01,Aquapolis,129/147,1.84,16.244999999999997,2,26.77,1,55,1,low,0,2026-08-18,87348
87497,Miracle Sphere Alpha,Skyridge,129/144,2.86,12.8,1,40.495,3,110,1,low,0,2026-08-18,87497
87502,Misdreavus,Skyridge,039/144,16.47,,0,44.995000000000005,2,999,1,low,0,2026-08-18,87502
87517,Mismagius,Unleashed,5/95,6.33,21.5,3,39.97,4,2254.08,1,low,0,2026-08-18,87517
87591,Mr. Mime (95b),Aquapolis,095b/147,6.13,12.745000000000001,2,,0,113.5,1,low,0,2026-08-18,87591
87671,Mystery Plate Beta,Skyridge,134/144,7.1,7.5,1,15,1,119.99,1,low,0,2026-08-18,87671
87672,Mystery Plate Delta,Skyridge,136/144,5.59,21.5,1,38.64,2,119.99,1,low,0,2026-08-18,87672
87747,Nidorino,Triumphant,46/102,0.36,7.12,1,,0,266.77,1,medium,0,2026-08-18,87747
87766,Ninetales (57),Expedition,057/165,19.66,,0,,0,150,1,low,0,2026-08-18,87766
87840,Oddish,Expedition,122/165,2.39,,0,22.5,8,132.53,1,low,0,2026-08-18,87840
87853,Omanyte,Skyridge,041/144,24.53,41.735,2,74.74,1,450,1,low,0,2026-08-18,87853
87878,Onix,Aquapolis,098/147,7.68,,0,,0,449.99,1,low,0,2026-08-18,87878
87954,Parasect,Aquapolis,027/147,12.56,,0,,0,179.99,1,low,0,2026-08-18,87954
88027,Pidgeot (23),Expedition,023/165,158.31,187.5,8,201.57,7,15,1,low,1,2026-08-18,88027
88039,Pidgeotto,Expedition,088/165,13.47,,0,26.134999999999998,2,187.5,1,low,0,2026-08-18,88039
88047,Pidgey,Expedition,123/165,8.39,27.225,4,59.77,1,121.5,1,low,0,2026-08-18,88047
88124,Pineco (85),Skyridge,085/144,12.82,,0,,0,15,1,low,0,2026-08-18,88124
88149,Piplup,Platinum,85/127,4.63,24.5,1,,0,250,1,low,0,2026-08-18,88149
88251,Politoed,Unleashed,7/95,22.5,72.495,4,124.985,6,3050,1,low,0,2026-08-18,88251
88255,Poliwag,Skyridge,087/144,22.23,,0,,0,499.99,1,low,0,2026-08-18,88255
88263,Poliwhirl,Skyridge,088/144,36.07,,0,58.75,2,500,1,low,0,2026-08-18,88263
88320,Porygon-Z G,Arceus,26/99,1.92,36.58,1,49.75,2,600,1,low,0,2026-08-18,88320
88371,Prinplup,Platinum,59/127,1.33,,0,,0,80,1,low,0,2026-08-18,88371
88519,Raichu (Prime),Undaunted,83/90,129.01,187.45,40,429.995,25,2550.39,1,low,1,2026-08-18,88519
88539,Raikou & Suicune Legend (Top),Unleashed,92/95,161.71,218.765,8,1000,5,9999,1,low,1,2026-08-18,88539
88571,Rampardos,Platinum,13/127,24.55,37.995000000000005,4,46,1,1000,1,low,0,2026-08-18,88571
88577,Rapidash,Aquapolis,031/147,18.1,30,1,44,1,60,1,low,0,2026-08-18,88577
88580,Rapidash (62),Expedition,062/165,15.39,,0,30.995,2,125,1,low,0,2026-08-18,88580
88585,Rapidash (28),Arceus,28/99,1.58,,0,,0,505.52,1,low,0,2026-08-18,88585
88595,Rare Candy,Unleashed,82/95,9,21,2,,0,28.99,1,low,0,2026-08-18,88595
88718,Retro Energy,Skyridge,144/144,8.73,14.5,1,22.994999999999997,4,200,1,low,0,2026-08-18,88718
88729,Rhydon (29),Skyridge,029/144,19.47,77.72,1,50.59,1,169.69,1,low,0,2026-08-18,88729
88899,Salamence,Arceus,8/99,15.8,34.9,16,69.385,13,4650,1,low,1,2026-08-18,88899
88931,Sandslash,Skyridge,093/144,15.47,69.99,1,34.33,1,224.24,1,low,0,2026-08-18,88931
88959,Scizor,Aquapolis,032/147,69.17,,0,78.88,2,402.11,1,low,0,2026-08-18,88959
88964,Scizor (Prime),Undaunted,84/90,81.55,105.25,40,599.99,15,10000,1,low,1,2026-08-18,88964
89024,Seaking,Aquapolis,059/147,16.48,,0,,0,100,1,low,0,2026-08-18,89024
89051,Seel (95),Skyridge,095/144,25.39,,0,44.77,1,150,1,low,0,2026-08-18,89051
89292,Slaking,Platinum,16/127,4.68,26,3,20.5,5,3499.99,1,low,0,2026-08-18,89292
89333,Slowpoke,Undaunted,66/90,26.47,70.95,3,35,1,500,1,low,0,2026-08-18,89333
89346,Slugma,Undaunted,67/90,3.69,,0,,0,174.99,1,low,0,2026-08-18,89346
89352,Smeargle,Aquapolis,109/147,12.22,,0,35,1,450,1,low,0,2026-08-18,89352
89356,Smeargle,Undaunted,8/90,8.08,29.994999999999997,4,45.5,4,1500,1,low,0,2026-08-18,89356
89430,Solrock,Triumphant,9/102,3.54,20.99,6,35.63,5,937.58,1,low,1,2026-08-18,89430
89495,Squirtle,Platinum,96/127,8.53,31.17,1,40,1,460,1,low,0,2026-08-18,89495
89507,Star Piece,Skyridge,139/144,9.84,8.05,1,30.785,2,999,1,low,0,2026-08-18,89507
89544,Staryu (103),Skyridge,103/144,24.29,,0,34.995,2,450,1,low,0,2026-08-18,89544
89545,Staryu (104),Skyridge,104/144,34.06,43.9,2,43.21,4,78,1,low,0,2026-08-18,89545
89557,Steelix (H23),Aquapolis,H23/H32,299.95,661,10,904.5,8,6250,1,low,1,2026-08-18,89557
89563,Steelix,Unleashed,24/95,3.01,16.5,1,,0,299.99,1,low,0,2026-08-18,89563
89589,Sudowoodo (H24),Aquapolis,H24/H32,165,349.995,6,959.5,6,11999.99,1,low,1,2026-08-18,89589
89627,Super Energy Removal 2,Aquapolis,134/147,2.12,,0,20.744999999999997,2,41,1,low,0,2026-08-18,89627
89701,Swinub (108),Skyridge,108/144,17.24,,0,35,3,1250,1,low,0,2026-08-18,89701
89741,Tangela,Aquapolis,112/147,13.21,,0,51,5,710,1,low,0,2026-08-18,89741
89753,Tangrowth,Arceus,10/99,3.87,29.34,6,65,3,482.77,1,low,0,2026-08-18,89753
89941,Togetic,Aquapolis,039/147,32.53,,0,,0,500,1,low,0,2026-08-18,89941
90006,Town Volunteers,Aquapolis,136/147,11.28,99.99,1,35.995000000000005,4,74.99,1,low,0,2026-08-18,90006
90077,Turtwig,Platinum,101/127,1.08,,0,,0,1999.99,1,low,0,2026-08-18,90077
90101,Typhlosion (64),Expedition,064/165,75.69,79.75999999999999,2,86,3,320,1,low,0,2026-08-18,90101
90117,Tyranitar,Aquapolis,040/147,109.92,285.01,2,207.75,6,2500,1,low,0,2026-08-18,90117
90120,Tyranitar,Stormfront,30/100,11,210,2,100,1,243.5,1,low,0,2026-08-18,90120
90139,Umbreon (H29),Aquapolis,H29/H32,1252.62,2247,11,5888.88,14,3999.99,1,low,1,2026-08-18,90139
90155,Underground Expedition,Skyridge,140/144,22.01,23.245,2,40,1,1999,1,low,0,2026-08-18,90155
90157,Underground Lake,Skyridge,141/144,10.46,,0,47.495000000000005,3,1999,1,low,0,2026-08-18,90157
90158,Undersea Ruins,Aquapolis,138/147,5.52,,0,25.884999999999998,2,400,1,low,0,2026-08-18,90158
90164,Unown,Undaunted,40/90,1.26,,0,,0,144.49,1,low,0,2026-08-18,90164
90280,Vaporeon (H31),Skyridge,H31/H32,423,1575,11,2050,10,21271.67,1,low,1,2026-08-18,90280
90316,Venusaur (68),Expedition,068/165,30.48,,0,,0,300,1,low,0,2026-08-18,90316
90320,Venusaur,Rumble,1,279.92,290.325,9,625.05,12,7600,1,low,1,2026-08-18,90320
90376,Vileplume (31),Expedition,031/165,81.3,148.5,4,180.75,8,3999,1,low,1,2026-08-18,90376
90378,Vileplume,Aquapolis,043/147,26.76,,0,,0,88.5,1,low,0,2026-08-18,90378
90407,Voltorb (64),Aquapolis,064/147,8.78,,0,29.77,1,92.82,1,low,0,2026-08-18,90407
90421,Voltorb (Shiny),Stormfront,SH3,51.42,169.5,17,709,7,8999.99,1,low,1,2026-08-18,90421
90490,Wartortle,Platinum,65/127,3.54,31,1,,0,146.63,1,low,0,2026-08-18,90490
90491,Wartortle,Unleashed,42/95,3.08,10.885,2,64.99,1,87.71,1,low,0,2026-08-18,90491
90533,Weavile,Undaunted,25/90,1.92,18,1,,0,183.26,1,low,0,2026-08-18,90533
90536,Weavile G,Platinum,17/127,9.82,30,9,78,4,4000,1,low,1,2026-08-18,90536
90541,Weedle (115),Skyridge,115/144,26.63,,0,36.99,5,288.6,1,low,0,2026-08-18,90541
90615,Wobbuffet,Skyridge,045/144,17.4,,0,41.88,1,999,1,low,0,2026-08-18,90615
90633,Wooper (117),Aquapolis,117/147,50.87,109.25,6,181.5,5,515.67,1,low,1,2026-08-18,90633
90666,Xatu,Unleashed,11/95,8.12,34.33,5,70.5,4,1249.99,1,low,0,2026-08-18,90666
90720,Zapdos,Rumble,8,118.23,187.7,15,275,9,1525,1,low,1,2026-08-18,90720
106518,Articuno (2),Fossil,02/62,202.49,140,37,294.5,12,1999.99,1,low,1,2026-08-18,106518
106525,Kabutops (9),Fossil,09/62,114.5,90,34,236,38,3977.85,1,low,1,2026-08-18,106525
113695,Meowstic EX,Generations,37/83,6.62,9.99,6,29.994999999999997,6,250,1,low,1,2026-08-18,113695
113708,Clefairy,Generations,50/83,2.31,12.51,1,,0,102.5,1,low,0,2026-08-18,113708
276387,Celebi - 3/102 (Non-Holo Movie Exclusive),Triumphant,3/102,9.99,51.5,3,191.25,8,3051,1,low,1,2026-08-18,276387
44463,Recycle,Fossil,61/62,0.96,,0,,0,,0,,0,2026-08-18,44463
45120,Clefable (1),Jungle,01/64,122.03,100,9,280,5,,0,,1,2026-08-18,45120
45131,Kangaskhan (5),Jungle,05/64,81.52,52.5,10,75,3,,0,,1,2026-08-18,45131
45132,Mr. Mime (6),Jungle,06/64,128.45,94.475,12,153.75,4,,0,,1,2026-08-18,45132
45133,Nidoqueen (7),Jungle,07/64,108.57,85,24,119.5,18,,0,,1,2026-08-18,45133
45134,Pidgeot (8),Jungle,08/64,155.7,139.725,18,249.99,25,,0,,1,2026-08-18,45134
45135,Pinsir (9),Jungle,09/64,86.02,80,35,219.99,33,,0,,1,2026-08-18,45135
83441,Abomasnow,Stormfront,12/100,2.69,,0,,0,,0,,0,2026-08-18,83441
83470,Aerodactyl,Arceus,13/99,3.5,,0,,0,,0,,0,2026-08-18,83470
83487,Aipom,Aquapolis,067/147,7.17,,0,36.77,1,,0,,0,2026-08-18,83487
83492,Aipom,Unleashed,43/95,0.34,,0,,0,,0,,0,2026-08-18,83492
83493,Aipom,Triumphant,55/102,0.35,,0,,0,,0,,0,2026-08-18,83493
83497,Alakazam (1),Expedition,001/165,248.99,299.99,5,599,5,,0,,0,2026-08-18,83497
83500,Alakazam (33),Expedition,033/165,16.68,30,3,,0,,0,,0,2026-08-18,83500
83517,Altaria,Platinum,18/127,3.16,24.99,1,,0,,0,,0,2026-08-18,83517
83528,Ambipom,Triumphant,13/102,0.69,,0,,0,,0,,0,2026-08-18,83528
83537,Ampharos (H1),Aquapolis,H01/H32,350,599.99,3,36,1,,0,,0,2026-08-18,83537
83538,Ampharos (2),Expedition,002/165,175,150,3,610,2,,0,,0,2026-08-18,83538
83539,Ampharos (34),Expedition,034/165,25.16,51.495000000000005,2,45,1,,0,,0,2026-08-18,83539
83543,Ampharos,Platinum,1/127,31.26,65.495,4,179.475,4,,0,,0,2026-08-18,83543
83563,Apricorn Forest,Aquapolis,118/147,8.34,,0,22.5,1,,0,,0,2026-08-18,83563
83574,Arcanine (H2),Skyridge,H02/H32,159.98,1234,3,1637.5,5,,0,,0,2026-08-18,83574
83604,Arceus Lv.X (96),Arceus,96/99,40.34,129.95,19,400,20,,0,,1,2026-08-18,83604
83613,Ariados,Aquapolis,003/147,11.29,25,1,,0,,0,,0,2026-08-18,83613
83614,Ariados (H3),Aquapolis,H03/H32,74.97,119.99,5,202.5,3,,0,,0,2026-08-18,83614
83626,Armor Fossil,Platinum,119/127,0.27,,0,,0,,0,,0,2026-08-18,83626
83638,Aron,Undaunted,42/90,0.34,,0,,0,,0,,0,2026-08-18,83638
83639,Aron,Triumphant,56/102,0.65,,0,38.88,1,,0,,0,2026-08-18,83639
83644,Articuno (H3),Skyridge,H03/H32,277.6,1200,4,2550,7,,0,,0,2026-08-18,83644
83698,Bagon,Stormfront,53/100,0.76,,0,,0,,0,,0,2026-08-18,83698
83699,Bagon,Arceus,52/99,0.38,,0,,0,,0,,0,2026-08-18,83699
83700,Bagon (Shiny),Arceus,SH10,100.14,240,13,675,5,,0,,1,2026-08-18,83700
83723,Banette,Platinum,19/127,10.5,,0,,0,,0,,0,2026-08-18,83723
83724,Banette,Triumphant,14/102,1.46,,0,,0,,0,,0,2026-08-18,83724
83736,Bastiodon,Platinum,20/127,1.47,,0,70,1,,0,,0,2026-08-18,83736
83737,Bastiodon,Rumble,14,89.98,72.47,14,133.5,8,,0,,1,2026-08-18,83737
83745,Bayleef,Expedition,071/165,13.78,,0,49.99,1,,0,,0,2026-08-18,83745
83764,Beedrill (H4),Skyridge,H04/H32,199.99,442.5,2,662,3,,0,,0,2026-08-18,83764
83772,Beedrill,Unleashed,12/95,2.61,15.75,1,,0,,0,,0,2026-08-18,83772
83776,Beedrill G,Arceus,53/99,0.46,,0,,0,,0,,0,2026-08-18,83776
83777,Beginning Door,Arceus,82/99,0.47,,0,,0,,0,,0,2026-08-18,83777
83791,Beldum,Unleashed,44/95,0.3,,0,,0,,0,,0,2026-08-18,83791
83792,Beldum,Undaunted,43/90,0.4,,0,,0,,0,,0,2026-08-18,83792
83797,Bellossom (H5),Aquapolis,H05/H32,139.99,,0,26.97,2,,0,,0,2026-08-18,83797
83806,Bellsprout (68),Aquapolis,068/147,11.71,54,1,44.995000000000005,2,,0,,0,2026-08-18,83806
83810,Bellsprout,Triumphant,57/102,0.31,,0,,0,,0,,0,2026-08-18,83810
83811,Bench Shield,Arceus,83/99,0.49,,0,,0,,0,,0,2026-08-18,83811
83818,Bibarel,Stormfront,32/100,0.62,,0,,0,,0,,0,2026-08-18,83818
83827,Bidoof,Stormfront,54/100,9.1,19.99,3,,0,,0,,0,2026-08-18,83827
83850,Black Belt,Triumphant,85/102,0.5,,0,,0,,0,,0,2026-08-18,83850
83895,Blastoise,Unleashed,13/95,15.45,72,1,305,7,,0,,0,2026-08-18,83895
83910,Blaziken,Platinum,3/127,25.19,34.760000000000005,2,122.75,8,,0,,0,2026-08-18,83910
83919,Blissey,Aquapolis,006/147,12.65,15,1,,0,,0,,0,2026-08-18,83919
83922,Blissey,Platinum,22/127,4.35,,0,,0,,0,,0,2026-08-18,83922
83991,Broken Time-Space,Platinum,104/127,1.86,,0,,0,,0,,0,2026-08-18,83991
83994,Bronzong,Stormfront,13/100,0.94,,0,,0,,0,,0,2026-08-18,83994
83995,Bronzong (14),Arceus,14/99,0.68,,0,,0,,0,,0,2026-08-18,83995
83996,Bronzong (33),Arceus,33/99,0.4,,0,,0,,0,,0,2026-08-18,83996
83997,Bronzong,Triumphant,15/102,15.26,,0,40,1,,0,,0,2026-08-18,83997
84000,Bronzong G,Platinum,41/127,0.8,,0,,0,,0,,0,2026-08-18,84000
84003,Bronzor,Stormfront,55/100,0.32,,0,,0,,0,,0,2026-08-18,84003
84004,Bronzor (34),Arceus,34/99,0.42,,0,,0,,0,,0,2026-08-18,84004
84005,Bronzor (54),Arceus,54/99,0.31,,0,,0,,0,,0,2026-08-18,84005
84006,Bronzor,Triumphant,58/102,2.12,,0,,0,,0,,0,2026-08-18,84006
84011,Budew,Stormfront,33/100,9.77,,0,,0,,0,,0,2026-08-18,84011
84014,Buffer Piece,Arceus,84/99,0.24,,0,,0,,0,,0,2026-08-18,84014
84022,Buizel,Unleashed,45/95,0.4,,0,,0,,0,,0,2026-08-18,84022
84027,Bulbasaur (95),Expedition,095/165,66.34,,0,190,1,,0,,0,2026-08-18,84027
84044,Buneary,Arceus,55/99,0.38,,0,,0,,0,,0,2026-08-18,84044
84048,Buried Fossil,Skyridge,047/144,19.64,,0,,0,,0,,0,2026-08-18,84048
84051,Burmy Plant Cloak,Arceus,56/99,0.44,,0,,0,,0,,0,2026-08-18,84051
84055,Burmy Sandy Cloak,Arceus,57/99,0.74,,0,,0,,0,,0,2026-08-18,84055
84057,Burmy Trash Cloak,Arceus,58/99,0.47,24.05,2,,0,,0,,0,2026-08-18,84057
84058,Burned Tower,Undaunted,71/90,1.93,39.99,1,26.5,1,,0,,0,2026-08-18,84058
84059,Butterfree (5),Expedition,005/165,153.12,256.25,4,,0,,0,,0,2026-08-18,84059
84076,Cacnea,Platinum,67/127,0.34,,0,,0,,0,,0,2026-08-18,84076
84081,Cacturne,Platinum,42/127,0.75,,0,,0,,0,,0,2026-08-18,84081
84101,Carnivine (68),Platinum,68/127,0.27,,0,,0,,0,,0,2026-08-18,84101
84102,Carnivine (43),Platinum,43/127,0.55,,0,,0,,0,,0,2026-08-18,84102
84104,Carnivine,Unleashed,46/95,0.31,,0,,0,,0,,0,2026-08-18,84104
84105,Carnivine,Triumphant,16/102,0.66,,0,,0,,0,,0,2026-08-18,84105
84116,Carvanha,Triumphant,59/102,0.33,,0,,0,,0,,0,2026-08-18,84116
84122,Cascoon,Platinum,44/127,0.92,,0,,0,,0,,0,2026-08-18,84122
84171,Chansey,Aquapolis,069/147,6.89,,0,,0,,0,,0,2026-08-18,84171
84172,Chansey,Expedition,072/165,8.68,,0,60,1,,0,,0,2026-08-18,84172
84176,Chansey,Platinum,69/127,2.52,,0,,0,,0,,0,2026-08-18,84176
84207,Charmander (98),Expedition,098/165,51.27,79.99,1,46.93,1,,0,,0,2026-08-18,84207
84216,Charmander,Stormfront,101/100,171.01,127.495,16,400,15,,0,,1,2026-08-18,84216
84246,Cheerleader's Cheer,Unleashed,71/95,0.38,,0,,0,,0,,0,2026-08-18,84246
84252,Cherrim,Stormfront,14/100,3.56,,0,,0,,0,,0,2026-08-18,84252
84255,Cherrim,Arceus,15/99,7.36,,0,,0,,0,,0,2026-08-18,84255
84257,Cherrim,Unleashed,28/95,0.71,,0,,0,,0,,0,2026-08-18,84257
84261,Cherubi,Stormfront,56/100,2.45,,0,,0,,0,,0,2026-08-18,84261
84263,Cherubi,Arceus,60/99,2.09,,0,,0,,0,,0,2026-08-18,84263
84264,Cherubi,Unleashed,47/95,0.27,,0,,0,,0,,0,2026-08-18,84264
84288,Chimchar,Platinum,70/127,0.58,,0,,0,,0,,0,2026-08-18,84288
84301,Chinchou (70),Aquapolis,070/147,14.05,,0,28.77,3,,0,,0,2026-08-18,84301
84302,Chinchou (71),Aquapolis,071/147,4.71,,0,26.5,2,,0,,0,2026-08-18,84302
84310,Chinchou,Unleashed,48/95,0.42,,0,,0,,0,,0,2026-08-18,84310
84342,Clefable (7),Expedition,007/165,153.97,,0,529.89,1,,0,,0,2026-08-18,84342
84344,Clefable (41),Expedition,041/165,8.97,,0,36,1,,0,,0,2026-08-18,84344
84394,Combee,Stormfront,57/100,0.42,,0,,0,,0,,0,2026-08-18,84394
84395,Combee,Platinum,71/127,0.36,,0,,0,,0,,0,2026-08-18,84395
84397,Combee,Undaunted,44/90,0.35,,0,,0,,0,,0,2026-08-18,84397
84412,Combusken,Platinum,45/127,0.6,,0,,0,,0,,0,2026-08-18,84412
84417,Conductive Quarry,Stormfront,82/100,0.31,,0,,0,,0,,0,2026-08-18,84417
84460,Cranidos,Platinum,46/127,1.24,,0,,0,,0,,0,2026-08-18,84460
84478,Croagunk,Arceus,61/99,0.72,,0,,0,,0,,0,2026-08-18,84478
84483,Crobat (H5),Skyridge,H05/H32,474.99,,0,,0,,0,,0,2026-08-18,84483
84484,Crobat (6),Skyridge,006/144,45,,0,95.32,2,,0,,0,2026-08-18,84484
84489,Crobat (Prime),Unleashed,84/95,61.32,59.9,27,582.5,14,,0,,1,2026-08-18,84489
84494,Crobat G,Platinum,47/127,3.68,,0,29.99,1,,0,,0,2026-08-18,84494
84497,Croconaw,Expedition,074/165,10.97,35,1,33.83,2,,0,,0,2026-08-18,84497
84518,Crystal Energy,Aquapolis,146/147,4.35,,0,,0,,0,,0,2026-08-18,84518
84528,Cubone,Aquapolis,072/147,24.01,,0,,0,,0,,0,2026-08-18,84528
84535,Cubone,Triumphant,60/102,6.85,49.5,4,,0,,0,,0,2026-08-18,84535
84542,Cyclone Energy,Stormfront,94/100,0.67,,0,,0,,0,,0,2026-08-18,84542
84557,Cyrus's Conspiracy,Platinum,105/127,3.45,,0,,0,,0,,0,2026-08-18,84557
84675,Darkness Cube 01,Aquapolis,119/147,1.66,12.5,1,24.27,1,,0,,0,2026-08-18,84675
84693,Darkness Energy (Special),Undaunted,79/90,0.74,,0,,0,,0,,0,2026-08-18,84693
84727,Defender,Undaunted,72/90,0.24,,0,,0,,0,,0,2026-08-18,84727
84741,Delcatty,Platinum,4/127,11.32,24.49,4,59.99,6,,0,,0,2026-08-18,84741
84780,Department Store Girl,Arceus,85/99,0.71,,0,,0,,0,,0,2026-08-18,84780
84785,Dewgong (H6),Skyridge,H06/H32,359.1,500,1,605,1,,0,,0,2026-08-18,84785
84824,Diglett,Platinum,72/127,0.48,,0,,0,,0,,0,2026-08-18,84824
84826,Diglett,Triumphant,61/102,0.62,26.85,1,,0,,0,,0,2026-08-18,84826
84844,Ditto,Triumphant,17/102,23.93,43.5,2,,0,,0,,0,2026-08-18,84844
84848,Dodrio,Aquapolis,046/147,13.53,,0,,0,,0,,0,2026-08-18,84848
84854,Dodrio,Undaunted,11/90,0.77,,0,,0,,0,,0,2026-08-18,84854
84865,Doduo,Undaunted,45/90,0.39,,0,,0,,0,,0,2026-08-18,84865
84869,Dome Fossil,Arceus,92/99,0.35,,0,,0,,0,,0,2026-08-18,84869
84898,Dragonair,Expedition,075/165,17.17,,0,,0,,0,,0,2026-08-18,84898
84901,Dragonair,Triumphant,32/102,3.91,17.5,1,31,4,,0,,0,2026-08-18,84901
84910,Dragonite (9),Expedition,009/165,799.69,1600,13,2875,6,,0,,1,2026-08-18,84910
84923,Drapion,Stormfront,15/100,1.14,,0,,0,,0,,0,2026-08-18,84923
84926,Drapion LV.X,Platinum,123/127,50.09,100,15,380,7,,0,,1,2026-08-18,84926
84936,Dratini,Triumphant,62/102,1.23,12,1,20,1,,0,,0,2026-08-18,84936
84945,Drifblim,Stormfront,16/100,2.21,,0,,0,,0,,0,2026-08-18,84945
84948,Drifblim,Undaunted,12/90,0.74,,0,,0,,0,,0,2026-08-18,84948
84957,Drifloon,Stormfront,58/100,0.44,,0,,0,,0,,0,2026-08-18,84957
84958,Drifloon (Shiny),Stormfront,SH1,70,171.245,16,1291.66,3,,0,,1,2026-08-18,84958
84960,Drifloon,Undaunted,46/90,0.39,,0,,0,,0,,0,2026-08-18,84960
84971,Drowzee (74a),Aquapolis,074a/147,6.02,,0,,0,,0,,0,2026-08-18,84971
84972,Drowzee (74b),Aquapolis,074b/147,6.08,,0,,0,,0,,0,2026-08-18,84972
84988,Dual Ball,Unleashed,72/95,0.87,,0,,0,,0,,0,2026-08-18,84988
84996,Dugtrio (10),Expedition,010/165,76.75,,0,,0,,0,,0,2026-08-18,84996
85003,Dugtrio,Platinum,24/127,0.71,,0,,0,,0,,0,2026-08-18,85003
85004,Dugtrio,Triumphant,19/102,1.08,,0,,0,,0,,0,2026-08-18,85004
85006,Dunsparce,Skyridge,053/144,49.13,,0,46.99,1,,0,,0,2026-08-18,85006
85011,Dunsparce,Platinum,73/127,0.32,,0,,0,,0,,0,2026-08-18,85011
85013,Dunsparce,Unleashed,29/95,0.5,,0,,0,,0,,0,2026-08-18,85013
85029,Dusclops (34),Stormfront,34/100,0.72,,0,,0,,0,,0,2026-08-18,85029
85030,Dusclops (35),Stormfront,35/100,0.77,,0,,0,,0,,0,2026-08-18,85030
85037,Dusknoir (1),Stormfront,1/100,12.27,36,7,52.29,8,,0,,1,2026-08-18,85037
85038,Dusknoir (17),Stormfront,17/100,1.25,,0,,0,,0,,0,2026-08-18,85038
85052,Duskull (59),Stormfront,59/100,0.48,,0,,0,,0,,0,2026-08-18,85052
85053,Duskull (60),Stormfront,60/100,1.22,,0,,0,,0,,0,2026-08-18,85053
85054,Duskull (Shiny),Stormfront,SH2,101.28,269.99,16,823.9449999999999,7,,0,,1,2026-08-18,85054
85058,Dustox,Platinum,25/127,2.56,,0,,0,,0,,0,2026-08-18,85058
85080,Eevee,Aquapolis,075/147,39.28,36,4,95,6,,0,,0,2026-08-18,85080
85088,Eevee (48),Undaunted,48/90,4.72,29.95,5,34.99,3,,0,,0,2026-08-18,85088
85116,Electabuzz,Platinum,128/127,21.66,34.975,9,181.315,3,,0,,1,2026-08-18,85116
85117,Electabuzz,Triumphant,33/102,0.76,,0,,0,,0,,0,2026-08-18,85117
85123,Electivire,Triumphant,20/102,1.92,200,1,276.71,2,,0,,0,2026-08-18,85123
85141,Electrike,Platinum,74/127,0.41,,0,,0,,0,,0,2026-08-18,85141
85142,Electrike (62),Arceus,62/99,0.43,,0,,0,,0,,0,2026-08-18,85142
85143,Electrike (63),Arceus,63/99,0.27,,0,,0,,0,,0,2026-08-18,85143
85148,Electrode,Aquapolis,008/147,14.58,20.5,1,24.93,1,,0,,0,2026-08-18,85148
85157,Electrode (36),Stormfront,36/100,0.43,,0,,0,,0,,0,2026-08-18,85157
85158,Electrode (37),Stormfront,37/100,0.62,,0,,0,,0,,0,2026-08-18,85158
85159,Electrode,Triumphant,34/102,0.37,,0,,0,,0,,0,2026-08-18,85159
85172,Elekid,Triumphant,21/102,3.42,,0,,0,,0,,0,2026-08-18,85172
85187,Emcee's Chatter,Unleashed,73/95,0.38,,0,,0,,0,,0,2026-08-18,85187
85199,Empoleon,Stormfront,2/100,11.9,39.99,8,136.5,3,,0,,0,2026-08-18,85199
85200,Empoleon,Platinum,26/127,3.03,,0,,0,,0,,0,2026-08-18,85200
85212,Energy Exchanger,Undaunted,73/90,0.32,,0,,0,,0,,0,2026-08-18,85212
85214,Energy Link,Stormfront,83/100,0.39,,0,,0,,0,,0,2026-08-18,85214
85221,Energy Removal 2,Expedition,140/165,1.62,,0,29.990000000000002,2,,0,,0,2026-08-18,85221
85229,Energy Restore,Arceus,86/99,0.21,,0,,0,,0,,0,2026-08-18,85229
85234,Energy Returner,Unleashed,74/95,0.31,,0,,0,,0,,0,2026-08-18,85234
85258,Energy Switch,Stormfront,84/100,0.42,,0,,0,,0,,0,2026-08-18,85258
85264,Engineer's Adjustments,Unleashed,75/95,0.37,,0,,0,,0,,0,2026-08-18,85264
85267,Entei (H8),Aquapolis,H08/H32,144.99,402.5,18,913,5,,0,,1,2026-08-18,85267
85276,Entei & Raikou Legend (bottom),Unleashed,91/95,108.9,235.32500000000002,10,575,7,,0,,1,2026-08-18,85276
85318,Espeon,Aquapolis,011/147,133.73,,0,,0,,0,,0,2026-08-18,85318
85345,Exeggcute (77),Aquapolis,077/147,8.24,,0,,0,,0,,0,2026-08-18,85345
85354,Exeggutor (12),Aquapolis,012/147,8.85,,0,,0,,0,,0,2026-08-18,85354
85356,Exeggutor (13),Aquapolis,013/147,36.42,,0,,0,,0,,0,2026-08-18,85356
85369,Expert Belt,Arceus,87/99,0.83,,0,,0,,0,,0,2026-08-18,85369
85383,Farfetch'd,Skyridge,055/144,45.29,62,1,,0,,0,,0,2026-08-18,85383
85387,Farfetch'd,Stormfront,38/100,0.72,,0,,0,,0,,0,2026-08-18,85387
85399,Fearow,Unleashed,15/95,0.61,,0,,0,,0,,0,2026-08-18,85399
85414,Feraligatr (12),Expedition,012/165,331.83,530,7,1310,1,,0,,0,2026-08-18,85414
85416,Feraligatr (47),Expedition,047/165,38.42,65,1,120,1,,0,,0,2026-08-18,85416
85450,Finneon,Stormfront,61/100,0.28,,0,,0,,0,,0,2026-08-18,85450
85477,Flaaffy,Aquapolis,047/147,14.5,,0,41,1,,0,,0,2026-08-18,85477
85481,Flaaffy,Platinum,48/127,1.35,,0,,0,,0,,0,2026-08-18,85481
85490,Flareon (H7),Skyridge,H07/H32,589.89,,0,,0,,0,,0,2026-08-18,85490
85498,Flareon,Undaunted,26/90,11.3,30,3,50,5,,0,,0,2026-08-18,85498
85515,Floatzel,Unleashed,16/95,0.97,,0,,0,,0,,0,2026-08-18,85515
85519,Flower Shop Lady,Undaunted,74/90,3.12,,0,,0,,0,,0,2026-08-18,85519
85543,Forretress (H8),Skyridge,H08/H32,229.99,59.99,13,387.5,5,,0,,1,2026-08-18,85543
85546,Forretress (56),Skyridge,056/144,6.54,34.91,1,50,1,,0,,0,2026-08-18,85546
85551,Forretress (3),Undaunted,3/90,3.62,40,1,49.5,4,,0,,0,2026-08-18,85551
85552,Forretress (13),Undaunted,13/90,0.69,,0,,0,,0,,0,2026-08-18,85552
85573,Froslass,Arceus,2/99,8.07,66.14,3,33.99,5,,0,,0,2026-08-18,85573
85603,Galactic HQ,Platinum,106/127,0.43,,0,,0,,0,,0,2026-08-18,85603
85653,Gastly,Stormfront,62/100,3.65,,0,75,1,,0,,0,2026-08-18,85653
85654,Gastly (36),Arceus,36/99,1.39,,0,,0,,0,,0,2026-08-18,85654
85655,Gastly (64),Arceus,64/99,0.75,,0,,0,,0,,0,2026-08-18,85655
85656,Gastly,Triumphant,63/102,4.45,13.5,1,38.99,1,,0,,0,2026-08-18,85656
85668,Gengar (H9),Skyridge,H09/H32,,,0,6299,19,,0,,1,2026-08-18,85668
85693,Geodude,Arceus,65/99,0.37,,0,,0,,0,,0,2026-08-18,85693
85742,Giratina LV.X,Platinum,124/127,159.26,399.9,25,700,20,,0,,1,2026-08-18,85742
85756,Glalie,Arceus,18/99,0.99,,0,,0,,0,,0,2026-08-18,85756
85763,Gligar,Skyridge,059/144,6.28,,0,115,1,,0,,0,2026-08-18,85763
85768,Gligar,Undaunted,49/90,0.39,,0,,0,,0,,0,2026-08-18,85768
85780,Gloom,Aquapolis,049/147,29.83,,0,,0,,0,,0,2026-08-18,85780
85781,Gloom,Expedition,078/165,8.47,,0,,0,,0,,0,2026-08-18,85781
85786,Gloom,Undaunted,27/90,1.13,,0,,0,,0,,0,2026-08-18,85786
85797,Golbat,Unleashed,30/95,0.65,,0,,0,,0,,0,2026-08-18,85797
85804,Goldeen,Aquapolis,078/147,6.1,,0,30,1,,0,,0,2026-08-18,85804
85813,Golduck (50a),Aquapolis,050a/147,17.62,,0,,0,,0,,0,2026-08-18,85813
85814,Golduck (50b),Aquapolis,050b/147,17.86,,0,,0,,0,,0,2026-08-18,85814
85816,Golduck,Platinum,29/127,1.44,,0,,0,,0,,0,2026-08-18,85816
85821,Golem (14),Expedition,014/165,52.81,148.75,8,232.495,5,,0,,1,2026-08-18,85821
85824,Golem (49),Expedition,049/165,11.47,,0,,0,,0,,0,2026-08-18,85824
85840,Good Rod,Unleashed,76/95,0.36,,0,,0,,0,,0,2026-08-18,85840
85888,Graveler,Expedition,079/165,6.49,,0,,0,,0,,0,2026-08-18,85888
85894,Graveler,Arceus,37/99,1.22,17.5,1,25,1,,0,,0,2026-08-18,85894
85898,Great Ball,Stormfront,85/100,0.49,,0,,0,,0,,0,2026-08-18,85898
85912,Grimer,Platinum,75/127,0.5,,0,,0,,0,,0,2026-08-18,85912
85913,Grimer,Undaunted,50/90,0.34,,0,,0,,0,,0,2026-08-18,85913
85918,Grotle,Platinum,49/127,0.63,,0,,0,,0,,0,2026-08-18,85918
85919,Grotle,Unleashed,31/95,1.15,,0,,0,,0,,0,2026-08-18,85919
85943,Grovyle (38),Arceus,38/99,0.8,,0,,0,,0,,0,2026-08-18,85943
85944,Grovyle (39),Arceus,39/99,0.71,,0,,0,,0,,0,2026-08-18,85944
85971,Grumpig,Triumphant,23/102,0.59,,0,,0,,0,,0,2026-08-18,85971
85978,Gulpin (40),Arceus,40/99,2.27,,0,,0,,0,,0,2026-08-18,85978
85979,Gulpin (66),Arceus,66/99,0.43,,0,,0,,0,,0,2026-08-18,85979
86008,Happiny,Platinum,76/127,9.11,,0,,0,,0,,0,2026-08-18,86008
86015,Hariyama,Arceus,20/99,0.72,,0,,0,,0,,0,2026-08-18,86015
86016,Hariyama,Undaunted,14/90,4.3,,0,,0,,0,,0,2026-08-18,86016
86028,Haunter,Stormfront,40/100,4.55,,0,61,1,,0,,0,2026-08-18,86028
86029,Haunter (41),Arceus,41/99,9.34,33.99,2,,0,,0,,0,2026-08-18,86029
86031,Haunter,Triumphant,35/102,12.19,58.75,2,50.475,2,,0,,0,2026-08-18,86031
86040,Healing Berry,Aquapolis,125/147,2.63,6.745,2,,0,,0,,0,2026-08-18,86040
86050,Heatran,Arceus,3/99,3.21,29,3,49.980000000000004,2,,0,,0,2026-08-18,86050
86058,Helix Fossil,Arceus,93/99,0.34,,0,,0,,0,,0,2026-08-18,86058
86061,Heracross,Skyridge,064/144,21.03,,0,,0,,0,,0,2026-08-18,86061
86091,Hitmonchan,Aquapolis,081/147,23.54,,0,49.99,1,,0,,0,2026-08-18,86091
86095,Hitmonchan,Undaunted,51/90,0.41,,0,,0,,0,,0,2026-08-18,86095
86104,Hitmonlee,Expedition,081/165,5.11,27,1,38.57,2,,0,,0,2026-08-18,86104
86107,Hitmonlee,Undaunted,52/90,0.64,14,1,,0,,0,,0,2026-08-18,86107
86161,Honchkrow (15),Undaunted,15/90,0.92,,0,,0,,0,,0,2026-08-18,86161
86162,Honchkrow (16),Undaunted,16/90,0.5,,0,,0,,0,,0,2026-08-18,86162
86164,Honchkrow G,Platinum,77/127,0.51,,0,10.5,1,,0,,0,2026-08-18,86164
86187,Horsea (85),Aquapolis,085/147,8.1,,0,,0,,0,,0,2026-08-18,86187
86192,Horsea,Unleashed,49/95,0.48,,0,,0,,0,,0,2026-08-18,86192
86215,Houndoom G,Platinum,50/127,2.9,,0,152.5,1,,0,,0,2026-08-18,86215
86221,Houndour (86),Aquapolis,086/147,6.15,,0,,0,,0,,0,2026-08-18,86221
86222,Houndour (87),Aquapolis,087/147,9.76,,0,,0,,0,,0,2026-08-18,86222
86230,Houndour (53),Undaunted,53/90,0.69,,0,,0,,0,,0,2026-08-18,86230
86231,Houndour (54),Undaunted,54/90,0.46,,0,28.745,2,,0,,0,2026-08-18,86231
86249,Hypno,Aquapolis,016/147,32.19,,0,49.99,1,,0,,0,2026-08-18,86249
86258,Igglybuff,Skyridge,067/144,42.16,,0,49,1,,0,,0,2026-08-18,86258
86268,Illumise,Triumphant,64/102,0.37,,0,,0,,0,,0,2026-08-18,86268
86273,Indigo Plateau,Triumphant,86/102,0.71,,0,,0,,0,,0,2026-08-18,86273
86286,Interviewer's Questions,Unleashed,77/95,0.3,,0,,0,,0,,0,2026-08-18,86286
86345,Jolteon,Undaunted,28/90,6.43,,0,35.75,2,,0,,0,2026-08-18,86345
86364,Jumpluff,Aquapolis,017/147,27.57,17.5,1,,0,,0,,0,2026-08-18,86364
86369,Junk Arm,Triumphant,87/102,3.08,5.5,1,,0,,0,,0,2026-08-18,86369
86370,Jynx,Aquapolis,018/147,30.73,,0,41.99,1,,0,,0,2026-08-18,86370
86387,Kabuto,Arceus,67/99,0.53,,0,,0,,0,,0,2026-08-18,86387
86406,Kadabra,Expedition,084/165,9.49,,0,,0,,0,,0,2026-08-18,86406
86410,Kakuna,Skyridge,070/144,9.9,,0,35.75,2,,0,,0,2026-08-18,86410
86415,Kakuna,Unleashed,32/95,0.52,,0,,0,,0,,0,2026-08-18,86415
86420,Kangaskhan,Aquapolis,088/147,11.73,,0,,0,,0,,0,2026-08-18,86420
86423,Kangaskhan,Triumphant,36/102,0.7,,0,,0,,0,,0,2026-08-18,86423
86447,Kingdra,Unleashed,17/95,3.92,19.99,1,14,1,,0,,0,2026-08-18,86447
86468,Kirlia,Platinum,51/127,1.05,,0,,0,,0,,0,2026-08-18,86468
86528,Kricketot,Platinum,78/127,0.33,,0,,0,,0,,0,2026-08-18,86528
86530,Kricketot,Triumphant,65/102,0.81,,0,,0,,0,,0,2026-08-18,86530
86533,Kricketune,Platinum,32/127,1.19,,0,,0,,0,,0,2026-08-18,86533
86534,Kricketune,Triumphant,24/102,2.79,,0,,0,,0,,0,2026-08-18,86534
86553,Kyogre & Groudon Legend (Bottom),Undaunted,88/90,292,559.5,18,600,7,,0,,1,2026-08-18,86553
86554,Kyogre & Groudon Legend (Top),Undaunted,87/90,208.93,420.62,20,949,4,,0,,1,2026-08-18,86554
86582,Lairon,Undaunted,29/90,0.47,,0,,0,,0,,0,2026-08-18,86582
86583,Lairon,Triumphant,37/102,0.33,,0,,0,,0,,0,2026-08-18,86583
86610,Lanturn,Unleashed,18/95,1.01,,0,,0,,0,,0,2026-08-18,86610
86619,Lapras,Platinum,79/127,2.49,,0,,0,,0,,0,2026-08-18,86619
86634,Larvitar,Aquapolis,089/147,9.26,,0,74.99,1,,0,,0,2026-08-18,86634
86643,Larvitar,Stormfront,63/100,6.29,,0,,0,,0,,0,2026-08-18,86643
86644,Larvitar (50),Unleashed,50/95,0.7,,0,,0,,0,,0,2026-08-18,86644
86645,Larvitar (51),Unleashed,51/95,0.46,,0,,0,,0,,0,2026-08-18,86645
86680,Leafeon,Undaunted,17/90,12.35,52.495,2,26.69,1,,0,,0,2026-08-18,86680
86701,Ledyba (72),Skyridge,072/144,15.97,,0,67.01,1,,0,,0,2026-08-18,86701
86709,Legend Box,Undaunted,75/90,0.35,,0,,0,,0,,0,2026-08-18,86709
86711,Level Max,Platinum,107/127,0.46,,0,,0,,0,,0,2026-08-18,86711
86713,Lickilicky,Platinum,33/127,1.59,,0,,0,,0,,0,2026-08-18,86713
86714,Lickilicky,Triumphant,38/102,0.56,,0,,0,,0,,0,2026-08-18,86714
86722,Lickitung,Platinum,80/127,9.5,,0,51.99,1,,0,,0,2026-08-18,86722
86723,Lickitung,Triumphant,66/102,0.39,,0,,0,,0,,0,2026-08-18,86723
86732,Life Herb,Platinum,108/127,0.31,,0,,0,,0,,0,2026-08-18,86732
86733,Life Herb,Unleashed,79/95,0.25,,0,,0,,0,,0,2026-08-18,86733
86754,Lightning Cube 01,Aquapolis,127/147,1.63,,0,23.5,1,,0,,0,2026-08-18,86754
86820,Lombre,Platinum,52/127,0.56,,0,,0,,0,,0,2026-08-18,86820
86822,Looker's Investigation,Platinum,109/127,0.99,,0,,0,,0,,0,2026-08-18,86822
86827,Lopunny,Arceus,21/99,7.13,,0,,0,,0,,0,2026-08-18,86827
86837,Lotad,Platinum,81/127,0.32,,0,,0,,0,,0,2026-08-18,86837
86838,Lotad (Shiny),Platinum,SH4,64.5,141.9,15,575.89,6,,0,,1,2026-08-18,86838
86878,Lucario,Platinum,53/127,6.67,17.4,1,,0,,0,,0,2026-08-18,86878
86880,Lucario,Unleashed,19/95,5.91,,0,9.5,1,,0,,0,2026-08-18,86880
86892,Lucky Egg,Arceus,88/99,0.61,,0,,0,,0,,0,2026-08-18,86892
86900,Ludicolo,Platinum,34/127,2.01,,0,,0,,0,,0,2026-08-18,86900
86922,Lumineon,Stormfront,4/100,4.76,25.494999999999997,7,75,11,,0,,1,2026-08-18,86922
86937,Luvdisc,Platinum,35/127,1.41,,0,,0,,0,,0,2026-08-18,86937
86938,Luvdisc,Triumphant,39/102,0.56,,0,,0,,0,,0,2026-08-18,86938
86942,Luxio,Arceus,43/99,0.5,,0,,0,,0,,0,2026-08-18,86942
86953,Luxury Ball,Stormfront,86/100,1.84,,0,34.99,1,,0,,0,2026-08-18,86953
86960,Machamp (16),Expedition,016/165,133.59,,0,249,2,,0,,0,2026-08-18,86960
86962,Machamp (51),Expedition,051/165,8.72,,0,25,1,,0,,0,2026-08-18,86962
86966,Machamp,Stormfront,20/100,6.54,18.99,1,,0,,0,,0,2026-08-18,86966
86967,Machamp,Triumphant,26/102,1.7,,0,49.57,1,,0,,0,2026-08-18,86967
86983,Machoke,Stormfront,41/100,2.89,,0,,0,,0,,0,2026-08-18,86983
86984,Machoke,Triumphant,40/102,0.35,,0,,0,,0,,0,2026-08-18,86984
86989,Machop,Skyridge,074/144,15.99,,0,40,1,,0,,0,2026-08-18,86989
86997,Machop,Stormfront,64/100,0.31,,0,,0,,0,,0,2026-08-18,86997
86998,Machop,Triumphant,67/102,0.29,,0,,0,,0,,0,2026-08-18,86998
87006,Magby,Triumphant,41/102,0.9,,0,,0,,0,,0,2026-08-18,87006
87017,Magcargo,Undaunted,6/90,30.51,29.99,5,44.99,1,,0,,0,2026-08-18,87017
87050,Magmar,Unleashed,52/95,0.4,,0,,0,,0,,0,2026-08-18,87050
87051,Magmar,Triumphant,42/102,0.48,,0,,0,,0,,0,2026-08-18,87051
87060,Magmortar,Triumphant,27/102,1.36,,0,,0,,0,,0,2026-08-18,87060
87071,Magnemite (91),Aquapolis,091/147,6.39,18.52,1,,0,,0,,0,2026-08-18,87071
87082,Magnemite (66),Stormfront,66/100,0.4,,0,,0,,0,,0,2026-08-18,87082
87083,Magnemite (67),Stormfront,67/100,0.44,,0,,0,,0,,0,2026-08-18,87083
87085,Magnemite,Triumphant,68/102,0.46,,0,,0,,0,,0,2026-08-18,87085
87108,Magneton (42),Stormfront,42/100,0.72,,0,,0,,0,,0,2026-08-18,87108
87109,Magneton (43),Stormfront,43/100,0.67,,0,,0,,0,,0,2026-08-18,87109
87110,Magneton,Triumphant,43/102,0.47,,0,,0,,0,,0,2026-08-18,87110
87114,Magnezone (5),Stormfront,5/100,2.57,33,7,127,3,,0,,0,2026-08-18,87114
87132,Makuhita,Arceus,68/99,0.3,,0,,0,,0,,0,2026-08-18,87132
87133,Makuhita,Undaunted,55/90,1.28,,0,,0,,0,,0,2026-08-18,87133
87139,Mamoswine,Stormfront,21/100,1.89,,0,,0,,0,,0,2026-08-18,87139
87163,Manectric (22),Arceus,22/99,0.62,,0,,0,,0,,0,2026-08-18,87163
87164,Manectric (44),Arceus,44/99,0.35,,0,,0,,0,,0,2026-08-18,87164
87176,Mankey,Unleashed,53/95,0.78,,0,,0,,0,,0,2026-08-18,87176
87203,Mareep,Platinum,82/127,11.46,,0,,0,,0,,0,2026-08-18,87203
87212,Marill,Aquapolis,053/147,24.74,150,1,,0,,0,,0,2026-08-18,87212
87215,Marill,Expedition,120/165,6.61,35.495000000000005,2,59.995000000000005,2,,0,,0,2026-08-18,87215
87223,Marley's Request,Stormfront,87/100,0.51,,0,,0,,0,,0,2026-08-18,87223
87225,Marowak,Aquapolis,054/147,13.74,,0,,0,,0,,0,2026-08-18,87225
87252,Master Ball,Expedition,143/165,2.48,7.07,1,79.99,1,,0,,0,2026-08-18,87252
87263,Mawile,Undaunted,56/90,0.57,,0,,0,,0,,0,2026-08-18,87263
87288,Meganium (18),Expedition,018/165,180.01,214.995,4,224.95,1,,0,,0,2026-08-18,87288
87289,Meganium (53),Expedition,053/165,14.24,12.25,3,36,1,,0,,0,2026-08-18,87289
87290,Meganium (54),Expedition,054/165,12.85,,0,,0,,0,,0,2026-08-18,87290
87306,Memory Berry,Platinum,110/127,0.4,,0,,0,,0,,0,2026-08-18,87306
87340,Metagross,Unleashed,4/95,16.17,39.99,7,105.99,5,,0,,1,2026-08-18,87340
87341,Metagross,Undaunted,18/90,2.89,,0,,0,,0,,0,2026-08-18,87341
87366,Metal Energy (Special),Undaunted,80/90,0.67,,0,,0,,0,,0,2026-08-18,87366
87369,Metal Energy,Aquapolis,143/147,8.12,,0,,0,,0,,0,2026-08-18,87369
87381,Metang,Unleashed,33/95,0.39,,0,,0,,0,,0,2026-08-18,87381
87382,Metang,Undaunted,30/90,0.38,,0,,0,,0,,0,2026-08-18,87382
87388,Metapod,Expedition,087/165,8.84,14.5,1,44.99,1,,0,,0,2026-08-18,87388
87396,Mew (19),Expedition,019/165,440,1825.495,16,11049.5,5,,0,,1,2026-08-18,87396
87418,Mewtwo (20),Expedition,020/165,409.05,575,5,2249.995,6,,0,,0,2026-08-18,87418
87420,Mewtwo (56),Expedition,056/165,81.97,60,1,,0,,0,,0,2026-08-18,87420
87435,Miasma Valley,Platinum,111/127,0.37,,0,,0,,0,,0,2026-08-18,87435
87448,Mightyena,Platinum,54/127,0.83,,0,,0,,0,,0,2026-08-18,87448
87462,Miltank,Aquapolis,094/147,9.26,,0,,0,,0,,0,2026-08-18,87462
87465,Miltank,Stormfront,44/100,0.78,,0,,0,,0,,0,2026-08-18,87465
87491,Minun,Unleashed,34/95,5.74,,0,,0,,0,,0,2026-08-18,87491
87498,Miracle Sphere Beta,Skyridge,130/144,2.95,,0,51,1,,0,,0,2026-08-18,87498
87499,Miracle Sphere Gamma,Skyridge,131/144,3.19,,0,,0,,0,,0,2026-08-18,87499
87508,Misdreavus,Stormfront,68/100,0.57,,0,,0,,0,,0,2026-08-18,87508
87509,Misdreavus,Platinum,83/127,0.37,,0,,0,,0,,0,2026-08-18,87509
87510,Misdreavus,Unleashed,54/95,0.38,,0,,0,,0,,0,2026-08-18,87510
87511,Misdreavus,Undaunted,57/90,0.43,,0,,0,,0,,0,2026-08-18,87511
87515,Mismagius,Stormfront,7/100,8.2,28.85,4,91.5,4,,0,,0,2026-08-18,87515
87516,Mismagius,Platinum,55/127,0.53,,0,,0,,0,,0,2026-08-18,87516
87518,Mismagius,Undaunted,19/90,2.05,,0,14.11,1,,0,,0,2026-08-18,87518
87572,Monferno,Platinum,56/127,0.88,,0,,0,,0,,0,2026-08-18,87572
87583,Mothim,Arceus,6/99,3.64,18.5,5,36.475,8,,0,,1,2026-08-18,87583
87620,Muk,Aquapolis,023/147,17.54,,0,51,1,,0,,0,2026-08-18,87620
87624,Muk,Platinum,57/127,0.75,,0,,0,,0,,0,2026-08-18,87624
87625,Muk,Undaunted,31/90,0.6,,0,,0,,0,,0,2026-08-18,87625
87635,Multi Technical Machine 01,Expedition,144/165,2.15,,0,8.5,1,,0,,0,2026-08-18,87635
87649,Murkrow,Skyridge,079/144,24.02,26.79,1,42.38,1,,0,,0,2026-08-18,87649
87655,Murkrow (58),Undaunted,58/90,0.42,,0,,0,,0,,0,2026-08-18,87655
87656,Murkrow (59),Undaunted,59/90,0.45,,0,,0,,0,,0,2026-08-18,87656
87670,Mystery Plate Alpha,Skyridge,133/144,5.3,,0,26.03,2,,0,,0,2026-08-18,87670
87673,Mystery Plate Gamma,Skyridge,135/144,5.06,,0,15,1,,0,,0,2026-08-18,87673
87683,Natu,Skyridge,080/144,4.71,,0,,0,,0,,0,2026-08-18,87683
87687,Natu,Unleashed,55/95,0.47,,0,,0,,0,,0,2026-08-18,87687
87710,Nidoqueen,Triumphant,28/102,2.09,,0,34.99,1,,0,,0,2026-08-18,87710
87714,Nidoran F (81),Skyridge,081/144,32.52,,0,,0,,0,,0,2026-08-18,87714
87716,Nidoran F (82),Skyridge,082/144,20.84,,0,,0,,0,,0,2026-08-18,87716
87720,Nidoran F,Triumphant,69/102,0.3,,0,,0,,0,,0,2026-08-18,87720
87725,Nidoran M,Aquapolis,096/147,10.57,,0,,0,,0,,0,2026-08-18,87725
87729,Nidoran M,Triumphant,70/102,0.33,,0,,0,,0,,0,2026-08-18,87729
87734,Nidorina,Skyridge,083/144,10.94,,0,,0,,0,,0,2026-08-18,87734
87738,Nidorina,Triumphant,45/102,0.53,,0,,0,,0,,0,2026-08-18,87738
87742,Nidorino,Aquapolis,055/147,6.29,,0,,0,,0,,0,2026-08-18,87742
87765,Ninetales (21),Expedition,021/165,92,150,1,350,2,,0,,0,2026-08-18,87765
87767,Ninetales (H19),Aquapolis,H19/H32,399.99,500,9,764.975,14,,0,,1,2026-08-18,87767
87768,Ninetales,Aquapolis,025/147,44.61,84.87,4,90,3,,0,,0,2026-08-18,87768
87773,Ninetales,Platinum,36/127,7.22,55.69,1,109.99,1,,0,,0,2026-08-18,87773
87776,Ninetales,Unleashed,20/95,13.52,,0,,0,,0,,0,2026-08-18,87776
87802,Nosepass,Platinum,84/127,0.45,,0,,0,,0,,0,2026-08-18,87802
87803,Nosepass,Arceus,69/99,0.4,,0,,0,,0,,0,2026-08-18,87803
87816,Numel,Unleashed,35/95,0.62,,0,,0,,0,,0,2026-08-18,87816
87829,Octillery,Aquapolis,026/147,11.11,,0,,0,,0,,0,2026-08-18,87829
87833,Octillery,Platinum,58/127,0.44,,0,,0,,0,,0,2026-08-18,87833
87839,Oddish,Aquapolis,097/147,18,30.96,1,,0,,0,,0,2026-08-18,87839
87845,Oddish,Undaunted,60/90,0.83,,0,,0,,0,,0,2026-08-18,87845
87849,Old Amber,Arceus,89/99,0.28,,0,,0,,0,,0,2026-08-18,87849
87861,Omanyte,Arceus,70/99,0.37,,0,,0,,0,,0,2026-08-18,87861
87883,Onix,Stormfront,69/100,0.45,,0,,0,,0,,0,2026-08-18,87883
87884,Onix (56),Unleashed,56/95,0.51,,0,,0,,0,,0,2026-08-18,87884
87885,Onix (57),Unleashed,57/95,0.3,,0,,0,,0,,0,2026-08-18,87885
87910,Palkia,Platinum,37/127,4.52,120,1,30,1,,0,,0,2026-08-18,87910
87949,Paras,Aquapolis,099/147,7.52,,0,,0,,0,,0,2026-08-18,87949
87978,Pelipper (24),Arceus,24/99,0.84,,0,,0,,0,,0,2026-08-18,87978
87979,Pelipper (45),Arceus,45/99,0.43,,0,,0,,0,,0,2026-08-18,87979
88013,Pichu (22),Expedition,022/165,299.99,1551.74,4,1099.995,6,,0,,0,2026-08-18,88013
88019,Pichu,Stormfront,45/100,6.25,39.99,3,87.5,2,,0,,0,2026-08-18,88019
88034,Pidgeot,Triumphant,29/102,11.66,,0,,0,,0,,0,2026-08-18,88034
88042,Pidgeotto,Triumphant,47/102,1.16,,0,,0,,0,,0,2026-08-18,88042
88051,Pidgey,Triumphant,71/102,0.73,,0,,0,,0,,0,2026-08-18,88051
88090,Pikachu,Stormfront,70/100,11.66,30,5,60,6,,0,,0,2026-08-18,88090
88097,Pikachu,Undaunted,61/90,13.04,55,4,54.99,12,,0,,1,2026-08-18,88097
88115,Piloswine (43),Skyridge,043/144,10.36,360,1,38.5,2,,0,,0,2026-08-18,88115
88119,Piloswine,Stormfront,46/100,0.59,,0,75.175,2,,0,,0,2026-08-18,88119
88120,Piloswine,Triumphant,48/102,0.4,,0,,0,,0,,0,2026-08-18,88120
88125,Pineco (86),Skyridge,086/144,14.11,,0,,0,,0,,0,2026-08-18,88125
88129,Pineco (62),Undaunted,62/90,0.3,,0,,0,,0,,0,2026-08-18,88129
88130,Pineco (63),Undaunted,63/90,0.35,,0,,0,,0,,0,2026-08-18,88130
88139,Pinsir,Undaunted,32/90,0.65,,0,,0,,0,,0,2026-08-18,88139
88171,Plusle,Unleashed,36/95,2.98,,0,,0,,0,,0,2026-08-18,88171
88178,PlusPower,Platinum,112/127,0.31,,0,,0,,0,,0,2026-08-18,88178
88179,PlusPower,Unleashed,80/95,0.64,,0,,0,,0,,0,2026-08-18,88179
88188,Poke Ball,Platinum,113/127,0.31,,0,,0,,0,,0,2026-08-18,88188
88195,Poke Blower +,Stormfront,88/100,0.64,,0,,0,,0,,0,2026-08-18,88195
88196,Poke Drawer +,Stormfront,89/100,1.76,,0,,0,,0,,0,2026-08-18,88196
88197,Poke Healer +,Stormfront,90/100,1.08,,0,,0,,0,,0,2026-08-18,88197
88203,Pokedex HANDY910is,Platinum,114/127,0.42,,0,,0,,0,,0,2026-08-18,88203
88216,Pokemon Circulator,Unleashed,81/95,0.33,,0,,0,,0,,0,2026-08-18,88216
88229,Pokemon Nurse,Expedition,145/165,13.21,,0,50.495000000000005,2,,0,,0,2026-08-18,88229
88230,Pokemon Park,Aquapolis,131/147,21.31,30,1,36.045,2,,0,,0,2026-08-18,88230
88233,Pokemon Rescue,Platinum,115/127,0.43,,0,,0,,0,,0,2026-08-18,88233
88238,Pokemon Reversal,Expedition,146/165,3.27,,0,21.99,1,,0,,0,2026-08-18,88238
88248,Politoed (25),Skyridge,025/144,58.31,105.98,1,15,1,,0,,0,2026-08-18,88248
88260,Poliwag,Unleashed,58/95,0.46,,0,,0,,0,,0,2026-08-18,88260
88268,Poliwhirl,Unleashed,37/95,4.33,,0,39.99,1,,0,,0,2026-08-18,88268
88271,Poliwrath (24),Expedition,024/165,72.49,385.01,10,925,5,,0,,1,2026-08-18,88271
88273,Poliwrath (26),Skyridge,026/144,61.04,,0,,0,,0,,0,2026-08-18,88273
88279,Poliwrath,Unleashed,21/95,4.1,,0,,0,,0,,0,2026-08-18,88279
88288,Ponyta,Stormfront,71/100,1.64,,0,,0,,0,,0,2026-08-18,88288
88289,Ponyta (46),Arceus,46/99,1.26,40,1,,0,,0,,0,2026-08-18,88289
88290,Ponyta (72),Arceus,72/99,0.4,,0,,0,,0,,0,2026-08-18,88290
88292,Ponyta,Triumphant,72/102,0.91,,0,,0,,0,,0,2026-08-18,88292
88301,Poochyena,Platinum,86/127,2.38,,0,,0,,0,,0,2026-08-18,88301
88307,Porygon (103b),Aquapolis,103b/147,7.42,,0,,0,,0,,0,2026-08-18,88307
88312,Porygon,Triumphant,73/102,0.36,,0,,0,,0,,0,2026-08-18,88312
88327,Porygon2,Triumphant,49/102,0.77,,0,7.5,1,,0,,0,2026-08-18,88327
88346,Potion,Stormfront,92/100,0.18,,0,,0,,0,,0,2026-08-18,88346
88353,Power Charge,Expedition,147/165,0.92,,0,8.5,1,,0,,0,2026-08-18,88353
88354,Power Plant,Aquapolis,139/147,4.37,12.5,1,16.285,2,,0,,0,2026-08-18,88354
88357,Premier Ball,Stormfront,91/100,0.97,,0,,0,,0,,0,2026-08-18,88357
88359,Primeape,Aquapolis,029/147,70.3,11.5,1,75,1,,0,,0,2026-08-18,88359
88365,Primeape,Unleashed,22/95,2.02,,0,,0,,0,,0,2026-08-18,88365
88377,Probopass,Platinum,60/127,0.43,,0,,0,,0,,0,2026-08-18,88377
88378,Probopass,Arceus,7/99,1.61,26.99,5,36.45,5,,0,,0,2026-08-18,88378
88406,Professor Oak's Visit,Arceus,90/99,0.41,,0,,0,,0,,0,2026-08-18,88406
88439,Psyduck,Platinum,87/127,23.81,67.5,3,129.735,3,,0,,0,2026-08-18,88439
88440,Psyduck,Triumphant,74/102,16.77,46,1,81.54499999999999,6,,0,,0,2026-08-18,88440
88446,Pupitar,Aquapolis,056/147,9.46,,0,,0,,0,,0,2026-08-18,88446
88447,Pupitar,Expedition,090/165,3.57,,0,,0,,0,,0,2026-08-18,88447
88452,Pupitar,Stormfront,47/100,0.57,,0,,0,,0,,0,2026-08-18,88452
88453,Pupitar (38),Unleashed,38/95,0.48,,0,,0,,0,,0,2026-08-18,88453
88454,Pupitar (39),Unleashed,39/95,0.56,,0,,0,,0,,0,2026-08-18,88454
88466,Purugly G,Platinum,88/127,0.49,,0,,0,,0,,0,2026-08-18,88466
88467,Quagsire,Aquapolis,030/147,93.03,50,3,,0,,0,,0,2026-08-18,88467
88483,Quilava,Expedition,091/165,10.12,,0,,0,,0,,0,2026-08-18,88483
88501,Raichu (25),Expedition,025/165,174.99,395,5,930,4,,0,,0,2026-08-18,88501
88505,Raichu (61),Expedition,061/165,18.06,25,1,49.99,1,,0,,0,2026-08-18,88505
88516,Raichu,Arceus,27/99,6.35,16,3,56,1,,0,,0,2026-08-18,88516
88547,Rainbow Energy,Platinum,121/127,1.29,,0,,0,,0,,0,2026-08-18,88547
88563,Ralts,Platinum,89/127,0.7,,0,,0,,0,,0,2026-08-18,88563
88584,Rapidash,Stormfront,22/100,5.03,,0,,0,,0,,0,2026-08-18,88584
88586,Rapidash (47),Arceus,47/99,0.78,,0,,0,,0,,0,2026-08-18,88586
88602,Raticate,Skyridge,089/144,12.99,29,1,35.41,2,,0,,0,2026-08-18,88602
88605,Raticate,Arceus,29/99,1.12,,0,,0,,0,,0,2026-08-18,88605
88606,Raticate,Undaunted,34/90,0.7,,0,,0,,0,,0,2026-08-18,88606
88613,Rattata,Skyridge,090/144,12.83,,0,,0,,0,,0,2026-08-18,88613
88619,Rattata,Arceus,73/99,0.38,,0,,0,,0,,0,2026-08-18,88619
88621,Rattata,Undaunted,64/90,0.61,,0,,0,,0,,0,2026-08-18,88621
88663,Regigigas,Stormfront,9/100,6.65,47.995000000000005,10,79.5,7,,0,,1,2026-08-18,88663
88698,Remoraid,Platinum,90/127,0.33,,0,,0,,0,,0,2026-08-18,88698
88699,Remoraid,Unleashed,59/95,0.3,,0,,0,,0,,0,2026-08-18,88699
88701,Rescue Energy,Triumphant,90/102,1.33,,0,,0,,0,,0,2026-08-18,88701
88756,Riolu,Platinum,91/127,0.6,8.5,1,1250,1,,0,,0,2026-08-18,88756
88757,Riolu,Unleashed,60/95,0.36,,0,,0,,0,,0,2026-08-18,88757
88821,Roselia,Stormfront,72/100,0.32,,0,,0,,0,,0,2026-08-18,88821
88823,Roselia,Unleashed,61/95,0.45,,0,,0,,0,,0,2026-08-18,88823
88828,Roserade,Stormfront,23/100,1.2,,0,,0,,0,,0,2026-08-18,88828
88830,Roserade,Unleashed,23/95,0.79,,0,,0,,0,,0,2026-08-18,88830
88839,Rotom,Undaunted,20/90,9.92,,0,,0,,0,,0,2026-08-18,88839
88846,Ruins Of Alph,Undaunted,76/90,0.5,,0,,0,,0,,0,2026-08-18,88846
88853,Sableye,Stormfront,48/100,6.83,19.99,1,,0,,0,,0,2026-08-18,88853
88854,Sableye,Undaunted,35/90,0.65,,0,,0,,0,,0,2026-08-18,88854
88893,Sage's Training,Undaunted,77/90,0.29,,0,,0,,0,,0,2026-08-18,88893
88898,Salamence,Stormfront,24/100,2.29,,0,59.99,1,,0,,0,2026-08-18,88898
88921,Sandshrew,Skyridge,092/144,35.15,,0,,0,,0,,0,2026-08-18,88921
88951,Sceptile (30),Arceus,30/99,3.64,60,1,,0,,0,,0,2026-08-18,88951
88952,Sceptile (31),Arceus,31/99,3.21,48,2,,0,,0,,0,2026-08-18,88952
88962,Scizor,Stormfront,25/100,9.56,44,1,,0,,0,,0,2026-08-18,88962
88996,Scyther (57),Aquapolis,057/147,30.67,,0,78.77,1,,0,,0,2026-08-18,88996
89001,Scyther,Stormfront,49/100,1.69,14.995000000000001,2,,0,,0,,0,2026-08-18,89001
89003,Scyther (36),Undaunted,36/90,1.5,35,1,42.5,4,,0,,0,2026-08-18,89003
89004,Scyther (65),Undaunted,65/90,0.91,,0,,0,,0,,0,2026-08-18,89004
89010,Seadra,Aquapolis,058/147,4.83,,0,,0,,0,,0,2026-08-18,89010
89016,Seadra,Unleashed,40/95,1.33,14,1,,0,,0,,0,2026-08-18,89016
89046,Seeker,Triumphant,88/102,4.45,14,1,120,2,,0,,0,2026-08-18,89046
89050,Seel (94),Skyridge,094/144,39.88,,0,71.5,1,,0,,0,2026-08-18,89050
89056,Seer,Aquapolis,133/147,3.33,20.145,2,9.99,1,,0,,0,2026-08-18,89056
89087,Seviper,Platinum,61/127,0.47,,0,,0,,0,,0,2026-08-18,89087
89101,Sharpedo,Triumphant,30/102,4.22,,0,,0,,0,,0,2026-08-18,89101
89106,Shaymin (38),Platinum,38/127,5.8,,0,59.99,1,,0,,0,2026-08-18,89106
89108,Shaymin (14),Platinum,14/127,30.11,24.994999999999997,4,97.49,5,,0,,0,2026-08-18,89108
89109,Shaymin,Unleashed,8/95,15.24,28.975,2,99.9,6,,0,,0,2026-08-18,89109
89114,Shaymin Lv.X (Land Forme),Platinum,126/127,87.84,136.25,6,624.99,7,,0,,1,2026-08-18,89114
89128,Shelgon,Stormfront,50/100,2.1,,0,,0,,0,,0,2026-08-18,89128
89129,Shelgon,Arceus,48/99,0.44,,0,,0,,0,,0,2026-08-18,89129
89151,Shieldon,Platinum,62/127,0.91,,0,,0,,0,,0,2026-08-18,89151
89177,Shinx,Arceus,74/99,0.38,,0,,0,,0,,0,2026-08-18,89177
89189,Shuckle,Skyridge,096/144,29.76,,0,,0,,0,,0,2026-08-18,89189
89201,Shuppet,Platinum,92/127,0.49,,0,,0,,0,,0,2026-08-18,89201
89202,Shuppet,Triumphant,75/102,0.59,,0,,0,,0,,0,2026-08-18,89202
89213,Silcoon,Platinum,63/127,0.44,,0,,0,,0,,0,2026-08-18,89213
89234,Skarmory (27),Expedition,027/165,62.83,211.5,9,558.325,2,,0,,0,2026-08-18,89234
89241,Skarmory,Stormfront,51/100,0.39,,0,,0,,0,,0,2026-08-18,89241
89242,Skarmory,Undaunted,21/90,0.46,,0,,0,,0,,0,2026-08-18,89242
89254,Skiploom,Aquapolis,060/147,19.22,18,1,,0,,0,,0,2026-08-18,89254
89268,Skitty,Platinum,93/127,0.75,,0,,0,,0,,0,2026-08-18,89268
89274,Skorupi,Stormfront,73/100,0.69,,0,,0,,0,,0,2026-08-18,89274
89276,Skorupi,Triumphant,76/102,0.33,,0,,0,,0,,0,2026-08-18,89276
89278,Skull Fossil,Platinum,120/127,0.24,,0,,0,,0,,0,2026-08-18,89278
89280,Skuntank,Stormfront,26/100,0.72,,0,,0,,0,,0,2026-08-18,89280
89282,Skuntank,Undaunted,37/90,0.36,,0,,0,,0,,0,2026-08-18,89282
89284,Skuntank G,Platinum,94/127,0.4,,0,,0,,0,,0,2026-08-18,89284
89299,Slakoth,Platinum,95/127,0.51,,0,,0,,0,,0,2026-08-18,89299
89302,Slowbro,Aquapolis,033/147,98.15,,0,,0,,0,,0,2026-08-18,89302
89308,Slowbro,Undaunted,38/90,11.35,,0,34,1,,0,,0,2026-08-18,89308
89338,Slugma (98),Skyridge,098/144,14.15,,0,60,1,,0,,0,2026-08-18,89338
89339,Slugma (99),Skyridge,099/144,25.94,,0,,0,,0,,0,2026-08-18,89339
89360,Smoochum,Aquapolis,061/147,13.17,,0,32.7,1,,0,,0,2026-08-18,89360
89371,Sneasel,Undaunted,68/90,0.48,,0,,0,,0,,0,2026-08-18,89371
89403,Snorunt,Arceus,75/99,3.97,50,1,,0,,0,,0,2026-08-18,89403
89406,Snover,Stormfront,74/100,0.3,,0,,0,,0,,0,2026-08-18,89406
89442,Spearow,Unleashed,62/95,0.38,,0,,0,,0,,0,2026-08-18,89442
89451,Spinarak (62),Aquapolis,062/147,9.42,,0,,0,,0,,0,2026-08-18,89451
89466,Spiritomb,Arceus,32/99,6.08,30,1,,0,,0,,0,2026-08-18,89466
89478,Spoink,Triumphant,77/102,0.36,,0,,0,,0,,0,2026-08-18,89478
89506,Stantler,Unleashed,64/95,0.42,,0,,0,,0,,0,2026-08-18,89506
89509,Staraptor,Stormfront,27/100,1.08,,0,,0,,0,,0,2026-08-18,89509
89516,Staravia,Stormfront,52/100,0.42,,0,,0,,0,,0,2026-08-18,89516
89524,Starly,Stormfront,75/100,0.37,,0,,0,,0,,0,2026-08-18,89524
89530,Starmie (44),Skyridge,044/144,24.21,33,2,,0,,0,,0,2026-08-18,89530
89562,Steelix,Stormfront,28/100,3.85,,0,,0,,0,,0,2026-08-18,89562
89564,Steelix (Prime),Unleashed,87/95,123.97,135,16,299.99,9,,0,,1,2026-08-18,89564
89577,Strength Charm,Expedition,150/165,1.88,10.51,1,,0,,0,,0,2026-08-18,89577
89586,Stunky,Stormfront,76/100,1.05,,0,,0,,0,,0,2026-08-18,89586
89587,Stunky,Undaunted,69/90,0.35,,0,,0,,0,,0,2026-08-18,89587
89591,Sudowoodo,Aquapolis,036/147,41.59,18,1,,0,,0,,0,2026-08-18,89591
89600,Suicune,Aquapolis,037/147,66.29,99.98,1,53.095,4,,0,,0,2026-08-18,89600
89609,Suicune & Entei Legend (Bottom),Unleashed,95/95,180,169.995,11,885,6,,0,,1,2026-08-18,89609
89635,Super Scoop Up,Expedition,151/165,2.65,27.490000000000002,2,8.5,3,,0,,0,2026-08-18,89635
89640,Super Scoop Up,Unleashed,83/95,0.73,,0,,0,,0,,0,2026-08-18,89640
89658,Swablu,Platinum,97/127,0.75,,0,,0,,0,,0,2026-08-18,89658
89659,Swablu (Shiny),Platinum,SH5,77.06,86,4,1249.5,3,,0,,0,2026-08-18,89659
89660,Swablu,Triumphant,78/102,0.51,,0,,0,,0,,0,2026-08-18,89660
89674,Swalot,Arceus,9/99,4.07,15.89,3,28.84,7,,0,,0,2026-08-18,89674
89704,Swinub,Stormfront,77/100,0.49,,0,,0,,0,,0,2026-08-18,89704
89705,Swinub,Triumphant,79/102,0.33,,0,,0,,0,,0,2026-08-18,89705
89717,Switch,Stormfront,93/100,0.43,,0,,0,,0,,0,2026-08-18,89717
89745,Tangela,Stormfront,78/100,0.39,,0,,0,,0,,0,2026-08-18,89745
89746,Tangela (76),Arceus,76/99,0.31,,0,,0,,0,,0,2026-08-18,89746
89747,Tangela (77),Arceus,77/99,0.42,,0,,0,,0,,0,2026-08-18,89747
89752,Tangrowth,Stormfront,29/100,1.11,,0,,0,,0,,0,2026-08-18,89752
89765,Tauros,Platinum,98/127,0.68,,0,,0,,0,,0,2026-08-18,89765
89766,Tauros,Unleashed,41/95,2.72,,0,,0,,0,,0,2026-08-18,89766
89805,Team Galactic's Invention G-101 Energy Gain,Platinum,116/127,2.09,,0,,0,,0,,0,2026-08-18,89805
89806,Team Galactic's Invention G-103 Power Spray,Platinum,117/127,1.78,,0,,0,,0,,0,2026-08-18,89806
89807,Team Galactic's Invention G-105 Poke Turn,Platinum,118/127,4.69,,0,,0,,0,,0,2026-08-18,89807
89852,Team Rocket's Trickery,Undaunted,78/90,0.4,,0,,0,,0,,0,2026-08-18,89852
89859,Teddiursa,Unleashed,65/95,0.76,,0,,0,,0,,0,2026-08-18,89859
89869,Tentacool,Triumphant,80/102,0.69,,0,34.97,1,,0,,0,2026-08-18,89869
89872,Tentacruel,Aquapolis,038/147,13.18,,0,64.95,1,,0,,0,2026-08-18,89872
89878,Tentacruel,Triumphant,50/102,0.59,,0,,0,,0,,0,2026-08-18,89878
89944,Togetic,Undaunted,39/90,0.71,,0,,0,,0,,0,2026-08-18,89944
89961,Torchic,Platinum,99/127,1.16,,0,,0,,0,,0,2026-08-18,89961
89971,Torkoal,Platinum,100/127,0.34,,0,,0,,0,,0,2026-08-18,89971
89972,Torkoal,Unleashed,25/95,0.86,,0,,0,,0,,0,2026-08-18,89972
89985,Torterra,Stormfront,11/100,13.34,43.995000000000005,7,208.68,6,,0,,1,2026-08-18,89985
89986,Torterra,Platinum,39/127,2.67,,0,,0,,0,,0,2026-08-18,89986
90009,Toxicroak,Arceus,11/99,2.97,27.490000000000002,3,71.78999999999999,6,,0,,0,2026-08-18,90009
90012,Toxicroak G,Platinum,40/127,1.45,,0,,0,,0,,0,2026-08-18,90012
90040,Treecko,Stormfront,79/100,0.6,,0,,0,,0,,0,2026-08-18,90040
90041,Treecko (78),Arceus,78/99,1.47,40,1,,0,,0,,0,2026-08-18,90041
90042,Treecko (79),Arceus,79/99,0.62,,0,,0,,0,,0,2026-08-18,90042
90061,Tropius,Unleashed,66/95,0.37,,0,,0,,0,,0,2026-08-18,90061
90062,Tropius,Undaunted,22/90,0.92,,0,,0,,0,,0,2026-08-18,90062
90080,Turtwig,Unleashed,67/95,0.71,,0,,0,,0,,0,2026-08-18,90080
90086,Twins,Triumphant,89/102,3.98,41,1,50,1,,0,,0,2026-08-18,90086
90100,Typhlosion (28),Expedition,028/165,200,199.97,12,,0,,0,,1,2026-08-18,90100
90121,Tyranitar,Unleashed,26/95,10.08,59.99,1,76,1,,0,,0,2026-08-18,90121
90122,Tyranitar (Prime),Unleashed,88/95,239.66,221.29,41,1600,25,,0,,1,2026-08-18,90122
90127,Tyrogue,Aquapolis,063/147,26.88,,0,,0,,0,,0,2026-08-18,90127
90133,Ultimate Zone,Arceus,91/99,0.41,,0,,0,,0,,0,2026-08-18,90133
90140,Umbreon (H30),Skyridge,H30/H32,,3930.435,4,5050.5,3,,0,,0,2026-08-18,90140
90145,Umbreon,Undaunted,10/90,96.83,259.845,44,598.995,28,,0,,1,2026-08-18,90145
90165,Unown,Triumphant,51/102,0.99,,0,,0,,0,,0,2026-08-18,90165
90254,Ursaring,Unleashed,27/95,1.35,,0,,0,,0,,0,2026-08-18,90254
90286,Vaporeon,Undaunted,41/90,11.39,45,2,75,3,,0,,0,2026-08-18,90286
90309,Venonat,Triumphant,81/102,0.32,,0,,0,,0,,0,2026-08-18,90309
90328,Vespiquen,Stormfront,31/100,0.74,,0,,0,,0,,0,2026-08-18,90328
90329,Vespiquen,Undaunted,23/90,0.82,,0,,0,,0,,0,2026-08-18,90329
90361,Victreebel,Aquapolis,042/147,11.41,300,1,,0,,0,,0,2026-08-18,90361
90371,Vigoroth,Platinum,64/127,0.37,,0,,0,,0,,0,2026-08-18,90371
90377,Vileplume (H31),Aquapolis,H31/H32,123.12,261,5,387.01,8,,0,,1,2026-08-18,90377
90381,Vileplume,Undaunted,24/90,6.33,,0,,0,,0,,0,2026-08-18,90381
90400,Volbeat,Triumphant,82/102,0.34,,0,,0,,0,,0,2026-08-18,90400
90419,Voltorb (80),Stormfront,80/100,0.33,,0,,0,,0,,0,2026-08-18,90419
90420,Voltorb (81),Stormfront,81/100,0.26,,0,,0,,0,,0,2026-08-18,90420
90422,Voltorb,Triumphant,83/102,0.33,,0,,0,,0,,0,2026-08-18,90422
90442,Vulpix,Platinum,102/127,1.19,14.99,1,,0,,0,,0,2026-08-18,90442
90445,Vulpix,Unleashed,68/95,3.92,36,1,12.82,3,,0,,0,2026-08-18,90445
90455,Wailmer,Triumphant,52/102,0.47,,0,,0,,0,,0,2026-08-18,90455
90461,Wailord,Triumphant,31/102,7.4,,0,12.5,1,,0,,0,2026-08-18,90461
90472,Warp Energy,Aquapolis,147/147,8.2,,0,17.77,1,,0,,0,2026-08-18,90472
90475,Warp Energy,Stormfront,95/100,2.52,,0,,0,,0,,0,2026-08-18,90475
90477,Warp Point,Expedition,152/165,3.08,,0,23.28,2,,0,,0,2026-08-18,90477
90485,Wartortle,Expedition,092/165,24.24,,0,85,4,,0,,0,2026-08-18,90485
90500,Water Cube 01,Aquapolis,140/147,1.83,12.5,1,,0,,0,,0,2026-08-18,90500
90540,Weedle (114),Skyridge,114/144,36.98,32,1,57.995000000000005,6,,0,,0,2026-08-18,90540
90546,Weedle,Unleashed,69/95,0.49,,0,,0,,0,,0,2026-08-18,90546
90551,Weepinbell,Aquapolis,065/147,12.06,,0,,0,,0,,0,2026-08-18,90551
90555,Weepinbell,Triumphant,53/102,0.51,,0,,0,,0,,0,2026-08-18,90555
90595,Wigglytuff,Skyridge,034/144,39.87,,0,78.33,3,,0,,0,2026-08-18,90595
90610,Wingull (80),Arceus,80/99,0.39,,0,,0,,0,,0,2026-08-18,90610
90611,Wingull (81),Arceus,81/99,0.38,,0,,0,,0,,0,2026-08-18,90611
90630,Wooper (66),Aquapolis,066/147,92.23,52,1,103.5,1,,0,,0,2026-08-18,90630
90641,Wormadam Plant Cloak,Arceus,49/99,0.32,,0,,0,,0,,0,2026-08-18,90641
90644,Wormadam Sandy Cloak,Arceus,50/99,0.31,,0,,0,,0,,0,2026-08-18,90644
90646,Wormadam Trash Cloak,Arceus,51/99,0.33,,0,,0,,0,,0,2026-08-18,90646
90652,Wurmple,Platinum,103/127,3.73,,0,,0,,0,,0,2026-08-18,90652
90688,Yanma,Triumphant,84/102,0.34,,0,24.97,1,,0,,0,2026-08-18,90688
90693,Yanmega,Triumphant,54/102,0.33,,0,,0,,0,,0,2026-08-18,90693
90707,Zangoose,Platinum,66/127,1.24,30.15,1,,0,,0,,0,2026-08-18,90707
90769,Zubat (118),Skyridge,118/144,39.76,36.57,1,36.57,3,,0,,0,2026-08-18,90769
90776,Zubat,Unleashed,70/95,0.49,,0,,0,,0,,0,2026-08-18,90776
106519,Ditto (3),Fossil,03/62,117.05,57,1,,0,,0,,0,2026-08-18,106519
106520,Dragonite (4),Fossil,04/62,461.75,169.99,9,774.995,6,,0,,1,2026-08-18,106520
106521,Gengar (5),Fossil,05/62,601.49,187.995,11,1025.02,5,,0,,1,2026-08-18,106521
106522,Haunter (6),Fossil,06/62,148.43,105,5,218.555,6,,0,,0,2026-08-18,106522
113661,Caterpie,Generations,3/83,0.29,,0,,0,,0,,0,2026-08-18,113661
113662,Metapod,Generations,4/83,0.36,,0,,0,,0,,0,2026-08-18,113662
113663,Butterfree,Generations,5/83,3.59,15.5,2,22.525,4,,0,,0,2026-08-18,113663
113664,Paras,Generations,6/83,0.37,,0,,0,,0,,0,2026-08-18,113664
113665,Parasect,Generations,7/83,0.29,,0,,0,,0,,0,2026-08-18,113665
113666,Tangela,Generations,8/83,0.26,,0,,0,,0,,0,2026-08-18,113666
113667,Pinsir,Generations,9/83,0.33,,0,,0,,0,,0,2026-08-18,113667
113672,Ponyta,Generations,14/83,0.33,,0,,0,,0,,0,2026-08-18,113672
113673,Rapidash,Generations,15/83,0.67,,0,,0,,0,,0,2026-08-18,113673
113674,Magmar,Generations,16/83,0.24,,0,,0,,0,,0,2026-08-18,113674
113677,Shellder,Generations,19/83,0.19,,0,,0,,0,,0,2026-08-18,113677
113678,Cloyster,Generations,20/83,0.32,,0,,0,,0,,0,2026-08-18,113678
113679,Krabby,Generations,21/83,0.2,,0,,0,,0,,0,2026-08-18,113679
113680,Magikarp,Generations,22/83,0.78,8.875,2,25,4,,0,,0,2026-08-18,113680
113685,Raichu,Generations,27/83,2.81,17.38,3,35,1,,0,,0,2026-08-18,113685
113688,Zubat,Generations,30/83,0.25,,0,,0,,0,,0,2026-08-18,113688
113689,Golbat,Generations,31/83,0.29,,0,,0,,0,,0,2026-08-18,113689
113690,Slowpoke,Generations,32/83,0.52,,0,39.99,1,,0,,0,2026-08-18,113690
113691,Gastly,Generations,33/83,0.49,,0,,0,,0,,0,2026-08-18,113691
113692,Haunter,Generations,34/83,0.75,,0,,0,,0,,0,2026-08-18,113692
113694,Jynx,Generations,36/83,0.4,,0,,0,,0,,0,2026-08-18,113694
113696,Diglett,Generations,38/83,0.7,,0,,0,,0,,0,2026-08-18,113696
113697,Dugtrio,Generations,39/83,0.36,,0,,0,,0,,0,2026-08-18,113697
113698,Machop,Generations,40/83,0.25,,0,,0,,0,,0,2026-08-18,113698
113699,Machoke,Generations,41/83,0.42,,0,,0,,0,,0,2026-08-18,113699
113700,Machamp,Generations,42/83,1.49,,0,38.74,3,,0,,0,2026-08-18,113700
113701,Geodude,Generations,43/83,0.17,,0,,0,,0,,0,2026-08-18,113701
113702,Graveler,Generations,44/83,0.33,,0,,0,,0,,0,2026-08-18,113702
113703,Golem,Generations,45/83,1.95,,0,10.02,1,,0,,0,2026-08-18,113703
113705,Hitmonlee,Generations,47/83,0.48,,0,,0,,0,,0,2026-08-18,113705
113706,Hitmonchan,Generations,48/83,0.34,,0,,0,,0,,0,2026-08-18,113706
113707,Rhyhorn,Generations,49/83,0.21,,0,,0,,0,,0,2026-08-18,113707
113709,Clefable,Generations,51/83,0.41,,0,,0,,0,,0,2026-08-18,113709
113710,Mr. Mime,Generations,52/83,0.98,,0,,0,,0,,0,2026-08-18,113710
113711,Meowth,Generations,53/83,0.41,,0,,0,,0,,0,2026-08-18,113711
113712,Persian,Generations,54/83,0.36,,0,,0,,0,,0,2026-08-18,113712
113713,Doduo,Generations,55/83,0.27,,0,,0,,0,,0,2026-08-18,113713
113714,Dodrio,Generations,56/83,0.34,,0,,0,,0,,0,2026-08-18,113714
113715,Tauros,Generations,57/83,0.42,,0,,0,,0,,0,2026-08-18,113715
113716,Snorlax,Generations,58/83,5.36,23.99,1,50,3,,0,,0,2026-08-18,113716
113717,Clemont,Generations,59/83,0.3,,0,,0,,0,,0,2026-08-18,113717
113718,Crushing Hammer,Generations,60/83,0.31,,0,,0,,0,,0,2026-08-18,113718
113719,Energy Switch,Generations,61/83,0.23,,0,,0,,0,,0,2026-08-18,113719
113720,Evosoda,Generations,62/83,0.55,,0,,0,,0,,0,2026-08-18,113720
113722,Maintenance,Generations,64/83,0.21,,0,,0,,0,,0,2026-08-18,113722
113723,Max Revive,Generations,65/83,0.28,,0,,0,,0,,0,2026-08-18,113723
113724,Olympia,Generations,66/83,0.31,,0,,0,,0,,0,2026-08-18,113724
113725,Poke Ball,Generations,67/83,0.17,,0,,0,,0,,0,2026-08-18,113725
113726,Pokemon Center Lady,Generations,68/83,0.33,,0,,0,,0,,0,2026-08-18,113726
113727,Pokemon Fan Club,Generations,69/83,0.38,,0,,0,,0,,0,2026-08-18,113727
113728,Revitalizer,Generations,70/83,0.84,,0,,0,,0,,0,2026-08-18,113728
113729,Red Card,Generations,71/83,0.38,,0,,0,,0,,0,2026-08-18,113729
113730,Shauna,Generations,72/83,0.17,,0,,0,,0,,0,2026-08-18,113730
113731,Team Flare Grunt,Generations,73/83,0.43,,0,,0,,0,,0,2026-08-18,113731
113732,Double Colorless Energy,Generations,74/83,0.66,,0,,0,,0,,0,2026-08-18,113732
113733,Grass Energy,Generations,75/83,0.5,,0,,0,,0,,0,2026-08-18,113733
113734,Fire Energy,Generations,76/83,0.76,,0,,0,,0,,0,2026-08-18,113734
113735,Water Energy,Generations,77/83,0.73,,0,,0,,0,,0,2026-08-18,113735
113736,Lightning Energy,Generations,78/83,0.51,,0,,0,,0,,0,2026-08-18,113736
113737,Psychic Energy,Generations,79/83,0.49,,0,,0,,0,,0,2026-08-18,113737
113738,Fighting Energy,Generations,80/83,0.39,,0,,0,,0,,0,2026-08-18,113738
113739,Darkness Energy,Generations,81/83,0.88,,0,,0,,0,,0,2026-08-18,113739
113740,Metal Energy,Generations,82/83,0.68,,0,,0,,0,,0,2026-08-18,113740
113741,Fairy Energy,Generations,83/83,0.8,,0,,0,,0,,0,2026-08-18,113741
250296,Dialga,Celebrations,020/025,0.23,,0,,0,,0,,0,2026-08-18,250296
250297,Cosmoem,Celebrations,014/025,0.27,,0,,0,,0,,0,2026-08-18,250297
250298,Kyogre,Celebrations,003/025,0.32,,0,,0,,0,,0,2026-08-18,250298
250299,Zamazenta V,Celebrations,018/025,0.77,,0,,0,,0,,0,2026-08-18,250299
250300,Ho-Oh,Celebrations,001/025,0.35,,0,,0,,0,,0,2026-08-18,250300
250301,Reshiram,Celebrations,002/025,0.24,,0,,0,,0,,0,2026-08-18,250301
250302,Palkia,Celebrations,004/025,0.24,,0,,0,,0,,0,2026-08-18,250302
250310,Xerneas,Celebrations,012/025,0.28,,0,,0,,0,,0,2026-08-18,250310
250311,Cosmog,Celebrations,013/025,0.34,,0,,0,,0,,0,2026-08-18,250311
250312,Lunala,Celebrations,015/025,0.38,,0,,0,,0,,0,2026-08-18,250312
250313,Zacian V,Celebrations,016/025,0.8,,0,,0,,0,,0,2026-08-18,250313
250314,Groudon,Celebrations,017/025,0.33,,0,,0,,0,,0,2026-08-18,250314
250315,Yveltal,Celebrations,019/025,0.28,,0,,0,,0,,0,2026-08-18,250315
250316,Solgaleo,Celebrations,021/025,0.32,,0,,0,,0,,0,2026-08-18,250316
250318,Professor's Research [Professor Oak],Celebrations,023/025,0.3,,0,,0,,0,,0,2026-08-18,250318
251048,Code Card - Celebrations Collection [Dragapult Prime],Celebrations,,0.5,,0,,0,,0,,0,2026-08-18,251048
251049,Code Card - Celebrations Booster Pack,Celebrations,,0.22,,0,,0,,0,,0,2026-08-18,251049
251050,Code Card - Celebrations Collection [Dark Sylveon V],Celebrations,,0.06,,0,,0,,0,,0,2026-08-18,251050
251051,Code Card - Celebrations Collection [Lance's Charizard V],Celebrations,,0.08,,0,,0,,0,,0,2026-08-18,251051
251052,Code Card - Celebrations Collection [Pikachu V-UNION],Celebrations,,0.41,,0,,0,,0,,0,2026-08-18,251052
251054,Code Card - Celebrations Premium Figure Collection [Pikachu VMAX],Celebrations,,0.13,,0,,0,,0,,0,2026-08-18,251054
251055,Code Card - Celebrations Collector Chest,Celebrations,,0.11,,0,,0,,0,,0,2026-08-18,251055
251056,Code Card - Celebrations Ultra-Premium Collection,Celebrations,,3.18,,0,,0,,0,,0,2026-08-18,251056
251057,Code Card - Celebrations Deluxe Pin Collection [Zacian LV. X],Celebrations,,0.09,,0,,0,,0,,0,2026-08-18,251057
251218,Code Card - Celebrations Elite Trainer Box,Celebrations,,0.2,,0,,0,,0,,0,2026-08-18,251218
251219,Code Card - Celebrations Pokemon Center Elite Trainer Box (Exclusive),Celebrations,,1.19,,0,,0,,0,,0,2026-08-18,251219
252418,Code Card - Red & Blue Collection [Blastoise EX],Generations,,3,,0,,0,,0,,0,2026-08-18,252418
252419,Code Card - Red & Blue Collection [Charizard EX],Generations,,3,,0,,0,,0,,0,2026-08-18,252419
252420,Code Card - Red & Blue Collection [Pikachu EX],Generations,,4,,0,,0,,0,,0,2026-08-18,252420
252421,Code Card - Red & Blue Collection [Venusaur EX],Generations,,3,,0,,0,,0,,0,2026-08-18,252421
252431,Code Card - Mythical Pokemon Collection Box [Arceus],Generations,,2,,0,,0,,0,,0,2026-08-18,252431
252432,Code Card - Mythical Pokemon Collection Box [Celebi],Generations,,1,,0,,0,,0,,0,2026-08-18,252432
252433,Code Card - Mythical Pokemon Collection Box [Darkrai],Generations,,1.5,,0,,0,,0,,0,2026-08-18,252433
252434,Code Card - Mythical Pokemon Collection Box [Genesect],Generations,,2.95,,0,,0,,0,,0,2026-08-18,252434
252435,Code Card - Mythical Pokemon Collection Box [Jirachi],Generations,,2,,0,,0,,0,,0,2026-08-18,252435
252436,Code Card - Mythical Pokemon Collection Box [Keldeo],Generations,,2.95,,0,,0,,0,,0,2026-08-18,252436
252437,Code Card - Mythical Pokemon Collection Box [Manaphy],Generations,,1.9,,0,,0,,0,,0,2026-08-18,252437
252440,Code Card - Mythical Pokemon Collection Box [Meloetta],Generations,,4.95,,0,,0,,0,,0,2026-08-18,252440
252441,Code Card - Mythical Pokemon Collection Box [Mew],Generations,,2,,0,,0,,0,,0,2026-08-18,252441
252442,Code Card - Mythical Pokemon Collection Box [Shaymin],Generations,,3,,0,,0,,0,,0,2026-08-18,252442
252443,Code Card - Mythical Pokemon Collection Box [Victini],Generations,,2.48,,0,,0,,0,,0,2026-08-18,252443
252462,Code Card - Super-Premium Collection [Mew & Mewtwo],Generations,,5.99,,0,,0,,0,,0,2026-08-18,252462
257525,Code Card - Celebrations Special Collection - V Memories,Celebrations,,0.24,,0,,0,,0,,0,2026-08-18,257525
270861,Code Card - Mythical Collection Box [Volcanion],Generations,,1,,0,,0,,0,,0,2026-08-18,270861
491227,Code Card - Pokemon Celebrations Tin [Dark Sylveon V],Celebrations,,0.2,,0,,0,,0,,0,2026-08-18,491227
600060,Geodude (Stamped),Generations,043/083,15,,0,,0,,0,,0,2026-08-18,600060
600428,Ponyta,Celebrations,014/083,,,0,,0,,0,,0,2026-08-18,600428
